model,task,sample_idx,metric,seq_len_tokens,seq_len_chars,token_entropy,gzip_ratio,unique_token_ratio,question_position,newline_density,score_c0,cr_c0,score_c1,cr_c1,score_c2,cr_c2,score_c3,cr_c3,score_c4,cr_c4,score_c5,cr_c5,best_quality_config,best_quality_score,best_iso_tau_0.99,best_iso_tau_0.95,best_iso_tau_0.90
phi3,2wikimqa,0,f1,8168,28692,9.0838,0.4218,0.2416,0.9997,0.0066,0.0,1.0,0.0,11.1727,0.0,5.8405,0.0,3.412,0.0,6.8359,0.0,6.8359,C0,0.0,C1,C1,C1
phi3,2wikimqa,1,f1,17806,62672,9.2774,0.3981,0.1838,0.9999,0.0057,0.222222,1.0,0.222222,11.1727,0.222222,5.8301,0.222222,3.412,0.222222,6.8359,0.222222,6.8359,C0,0.222222,C1,C1,C1
phi3,2wikimqa,2,f1,4605,17129,8.5506,0.4018,0.2836,0.9995,0.0109,0.0,1.0,0.0,11.1727,0.0,5.8334,0.0,3.412,0.0,6.8359,0.0,6.8359,C0,0.0,C1,C1,C1
phi3,2wikimqa,3,f1,8182,26490,8.3222,0.3843,0.1798,0.9997,0.008,0.363636,1.0,0.5,11.1727,0.5,5.8298,0.363636,3.412,0.5,6.8359,0.5,6.8359,C1,0.5,C1,C1,C1
phi3,2wikimqa,4,f1,7993,30077,9.0498,0.4025,0.246,0.9997,0.0051,0.0,1.0,0.0,11.1727,0.0,5.8414,0.0,3.412,0.0,6.8359,0.0,6.8359,C0,0.0,C1,C1,C1
phi3,2wikimqa,5,f1,16853,63474,9.3287,0.3858,0.1916,0.9999,0.0045,0.0,1.0,0.0,11.1727,0.0,5.8245,0.0,3.412,0.0,6.8359,0.0,6.8359,C0,0.0,C1,C1,C1
phi3,2wikimqa,6,f1,13035,48092,9.2182,0.403,0.2133,0.9998,0.0044,0.0,1.0,0.0,11.1727,0.0,5.8395,0.0,3.412,0.0,6.8359,0.0,6.8359,C0,0.0,C1,C1,C1
phi3,2wikimqa,7,f1,7219,26363,8.8367,0.3937,0.2352,0.9997,0.0077,0.0,1.0,0.0,11.1727,0.0,5.8376,0.0,3.412,0.0,6.8359,0.0,6.8359,C0,0.0,C1,C1,C1
phi3,2wikimqa,8,f1,6684,22599,8.8354,0.4226,0.2564,0.9996,0.0102,0.0,1.0,0.0,11.1727,0.0,5.8293,0.0,3.412,0.0,6.8359,0.0,6.8359,C0,0.0,C1,C1,C1
phi3,2wikimqa,9,f1,10137,36479,9.4949,0.4232,0.2575,0.9998,0.0089,0.0,1.0,0.0,11.1727,0.0,5.8444,0.0,3.412,0.0,6.8359,0.0,6.8359,C0,0.0,C1,C1,C1
phi3,2wikimqa,10,f1,7588,26415,9.3065,0.4482,0.2909,0.9997,0.0083,0.0,1.0,0.0,11.1727,0.0,5.8363,0.0,3.412,0.0,6.8359,0.0,6.8359,C0,0.0,C1,C1,C1
phi3,2wikimqa,11,f1,7733,24808,9.0608,0.3527,0.2211,0.9996,0.0123,1.0,1.0,1.0,11.1727,1.0,5.8383,1.0,3.412,1.0,6.8359,1.0,6.8359,C0,1.0,C1,C1,C1
phi3,2wikimqa,12,f1,4993,16191,8.7184,0.4612,0.3168,0.9994,0.0146,0.8,1.0,0.8,11.1727,0.8,5.8044,0.8,3.412,0.8,6.8359,0.8,6.8359,C0,0.8,C1,C1,C1
phi3,2wikimqa,13,f1,16231,59643,9.0801,0.3694,0.1724,0.9998,0.005,0.0,1.0,0.0,11.1727,0.0,5.823,0.0,3.412,0.0,6.8359,0.0,6.8359,C0,0.0,C1,C1,C1
phi3,2wikimqa,14,f1,7091,22292,8.9722,0.4388,0.242,0.9996,0.0082,0.0,1.0,0.0,11.1727,0.0,5.8228,0.0,3.412,0.0,6.8359,0.0,6.8359,C0,0.0,C1,C1,C1
phi3,2wikimqa,15,f1,5860,20096,7.8153,0.3382,0.1797,0.9996,0.0043,0.0,1.0,0.0,11.1727,0.0,5.8285,0.0,3.412,0.0,6.8359,0.0,6.8359,C0,0.0,C1,C1,C1
phi3,2wikimqa,16,f1,16595,61863,9.2581,0.3833,0.189,0.9999,0.0047,0.0,1.0,0.0,11.1727,0.0,5.836,0.0,3.412,0.0,6.8359,0.0,6.8359,C0,0.0,C1,C1,C1
phi3,2wikimqa,17,f1,6314,22652,9.033,0.4276,0.2932,0.9996,0.0079,0.0,1.0,0.0,11.1727,0.0,5.835,0.0,3.412,0.0,6.8359,0.0,6.8359,C0,0.0,C1,C1,C1
phi3,2wikimqa,18,f1,7177,24101,8.9108,0.4376,0.2745,0.9996,0.0093,0.0,1.0,0.0,11.1727,0.0,5.8276,0.0,3.412,0.0,6.8359,0.0,6.8359,C0,0.0,C1,C1,C1
phi3,2wikimqa,19,f1,10746,36831,8.9311,0.4129,0.2138,0.9998,0.0094,0.0,1.0,0.0,11.1727,0.0,5.8324,0.0,3.412,0.0,6.8359,0.0,6.8359,C0,0.0,C1,C1,C1
phi3,gov_report,0,rouge1,12431,53640,8.4609,0.283,0.1228,0.6293,0.0001,0.285714,1.0,0.247557,11.1727,0.343195,5.8204,0.322767,3.412,0.268116,6.8359,0.261194,6.8359,C2,0.343195,C2,C2,C4
phi3,gov_report,1,rouge1,22021,92252,9.0279,0.3043,0.1217,0.9202,0.0001,0.282209,1.0,0.256055,11.1727,0.263804,5.8379,0.253012,3.412,0.3,6.8359,0.295775,6.8359,C4,0.3,C4,C4,C1
phi3,gov_report,2,rouge1,9907,38930,7.9861,0.2741,0.1215,,0.0002,0.450704,1.0,0.263514,11.1727,0.344371,5.8312,0.358491,3.412,0.335616,6.8359,0.346667,6.8359,C0,0.450704,C0,C0,C0
phi3,gov_report,3,rouge1,3194,13938,8.3534,0.3637,0.2621,,0.0005,0.347826,1.0,0.320856,10.1959,0.37551,5.8246,0.295455,3.412,0.301676,6.2383,0.331492,6.2383,C2,0.37551,C2,C5,C1
phi3,gov_report,4,rouge1,16443,65941,8.8002,0.3124,0.1325,0.6288,0.0001,0.346241,1.0,0.199488,11.1727,0.343675,5.8233,0.324826,3.412,0.26738,6.8359,0.230769,6.8359,C0,0.346241,C2,C2,C2
phi3,gov_report,5,rouge1,10767,43358,8.5397,0.2968,0.1357,,0.0002,0.429412,1.0,0.313589,11.1727,0.373832,5.8239,0.420118,3.412,0.356364,6.8359,0.326996,6.8359,C0,0.429412,C0,C3,C3
phi3,gov_report,6,rouge1,9617,46529,8.6552,0.2849,0.1542,0.8959,0.0002,0.418367,1.0,0.216802,11.1727,0.428571,5.8297,0.395939,3.412,0.309456,6.8359,0.290801,6.8359,C2,0.428571,C2,C2,C2
phi3,gov_report,7,rouge1,7469,34367,8.4166,0.29,0.1612,,0.0002,0.300469,1.0,0.282297,11.1727,0.357798,5.829,0.278422,3.412,0.197861,6.8359,0.300752,6.8359,C2,0.357798,C5,C5,C1
phi3,gov_report,8,rouge1,3450,14349,7.895,0.3348,0.2087,,0.0005,0.398936,1.0,0.243626,11.0131,0.433862,5.8187,0.483117,3.412,0.29375,6.7383,0.311526,6.7383,C3,0.483117,C2,C2,C2
phi3,gov_report,9,rouge1,24607,102565,8.852,0.2931,0.1011,,0.0001,0.291161,1.0,0.26055,11.1727,0.283761,5.8135,0.302817,3.412,0.203125,6.8359,0.185111,6.8359,C3,0.302817,C3,C2,C2
phi3,gov_report,10,rouge1,7193,32826,8.6567,0.3445,0.2169,0.2857,0.0002,0.344371,1.0,0.277154,11.1727,0.298387,5.8406,0.273063,3.412,0.272727,6.8359,0.262948,6.8359,C0,0.344371,C0,C0,C0
phi3,gov_report,11,rouge1,4950,19201,8.1364,0.3423,0.1867,,0.0004,0.35,1.0,0.260163,11.1727,0.360313,5.8219,0.37594,3.412,0.237681,6.8359,0.301136,6.8359,C3,0.37594,C2,C2,C2
phi3,gov_report,12,rouge1,7811,38155,8.8445,0.3184,0.2029,,0.0002,0.356383,1.0,0.244898,11.1727,0.397933,5.8164,0.397959,3.412,0.267477,6.8359,0.255072,6.8359,C3,0.397959,C2,C2,C2
phi3,gov_report,13,rouge1,5634,24989,8.2752,0.3122,0.188,,0.0003,0.346667,1.0,0.219101,11.1727,0.415094,5.8103,0.408269,3.412,0.311927,6.8359,0.244776,6.8359,C2,0.415094,C2,C2,C2
phi3,gov_report,14,rouge1,6764,27046,8.7397,0.3681,0.2222,0.9979,0.0003,0.318841,1.0,0.2,11.1727,0.304038,5.839,0.330969,3.412,0.254848,6.8359,0.214689,6.8359,C3,0.330969,C3,C2,C2
phi3,gov_report,15,rouge1,6762,30185,8.8434,0.3677,0.249,0.993,0.0002,0.290909,1.0,0.225108,11.1727,0.261194,5.8392,0.277551,3.412,0.201835,6.8359,0.226891,6.8359,C0,0.290909,C0,C3,C3
phi3,gov_report,16,rouge1,4960,22425,8.5551,0.3415,0.2492,0.9084,0.0003,0.371429,1.0,0.33557,11.1727,0.377358,5.8285,0.315789,3.412,0.35461,6.8359,0.315018,6.8359,C2,0.377358,C2,C4,C1
phi3,gov_report,17,rouge1,20700,95443,8.6994,0.2647,0.105,0.949,0.0001,0.371501,1.0,0.25731,11.1727,0.291317,5.8297,0.336088,3.412,0.233766,6.8359,0.269939,6.8359,C0,0.371501,C0,C0,C3
phi3,gov_report,18,rouge1,5441,22492,8.2413,0.3152,0.1823,,0.0003,0.504792,1.0,0.356061,11.1727,0.486486,5.8311,0.510204,3.412,0.330645,6.8359,0.368421,6.8359,C3,0.510204,C3,C2,C2
phi3,gov_report,19,rouge1,3320,15225,8.3874,0.3663,0.2777,,0.0005,0.362445,1.0,0.25,10.5982,0.373333,5.8294,0.38914,3.412,0.260204,6.4844,0.267717,6.4844,C3,0.38914,C2,C2,C2
phi3,hotpotqa,0,f1,13564,54414,9.3472,0.3765,0.2018,0.9998,0.0039,0.333333,1.0,0.333333,11.1727,0.333333,5.847,0.333333,3.412,0.333333,6.8359,0.333333,6.8359,C0,0.333333,C1,C1,C1
phi3,hotpotqa,1,f1,18986,72455,9.295,0.3635,0.1748,0.9999,0.003,0.333333,1.0,0.333333,11.1727,0.333333,5.8309,0.333333,3.412,0.333333,6.8359,0.333333,6.8359,C0,0.333333,C1,C1,C1
phi3,hotpotqa,2,f1,13323,48472,9.3623,0.4002,0.2114,0.9998,0.0059,0.4,1.0,0.190476,11.1727,0.2,5.8424,0.4,3.412,0.190476,6.8359,0.4,6.8359,C0,0.4,C5,C5,C5
phi3,hotpotqa,3,f1,19618,77553,9.5243,0.3832,0.1946,0.9999,0.0046,0.0,1.0,0.0,11.1727,0.0,5.8209,0.0,3.412,0.0,6.8359,0.0,6.8359,C0,0.0,C1,C1,C1
phi3,hotpotqa,4,f1,19955,80361,8.0245,0.2523,0.1286,0.9999,0.0402,0.666667,1.0,0.666667,11.1727,0.666667,5.8362,0.666667,3.412,0.666667,6.8359,0.666667,6.8359,C0,0.666667,C1,C1,C1
phi3,hotpotqa,5,f1,5724,19649,8.5988,0.4065,0.2416,0.9995,0.0062,0.666667,1.0,1.0,11.1727,0.666667,5.8417,0.666667,3.412,1.0,6.8359,1.0,6.8359,C1,1.0,C1,C1,C1
phi3,hotpotqa,6,f1,19778,75436,9.3576,0.3785,0.1664,0.9999,0.004,0.0,1.0,0.0,11.1727,0.0,5.8371,0.0,3.412,0.0,6.8359,0.0,6.8359,C0,0.0,C1,C1,C1
phi3,hotpotqa,7,f1,16188,58965,9.4485,0.3994,0.2006,0.9998,0.005,0.0,1.0,0.0,11.1727,0.0,5.8483,0.0,3.412,0.0,6.8359,0.0,6.8359,C0,0.0,C1,C1,C1
phi3,hotpotqa,8,f1,11692,42966,9.4947,0.4149,0.2525,0.9998,0.0056,0.0,1.0,0.0,11.1727,0.0,5.8435,0.0,3.412,0.0,6.8359,0.0,6.8359,C0,0.0,C1,C1,C1
phi3,hotpotqa,9,f1,13815,47315,8.5928,0.3591,0.1527,0.9998,0.0066,0.4,1.0,0.4,11.1727,0.4,5.8228,0.4,3.412,0.4,6.8359,0.4,6.8359,C0,0.4,C1,C1,C1
phi3,hotpotqa,10,f1,18775,67481,9.1655,0.393,0.1847,0.9999,0.0047,0.0,1.0,0.0,11.1727,0.4,5.8522,0.0,3.412,0.0,6.8359,0.0,6.8359,C2,0.4,C1,C1,C1
phi3,hotpotqa,11,f1,19579,76568,9.3464,0.37,0.1813,0.9999,0.0039,0.222222,1.0,0.222222,11.1727,0.222222,5.8243,0.222222,3.412,0.222222,6.8359,0.222222,6.8359,C0,0.222222,C1,C1,C1
phi3,hotpotqa,12,f1,4227,16166,8.9987,0.4285,0.3281,0.9994,0.0067,0.0,1.0,0.0,11.1727,0.0,5.8226,0.0,3.412,0.0,6.8359,0.0,6.8359,C0,0.0,C1,C1,C1
phi3,hotpotqa,13,f1,16031,61276,9.2292,0.3763,0.1871,0.9999,0.0043,0.222222,1.0,0.222222,11.1727,0.0,5.8241,0.222222,3.412,0.222222,6.8359,0.0,6.8359,C0,0.222222,C1,C1,C1
phi3,hotpotqa,14,f1,16242,48910,9.1788,0.4153,0.1963,0.9998,0.0082,0.0,1.0,0.0,11.1727,0.0,5.8287,0.0,3.412,0.0,6.8359,0.0,6.8359,C0,0.0,C1,C1,C1
phi3,hotpotqa,15,f1,17465,62696,9.2358,0.3783,0.1738,0.9999,0.0062,0.0,1.0,0.0,11.1727,0.0,5.8173,0.0,3.412,0.0,6.8359,0.0,6.8359,C0,0.0,C1,C1,C1
phi3,hotpotqa,16,f1,13054,44633,8.8228,0.3814,0.1789,0.9998,0.0071,0.0,1.0,0.0,11.1727,0.0,5.8317,0.0,3.412,0.0,6.8359,0.0,6.8359,C0,0.0,C1,C1,C1
phi3,hotpotqa,17,f1,18658,72591,9.6424,0.3882,0.2057,0.9999,0.0034,0.0,1.0,0.0,11.1727,0.0,5.8331,0.0,3.412,0.0,6.8359,0.0,6.8359,C0,0.0,C1,C1,C1
phi3,hotpotqa,18,f1,18915,69660,9.1353,0.3726,0.1578,0.9999,0.0033,0.4,1.0,0.0,11.1727,0.4,5.8428,0.4,3.412,0.4,6.8359,0.4,6.8359,C0,0.4,C4,C4,C4
phi3,hotpotqa,19,f1,17313,69032,9.3504,0.3848,0.1983,0.9999,0.004,0.666667,1.0,0.666667,11.1727,0.666667,5.8269,0.666667,3.412,0.666667,6.8359,0.666667,6.8359,C0,0.666667,C1,C1,C1
phi3,multi_news,0,rouge1,3200,12628,8.3113,0.3998,0.3081,0.8747,0.001,0.255507,1.0,0.22807,10.2151,0.290323,5.8442,0.273438,3.412,0.211055,6.25,0.230415,6.25,C2,0.290323,C2,C2,C5
phi3,multi_news,1,rouge1,3522,13328,8.1746,0.3761,0.2641,0.69,0.0011,0.382838,1.0,0.271062,11.1727,0.398625,5.8418,0.363636,3.412,0.30303,6.8359,0.295082,6.8359,C2,0.398625,C2,C2,C2
phi3,multi_news,2,rouge1,1013,3710,7.6225,0.4417,0.388,,0.003,0.485804,1.0,0.32491,3.2337,0.520635,5.7594,0.481605,3.412,0.355401,1.9785,0.372624,1.9785,C2,0.520635,C2,C2,C2
phi3,multi_news,3,rouge1,4918,18731,7.4752,0.3172,0.2025,0.9764,0.0006,0.215278,1.0,0.205357,11.1727,0.221402,5.8457,0.261745,3.412,0.257732,6.8359,0.244344,6.8359,C3,0.261745,C4,C1,C1
phi3,multi_news,4,rouge1,3593,13401,8.5164,0.428,0.3103,0.6453,0.001,0.278261,1.0,0.186495,11.1727,0.245955,5.8576,0.259494,3.412,0.224422,6.8359,0.22069,6.8359,C0,0.278261,C0,C0,C3
phi3,multi_news,5,rouge1,4637,18395,8.6592,0.4005,0.2838,0.8686,0.0009,0.230769,1.0,0.217391,11.1727,0.197183,5.8333,0.276316,3.412,0.233333,6.8359,0.204778,6.8359,C3,0.276316,C4,C4,C1
phi3,multi_news,6,rouge1,1502,5610,8.0866,0.4419,0.3755,0.7381,0.002,0.230769,1.0,0.189024,4.7947,0.22963,5.82,0.24918,3.412,0.186916,2.9336,0.179931,2.9336,C3,0.24918,C2,C2,C2
phi3,multi_news,7,rouge1,4511,18745,8.5106,0.3706,0.2687,0.8836,0.0006,0.293333,1.0,0.277778,11.1727,0.333333,5.8256,0.266667,3.412,0.338164,6.8359,0.28972,6.8359,C4,0.338164,C4,C4,C1
phi3,multi_news,8,rouge1,2676,10063,7.8708,0.3696,0.253,,0.0013,0.4125,1.0,0.260163,8.5424,0.430034,5.8322,0.416667,3.412,0.4,5.2266,0.365957,5.2266,C2,0.430034,C2,C2,C2
phi3,multi_news,9,rouge1,1366,5082,8.0878,0.4583,0.4151,0.9603,0.0022,0.349693,1.0,0.236066,4.3606,0.356923,5.8141,0.372372,3.412,0.303797,2.668,0.286567,2.668,C3,0.372372,C2,C2,C2
phi3,multi_news,10,rouge1,8916,34688,8.9032,0.3478,0.2075,,0.0004,0.35474,1.0,0.265372,11.1727,0.387283,5.8492,0.348083,3.412,0.351351,6.8359,0.346939,6.8359,C2,0.387283,C4,C4,C4
phi3,multi_news,11,rouge1,2310,8923,7.8661,0.3751,0.281,,0.0012,0.380952,1.0,0.372549,7.374,0.397004,5.8436,0.322807,3.412,0.438356,4.5117,0.382353,4.5117,C4,0.438356,C2,C1,C1
phi3,multi_news,12,rouge1,3239,13280,8.0551,0.3243,0.2368,,0.001,0.324111,1.0,0.253394,10.3396,0.342007,5.855,0.34981,3.412,0.357488,6.3262,0.379147,6.3262,C5,0.379147,C4,C4,C4
phi3,multi_news,13,rouge1,3557,14203,8.0919,0.3576,0.2452,,0.0009,0.322581,1.0,0.221106,11.1727,0.269767,5.8321,0.316498,3.412,0.327684,6.8359,0.298969,6.8359,C4,0.327684,C4,C4,C4
phi3,multi_news,14,rouge1,1060,3980,7.6884,0.4372,0.4019,,0.0028,0.30363,1.0,0.226244,3.3837,0.330383,5.7573,0.316151,3.412,0.246667,2.0703,0.259259,2.0703,C2,0.330383,C2,C2,C2
phi3,multi_news,15,rouge1,3279,12552,8.1923,0.3785,0.2736,,0.0009,0.337662,1.0,0.236162,10.4673,0.344828,5.8471,0.325581,3.412,0.285714,6.4043,0.278481,6.4043,C2,0.344828,C2,C2,C2
phi3,multi_news,16,rouge1,2424,8902,7.9847,0.4151,0.2921,0.3315,0.0012,0.255072,1.0,0.165468,7.7379,0.255892,5.8603,0.296296,3.412,0.226277,4.7344,0.253623,4.7344,C3,0.296296,C2,C2,C2
phi3,multi_news,17,rouge1,1846,7308,8.2636,0.4353,0.3857,,0.0015,0.305195,1.0,0.21097,5.8928,0.300654,5.8423,0.283912,3.412,0.240283,3.6055,0.212928,3.6055,C0,0.305195,C0,C2,C2
phi3,multi_news,18,rouge1,5268,22086,8.546,0.3711,0.2532,0.9707,0.0005,0.282895,1.0,0.180451,11.1727,0.325879,5.8302,0.28013,3.412,0.261538,6.8359,0.221344,6.8359,C2,0.325879,C2,C2,C4
phi3,multi_news,19,rouge1,1778,6950,7.6331,0.3736,0.2773,0.2747,0.0019,0.462687,1.0,0.131387,5.6758,0.453441,5.8296,0.492308,3.412,0.304569,3.4727,0.366782,3.4727,C3,0.492308,C3,C2,C2
phi3,multifieldqa_en,0,f1,1878,5225,7.1765,0.454,0.2694,0.9983,0.0188,1.0,1.0,1.0,5.995,0.75,5.8387,0.75,3.412,1.0,3.668,0.75,3.668,C0,1.0,C1,C1,C1
phi3,multifieldqa_en,1,f1,3571,14071,8.3318,0.3913,0.2817,0.9994,0.0068,1.0,1.0,1.0,11.1727,1.0,5.8532,1.0,3.412,1.0,6.8359,1.0,6.8359,C0,1.0,C1,C1,C1
phi3,multifieldqa_en,2,f1,11105,45349,9.0407,0.2622,0.1568,0.9998,0.0015,0.125,1.0,0.181818,11.1727,0.117647,5.8188,0.125,3.412,0.125,6.8359,0.125,6.8359,C1,0.181818,C1,C1,C1
phi3,multifieldqa_en,3,f1,8203,31608,8.2448,0.3094,0.1485,0.9997,0.003,0.285714,1.0,0.285714,11.1727,0.285714,5.8548,0.571429,3.412,0.571429,6.8359,0.571429,6.8359,C3,0.571429,C1,C1,C1
phi3,multifieldqa_en,4,f1,9042,33949,9.1804,0.3893,0.2213,0.9997,0.0111,0.285714,1.0,0.4,11.1727,0.285714,5.8385,0.285714,3.412,0.285714,6.8359,0.285714,6.8359,C1,0.4,C1,C1,C1
phi3,multifieldqa_en,5,f1,7601,19528,7.8461,0.3644,0.1349,0.9995,0.0277,0.428571,1.0,0.580645,11.1727,0.516129,5.8162,0.444444,3.412,0.428571,6.8359,0.428571,6.8359,C1,0.580645,C1,C1,C1
phi3,multifieldqa_en,6,f1,6807,20826,8.119,0.3338,0.1478,0.9996,0.0181,0.318182,1.0,0.48,11.1727,0.291667,5.8315,0.318182,3.412,0.413793,6.8359,0.413793,6.8359,C1,0.48,C1,C1,C1
phi3,multifieldqa_en,7,f1,5714,6000,7.0608,0.3659,0.0791,,0.0018,0.0,1.0,0.0,11.1727,0.0,5.7935,0.0,3.412,0.0,6.8359,0.0,6.8359,C0,0.0,C1,C1,C1
phi3,multifieldqa_en,8,f1,5428,21852,8.6892,0.3954,0.2732,0.9996,0.0053,0.8,1.0,0.8,11.1727,0.8,5.8378,0.8,3.412,0.8,6.8359,0.8,6.8359,C0,0.8,C1,C1,C1
phi3,multifieldqa_en,9,f1,3546,15563,8.2025,0.3579,0.2456,0.9994,0.0068,0.25,1.0,0.25,11.1727,0.25,5.8356,0.25,3.412,0.25,6.8359,0.25,6.8359,C0,0.25,C1,C1,C1
phi3,multifieldqa_en,10,f1,2316,8995,8.2001,0.4297,0.3338,0.999,0.0073,0.222222,1.0,0.235294,7.3932,0.689655,5.8629,0.222222,3.412,0.689655,4.5234,0.689655,4.5234,C2,0.689655,C1,C1,C1
phi3,multifieldqa_en,11,f1,6927,31240,8.6076,0.3354,0.1946,0.9997,0.0046,0.4,1.0,0.434783,11.1727,0.4,5.8378,0.4,3.412,0.4,6.8359,0.4,6.8359,C1,0.434783,C1,C1,C1
phi3,multifieldqa_en,12,f1,6075,21982,8.5643,0.3497,0.2058,0.9996,0.0022,0.21875,1.0,0.465116,11.1727,0.21875,5.8392,0.27907,3.412,0.285714,6.8359,0.35,6.8359,C1,0.465116,C1,C1,C1
phi3,multifieldqa_en,13,f1,17787,56541,7.9245,0.2042,0.0711,0.9998,0.0092,0.0,1.0,0.0,11.1727,0.0,5.8112,0.0,3.412,0.0,6.8359,0.0,6.8359,C0,0.0,C1,C1,C1
phi3,multifieldqa_en,14,f1,5690,14403,7.6309,0.4404,0.1858,0.9994,0.0044,0.0,1.0,0.0,11.1727,0.0,5.8241,0.0,3.412,0.0,6.8359,0.0,6.8359,C0,0.0,C1,C1,C1
phi3,multifieldqa_en,15,f1,11019,42138,9.0855,0.3951,0.1968,0.9998,0.0058,0.594595,1.0,0.545455,11.1727,0.594595,5.8387,0.594595,3.412,0.44898,6.8359,0.44898,6.8359,C0,0.594595,C2,C2,C1
phi3,multifieldqa_en,16,f1,9145,33274,9.0349,0.4012,0.221,0.9997,0.005,0.0,1.0,0.0,11.1727,0.516129,5.8439,0.0,3.412,0.0,6.8359,0.0,6.8359,C2,0.516129,C1,C1,C1
phi3,multifieldqa_en,17,f1,3936,13757,7.5537,0.2999,0.1646,0.9993,0.0118,0.0,1.0,0.0,11.1727,0.0,5.8133,0.0,3.412,0.0,6.8359,0.0,6.8359,C0,0.0,C1,C1,C1
phi3,multifieldqa_en,18,f1,5787,22974,8.3382,0.3478,0.1871,0.9996,0.0047,0.169492,1.0,0.208333,11.1727,0.163934,5.858,0.169492,3.412,0.208333,6.8359,0.175439,6.8359,C1,0.208333,C1,C1,C1
phi3,multifieldqa_en,19,f1,12334,44441,8.4331,0.3246,0.1252,0.9998,0.0038,0.511628,1.0,0.458333,11.1727,0.5,5.8118,0.5,3.412,0.536585,6.8359,0.536585,6.8359,C4,0.536585,C4,C4,C4
phi3,narrativeqa,0,f1,35533,127703,9.1441,0.3891,0.1224,0.9999,0.0184,0.25,1.0,0.173913,11.1727,0.25,5.8571,0.25,3.412,0.153846,6.8359,0.25,6.8359,C0,0.25,C5,C5,C5
phi3,narrativeqa,1,f1,41636,157714,9.3542,0.3887,0.1185,0.9999,0.0198,0.142857,1.0,0.153846,11.1727,0.142857,5.8555,0.142857,3.412,0.125,6.8359,0.153846,6.8359,C1,0.153846,C1,C1,C1
phi3,narrativeqa,2,f1,15179,56169,8.967,0.4016,0.1836,0.9998,0.0192,0.0,1.0,0.0,11.1727,0.0,5.853,0.0,3.412,0.0,6.8359,0.0,6.8359,C0,0.0,C1,C1,C1
phi3,narrativeqa,3,f1,18620,62691,9.0208,0.424,0.1744,0.9998,0.0201,0.2,1.0,0.206897,11.1727,0.181818,5.8466,0.173913,3.412,0.166667,6.8359,0.137931,6.8359,C1,0.206897,C1,C1,C1
phi3,narrativeqa,4,f1,64933,153856,7.6585,0.3571,0.0715,0.9999,0.0376,0.0,1.0,0.0,11.1727,0.0,5.8115,0.0,3.412,0.0,6.8359,0.0,6.8359,C0,0.0,C1,C1,C1
phi3,narrativeqa,5,f1,41882,150571,9.0279,0.3741,0.0873,0.9999,0.0201,0.117647,1.0,0.125,11.1727,0.117647,5.8565,0.117647,3.412,0.117647,6.8359,0.117647,6.8359,C1,0.125,C1,C1,C1
phi3,narrativeqa,6,f1,9840,34101,8.8763,0.4275,0.2163,0.9997,0.0259,0.0,1.0,0.0,11.1727,0.0,5.8478,0.0,3.412,0.0,6.8359,0.0,6.8359,C0,0.0,C1,C1,C1
phi3,narrativeqa,7,f1,13127,47169,9.1604,0.4168,0.2145,0.9998,0.0211,0.0,1.0,0.0,11.1727,0.0,5.858,0.0,3.412,0.0,6.8359,0.0,6.8359,C0,0.0,C1,C1,C1
phi3,narrativeqa,8,f1,41619,157653,9.3545,0.3887,0.1186,0.9999,0.0198,0.5,1.0,0.5,11.1727,0.5,5.8546,0.5,3.412,0.5,6.8359,0.5,6.8359,C0,0.5,C1,C1,C1
phi3,narrativeqa,9,f1,41626,157679,9.3544,0.3887,0.1186,0.9999,0.0198,0.0,1.0,0.0,11.1727,0.0,5.8543,0.0,3.412,0.0,6.8359,0.0,6.8359,C0,0.0,C1,C1,C1
phi3,narrativeqa,10,f1,44674,133473,8.4876,0.3687,0.0848,0.9999,0.0283,1.0,1.0,0.0,11.1727,0.666667,5.8432,1.0,3.412,1.0,6.8359,1.0,6.8359,C0,1.0,C4,C4,C4
phi3,narrativeqa,11,f1,35531,127699,9.144,0.3891,0.1224,0.9999,0.0184,0.0,1.0,0.0,11.1727,0.0,5.8541,0.0,3.412,0.0,6.8359,0.0,6.8359,C0,0.0,C1,C1,C1
phi3,narrativeqa,12,f1,13132,47216,9.1629,0.417,0.2147,0.9998,0.0211,0.0,1.0,0.0,11.1727,0.0,5.8578,0.0,3.412,0.0,6.8359,0.0,6.8359,C0,0.0,C1,C1,C1
phi3,narrativeqa,13,f1,41884,150560,9.0274,0.3741,0.0873,0.9999,0.0201,0.222222,1.0,0.222222,11.1727,0.111111,5.8572,0.222222,3.412,0.222222,6.8359,0.222222,6.8359,C0,0.222222,C1,C1,C1
phi3,narrativeqa,14,f1,35545,127757,9.1438,0.3891,0.1223,0.9999,0.0183,0.0,1.0,0.0,11.1727,0.0,5.8658,0.0,3.412,0.0,6.8359,0.0,6.8359,C0,0.0,C1,C1,C1
phi3,narrativeqa,15,f1,41884,150579,9.0278,0.374,0.0873,0.9999,0.0201,0.222222,1.0,0.25,11.1727,0.32,5.857,0.222222,3.412,0.222222,6.8359,0.222222,6.8359,C2,0.32,C1,C1,C1
phi3,narrativeqa,16,f1,13127,47179,9.1615,0.4169,0.2147,0.9998,0.0211,0.0,1.0,0.0,11.1727,0.0,5.8577,0.0,3.412,0.0,6.8359,0.0,6.8359,C0,0.0,C1,C1,C1
phi3,narrativeqa,17,f1,9844,34126,8.8759,0.4273,0.2161,0.9997,0.0259,0.0,1.0,0.5,11.1727,0.0,5.848,0.125,3.412,0.0,6.8359,0.0,6.8359,C1,0.5,C1,C1,C1
phi3,narrativeqa,18,f1,35450,134613,9.2399,0.3944,0.124,0.9999,0.019,0.095238,1.0,0.25,11.1727,0.25,5.8438,0.375,3.412,0.352941,6.8359,0.352941,6.8359,C3,0.375,C1,C1,C1
phi3,narrativeqa,19,f1,20925,76470,8.9716,0.3937,0.1544,0.9999,0.0167,0.222222,1.0,0.666667,11.1727,0.222222,5.8464,0.222222,3.412,0.222222,6.8359,0.222222,6.8359,C1,0.666667,C1,C1,C1
phi3,passage_count,0,count_em,18175,66383,8.7846,0.0991,0.0646,0.0041,0.0013,0.0,1.0,0.0,11.1727,0.0,5.8225,0.0,3.412,0.0,6.8359,0.0,6.8359,C0,0.0,C1,C1,C1
phi3,passage_count,1,count_em,24901,96790,8.6585,0.0536,0.036,0.0028,0.001,0.0,1.0,0.0,11.1727,0.0,5.8327,0.0,3.412,0.0,6.8359,0.0,6.8359,C0,0.0,C1,C1,C1
phi3,passage_count,2,count_em,21380,82313,9.3204,0.2315,0.1105,0.0033,0.0012,0.0,1.0,0.0,11.1727,0.0,5.8161,0.0,3.412,0.0,6.8359,0.0,6.8359,C0,0.0,C1,C1,C1
phi3,passage_count,3,count_em,19895,81159,9.723,0.3446,0.1812,0.8755,0.0009,0.0,1.0,0.0,11.1727,0.0,5.8143,0.0,3.412,0.0,6.8359,0.0,6.8359,C0,0.0,C1,C1,C1
phi3,passage_count,4,count_em,24145,96082,9.607,0.2716,0.1446,0.0028,0.0011,0.0,1.0,0.0,11.1727,0.0,5.8313,0.0,3.412,0.0,6.8359,0.0,6.8359,C0,0.0,C1,C1,C1
phi3,passage_count,5,count_em,12955,50472,9.4495,0.3389,0.2144,0.7383,0.0014,0.0,1.0,0.0,11.1727,0.0,5.8097,0.0,3.412,0.0,6.8359,0.0,6.8359,C0,0.0,C1,C1,C1
phi3,passage_count,6,count_em,18872,78503,9.301,0.2217,0.1214,0.0035,0.001,0.0,1.0,0.0,11.1727,0.0,5.8347,0.0,3.412,0.0,6.8359,0.0,6.8359,C0,0.0,C1,C1,C1
phi3,passage_count,7,count_em,14980,60783,9.3172,0.2047,0.1364,0.0045,0.0012,0.0,1.0,0.0,11.1727,0.0,5.8343,0.0,3.412,0.0,6.8359,0.0,6.8359,C0,0.0,C1,C1,C1
phi3,passage_count,8,count_em,19941,79574,8.7301,0.0863,0.0519,0.0034,0.001,0.0,1.0,0.0,11.1727,0.0,5.8323,0.0,3.412,0.0,6.8359,0.0,6.8359,C0,0.0,C1,C1,C1
phi3,passage_count,9,count_em,13189,54444,8.7765,0.1037,0.0797,0.005,0.001,0.0,1.0,0.0,11.1727,0.0,5.8106,0.0,3.412,0.0,6.8359,0.0,6.8359,C0,0.0,C1,C1,C1
phi3,passage_count,10,count_em,20293,82268,8.9121,0.1413,0.0779,0.7675,0.0011,0.0,1.0,0.0,11.1727,0.0,5.8395,0.0,3.412,0.0,6.8359,0.0,6.8359,C0,0.0,C1,C1,C1
phi3,passage_count,11,count_em,14681,58382,9.4822,0.3231,0.1791,0.3194,0.0011,0.0,1.0,0.0,11.1727,0.0,5.8184,0.0,3.412,0.0,6.8359,0.0,6.8359,C0,0.0,C1,C1,C1
phi3,passage_count,12,count_em,10596,40044,8.764,0.1457,0.1095,0.0068,0.0014,0.0,1.0,0.0,11.1727,0.0,5.8142,0.0,3.412,0.0,6.8359,0.0,6.8359,C0,0.0,C1,C1,C1
phi3,passage_count,13,count_em,19776,73884,8.6351,0.0728,0.0504,0.0037,0.0012,0.0,1.0,0.0,11.1727,1.0,5.8065,0.0,3.412,0.0,6.8359,0.0,6.8359,C2,1.0,C1,C1,C1
phi3,passage_count,14,count_em,19973,75746,9.6083,0.2807,0.1538,0.9876,0.0013,0.0,1.0,0.0,11.1727,0.0,5.8307,0.0,3.412,0.0,6.8359,0.0,6.8359,C0,0.0,C1,C1,C1
phi3,passage_count,15,count_em,8954,35076,9.1385,0.2584,0.1886,0.0078,0.0013,0.0,1.0,0.0,11.1727,0.0,5.8488,0.0,3.412,0.0,6.8359,0.0,6.8359,C0,0.0,C1,C1,C1
phi3,passage_count,16,count_em,13067,53076,9.1651,0.2223,0.1597,0.0051,0.0011,0.0,1.0,0.0,11.1727,0.0,5.8267,0.0,3.412,0.0,6.8359,0.0,6.8359,C0,0.0,C1,C1,C1
phi3,passage_count,17,count_em,19452,73969,8.7622,0.0915,0.0559,0.0037,0.001,0.0,1.0,0.0,11.1727,0.0,5.8249,0.0,3.412,0.0,6.8359,0.0,6.8359,C0,0.0,C1,C1,C1
phi3,passage_count,18,count_em,19677,75663,9.6018,0.3241,0.1607,0.6176,0.0011,0.0,1.0,0.0,11.1727,0.0,5.8228,0.0,3.412,0.0,6.8359,0.0,6.8359,C0,0.0,C1,C1,C1
phi3,passage_count,19,count_em,18293,72937,9.475,0.2935,0.1486,0.7509,0.001,0.0,1.0,0.0,11.1727,0.0,5.8032,0.0,3.412,0.0,6.8359,0.0,6.8359,C0,0.0,C1,C1,C1
phi3,qasper,0,f1,4587,20581,8.4733,0.355,0.2463,0.9995,0.0033,0.0,1.0,0.0,11.1727,0.0,5.8374,0.0,3.412,0.0,6.8359,0.0,6.8359,C0,0.0,C1,C1,C1
phi3,qasper,1,f1,5131,22074,8.6933,0.3531,0.2257,0.9995,0.0028,0.0,1.0,0.0,11.1727,0.0,5.8378,0.0,3.412,0.0,6.8359,0.0,6.8359,C0,0.0,C1,C1,C1
phi3,qasper,2,f1,4182,19082,8.4705,0.3517,0.2434,0.9995,0.0018,0.0,1.0,0.0,11.1727,0.0,5.841,0.0,3.412,0.0,6.8359,0.0,6.8359,C0,0.0,C1,C1,C1
phi3,qasper,3,f1,4717,18806,8.7281,0.3728,0.243,0.9995,0.003,0.470588,1.0,0.066667,11.1727,0.177778,5.8453,0.470588,3.412,0.133333,6.8359,0.142857,6.8359,C0,0.470588,C3,C3,C3
phi3,qasper,4,f1,8013,34512,8.6273,0.3301,0.1881,0.9997,0.0024,0.0,1.0,0.0,11.1727,0.0,5.8501,0.0,3.412,0.0,6.8359,0.0,6.8359,C0,0.0,C1,C1,C1
phi3,qasper,5,f1,4030,16144,8.6759,0.393,0.263,0.9994,0.0028,0.0,1.0,0.0,11.1727,0.0,5.8385,0.0,3.412,0.0,6.8359,0.0,6.8359,C0,0.0,C1,C1,C1
phi3,qasper,6,f1,4236,16671,8.499,0.3604,0.2288,0.9993,0.0027,0.170213,1.0,0.136364,11.1727,0.170213,5.8433,0.170213,3.412,0.181818,6.8359,0.181818,6.8359,C4,0.181818,C4,C4,C4
phi3,qasper,7,f1,6314,27249,8.3081,0.3177,0.1943,0.9996,0.0029,1.0,1.0,1.0,11.1727,1.0,5.8346,1.0,3.412,1.0,6.8359,1.0,6.8359,C0,1.0,C1,C1,C1
phi3,qasper,8,f1,6613,27801,8.2565,0.2843,0.1615,0.9996,0.0023,1.0,1.0,1.0,11.1727,1.0,5.8403,1.0,3.412,1.0,6.8359,1.0,6.8359,C0,1.0,C1,C1,C1
phi3,qasper,9,f1,6263,26744,8.7342,0.3251,0.2015,0.9996,0.0028,0.0,1.0,1.0,11.1727,1.0,5.8447,0.0,3.412,0.0,6.8359,0.0,6.8359,C1,1.0,C1,C1,C1
phi3,qasper,10,f1,8333,31417,8.687,0.3318,0.1634,0.9997,0.0029,0.0,1.0,0.0,11.1727,0.0,5.8383,0.0,3.412,0.0,6.8359,0.0,6.8359,C0,0.0,C1,C1,C1
phi3,qasper,11,f1,6438,25709,8.5352,0.3506,0.2046,0.9996,0.0031,0.0,1.0,0.0,11.1727,0.0,5.8481,0.0,3.412,0.0,6.8359,0.0,6.8359,C0,0.0,C1,C1,C1
phi3,qasper,12,f1,5026,22129,8.6998,0.3723,0.2445,0.9995,0.0026,0.0,1.0,0.0,11.1727,0.0,5.8348,0.0,3.412,0.0,6.8359,0.0,6.8359,C0,0.0,C1,C1,C1
phi3,qasper,13,f1,3450,14178,8.6453,0.4034,0.2887,0.9993,0.0033,0.083333,1.0,0.08,11.0131,0.2,5.8348,0.08,3.412,0.076923,6.7383,0.076923,6.7383,C2,0.2,C2,C1,C1
phi3,qasper,14,f1,8215,34064,8.7693,0.334,0.1795,0.9997,0.003,0.0,1.0,0.0,11.1727,0.0,5.8513,0.0,3.412,0.0,6.8359,0.0,6.8359,C0,0.0,C1,C1,C1
phi3,qasper,15,f1,3191,13171,8.2346,0.3493,0.2303,0.9992,0.0029,0.190476,1.0,0.1,10.1864,0.2,5.8618,0.190476,3.412,0.434783,6.2324,0.434783,6.2324,C4,0.434783,C4,C4,C4
phi3,qasper,16,f1,5532,22048,8.7101,0.3602,0.2137,0.9995,0.0025,0.2,1.0,0.0,11.1727,0.2,5.8415,0.2,3.412,0.0,6.8359,0.0,6.8359,C0,0.2,C2,C2,C2
phi3,qasper,17,f1,7524,32756,8.8946,0.3376,0.1999,0.9997,0.0027,0.0,1.0,0.0,11.1727,0.0,5.8429,0.0,3.412,0.0,6.8359,0.0,6.8359,C0,0.0,C1,C1,C1
phi3,qasper,18,f1,3355,14962,8.1749,0.3369,0.2358,0.9993,0.0022,0.0,1.0,0.5,10.7099,0.0,5.8378,0.0,3.412,0.0,6.5527,0.0,6.5527,C1,0.5,C1,C1,C1
phi3,qasper,19,f1,9134,39961,8.8485,0.3301,0.18,0.9997,0.0019,0.0,1.0,0.0,11.1727,0.0,5.8406,0.0,3.412,0.0,6.8359,0.0,6.8359,C0,0.0,C1,C1,C1
phi3,qmsum,0,rouge1,11744,41672,7.4061,0.272,0.0837,0.9911,0.0142,0.25,1.0,0.256,11.1727,0.212766,5.7884,0.243243,3.412,0.258503,6.8359,0.231884,6.8359,C4,0.258503,C1,C1,C1
phi3,qmsum,1,rouge1,17514,56671,7.4834,0.2885,0.0735,0.9998,0.0097,0.262295,1.0,0.25,11.1727,0.28169,5.8214,0.235294,3.412,0.295082,6.8359,0.3,6.8359,C5,0.3,C4,C1,C1
phi3,qmsum,2,rouge1,18645,60790,7.6354,0.308,0.08,0.9999,0.0162,0.309524,1.0,0.320988,11.1727,0.282828,5.7992,0.318182,3.412,0.292135,6.8359,0.292135,6.8359,C1,0.320988,C1,C1,C1
phi3,qmsum,3,rouge1,28791,96263,7.5653,0.2853,0.0597,0.9999,0.0092,0.282609,1.0,0.243902,11.1727,0.237624,5.8232,0.23913,3.412,0.2,6.8359,0.212766,6.8359,C0,0.282609,C0,C0,C0
phi3,qmsum,4,rouge1,6556,22945,7.3355,0.2929,0.1228,0.9996,0.0139,0.296875,1.0,0.307692,11.1727,0.29703,5.8066,0.293103,3.412,0.365385,6.8359,0.333333,6.8359,C4,0.365385,C1,C1,C1
phi3,qmsum,5,rouge1,18108,71346,8.571,0.3307,0.112,0.9975,0.0024,0.231884,1.0,0.263158,11.1727,0.201005,5.8317,0.239316,3.412,0.244604,6.8359,0.265625,6.8359,C5,0.265625,C1,C1,C1
phi3,qmsum,6,rouge1,11743,41676,7.4066,0.2723,0.0837,0.9998,0.0142,0.191781,1.0,0.25974,11.1727,0.309524,5.7883,0.186667,3.412,0.186667,6.8359,0.189189,6.8359,C2,0.309524,C1,C1,C1
phi3,qmsum,7,rouge1,34548,143787,9.1416,0.3143,0.1003,0.9999,0.0028,0.372881,1.0,0.367347,11.1727,0.384615,5.8167,0.313725,3.412,0.481481,6.8359,0.481481,6.8359,C4,0.481481,C4,C1,C1
phi3,qmsum,8,rouge1,20137,70557,7.7899,0.3149,0.0839,0.9932,0.0077,0.211921,1.0,0.192593,11.1727,0.222222,5.8136,0.179487,3.412,0.167939,6.8359,0.181818,6.8359,C2,0.222222,C2,C2,C1
phi3,qmsum,9,rouge1,14432,61340,8.5859,0.325,0.1287,0.9892,0.0021,0.32,1.0,0.218182,11.1727,0.277372,5.8217,0.248175,3.412,0.260163,6.8359,0.197674,6.8359,C0,0.32,C0,C0,C0
phi3,qmsum,10,rouge1,12176,40796,7.1649,0.2594,0.0748,0.946,0.0161,0.246377,1.0,0.220183,11.1727,0.20339,5.7988,0.267606,3.412,0.188976,6.8359,0.224,6.8359,C3,0.267606,C3,C3,C5
phi3,qmsum,11,rouge1,12331,40990,7.5517,0.3031,0.0914,0.9817,0.0086,0.131387,1.0,0.245614,11.1727,0.18,5.8116,0.148148,3.412,0.206186,6.8359,0.183673,6.8359,C1,0.245614,C1,C1,C1
phi3,qmsum,12,rouge1,9874,32494,7.0415,0.2571,0.0741,0.986,0.0146,0.1875,1.0,0.233333,11.1727,0.228571,5.7924,0.230769,3.412,0.265487,6.8359,0.277778,6.8359,C5,0.277778,C1,C1,C1
phi3,qmsum,13,rouge1,14832,52225,7.5206,0.2842,0.0933,0.9998,0.0152,0.310345,1.0,0.297872,11.1727,0.254902,5.8012,0.272727,3.412,0.262626,6.8359,0.262626,6.8359,C0,0.310345,C0,C1,C1
phi3,qmsum,14,rouge1,20507,66906,7.4211,0.282,0.0621,0.9921,0.0104,0.301887,1.0,0.229167,11.1727,0.260163,5.8154,0.313725,3.412,0.29703,6.8359,0.326923,6.8359,C5,0.326923,C5,C4,C4
phi3,qmsum,15,rouge1,16078,50567,6.7591,0.2331,0.0616,0.9823,0.0187,0.228571,1.0,0.224299,11.1727,0.185567,5.7854,0.161616,3.412,0.173913,6.8359,0.161616,6.8359,C0,0.228571,C0,C1,C1
phi3,qmsum,16,rouge1,29057,120528,9.1833,0.3251,0.1188,0.9999,0.003,0.181818,1.0,0.277778,11.1727,0.183673,5.8281,0.18018,3.412,0.212766,6.8359,0.215054,6.8359,C1,0.277778,C1,C1,C1
phi3,qmsum,17,rouge1,14403,49902,7.447,0.2706,0.0786,0.9998,0.0134,0.245283,1.0,0.268293,11.1727,0.28866,5.8128,0.293333,3.412,0.285714,6.8359,0.352941,6.8359,C5,0.352941,C1,C1,C1
phi3,qmsum,18,rouge1,20510,66930,7.4218,0.2821,0.0622,0.9918,0.0104,0.222222,1.0,0.19802,11.1727,0.229167,5.8158,0.236364,3.412,0.25,6.8359,0.217391,6.8359,C4,0.25,C4,C4,C4
phi3,qmsum,19,rouge1,6226,20018,6.6605,0.2514,0.0951,0.9814,0.0191,0.163265,1.0,0.243243,11.1727,0.22449,5.7895,0.183486,3.412,0.195122,6.8359,0.272727,6.8359,C5,0.272727,C1,C1,C1
phi3,trec,0,accuracy,5659,22067,7.6254,0.316,0.2447,0.9997,0.0234,1.0,1.0,1.0,11.1727,1.0,5.824,1.0,3.412,1.0,6.8359,1.0,6.8359,C0,1.0,C1,C1,C1
phi3,trec,1,accuracy,8193,31651,7.6468,0.3048,0.2135,0.9998,0.0244,0.0,1.0,0.0,11.1727,0.0,5.824,0.0,3.412,0.0,6.8359,0.0,6.8359,C0,0.0,C1,C1,C1
phi3,trec,2,accuracy,12529,48491,7.8454,0.3009,0.1888,0.9999,0.0241,0.0,1.0,0.0,11.1727,0.0,5.8234,0.0,3.412,0.0,6.8359,0.0,6.8359,C0,0.0,C1,C1,C1
phi3,trec,3,accuracy,3792,14683,7.4511,0.3373,0.2698,0.9995,0.0236,1.0,1.0,1.0,11.1727,1.0,5.8224,1.0,3.412,1.0,6.8359,1.0,6.8359,C0,1.0,C1,C1,C1
phi3,trec,4,accuracy,11586,44441,7.8192,0.3009,0.197,0.9998,0.0242,0.0,1.0,0.0,11.1727,0.0,5.82,0.0,3.412,0.0,6.8359,0.0,6.8359,C0,0.0,C1,C1,C1
phi3,trec,5,accuracy,4912,18986,7.3812,0.309,0.2321,0.9996,0.0249,1.0,1.0,1.0,11.1727,1.0,5.8229,1.0,3.412,1.0,6.8359,1.0,6.8359,C0,1.0,C1,C1,C1
phi3,trec,6,accuracy,3248,12633,7.5027,0.3374,0.2879,0.9994,0.0237,0.0,1.0,0.0,10.3683,0.0,5.8261,0.0,3.412,0.0,6.3438,0.0,6.3438,C0,0.0,C1,C1,C1
phi3,trec,7,accuracy,10569,40923,7.7685,0.2964,0.1988,0.9998,0.024,1.0,1.0,1.0,11.1727,1.0,5.8261,1.0,3.412,1.0,6.8359,1.0,6.8359,C0,1.0,C1,C1,C1
phi3,trec,8,accuracy,12109,46752,7.8662,0.3025,0.1947,0.9999,0.0238,1.0,1.0,1.0,11.1727,1.0,5.8289,1.0,3.412,1.0,6.8359,1.0,6.8359,C0,1.0,C1,C1,C1
phi3,trec,9,accuracy,8959,34486,7.7388,0.3026,0.2091,0.9998,0.0239,1.0,1.0,1.0,11.1727,1.0,5.825,1.0,3.412,1.0,6.8359,1.0,6.8359,C0,1.0,C1,C1,C1
phi3,trec,10,accuracy,12649,48978,7.956,0.304,0.1941,0.9999,0.0231,1.0,1.0,1.0,11.1727,1.0,5.8224,1.0,3.412,1.0,6.8359,1.0,6.8359,C0,1.0,C1,C1,C1
phi3,trec,11,accuracy,11785,45731,7.8926,0.3034,0.1958,0.9998,0.0235,1.0,1.0,1.0,11.1727,1.0,5.8211,1.0,3.412,1.0,6.8359,1.0,6.8359,C0,1.0,C1,C1,C1
phi3,trec,12,accuracy,3191,12440,7.3655,0.3334,0.2833,0.9994,0.0239,0.0,1.0,0.0,10.1864,0.0,5.8269,0.0,3.412,0.0,6.2324,0.0,6.2324,C0,0.0,C1,C1,C1
phi3,trec,13,accuracy,11544,44636,7.8476,0.3005,0.1989,0.9998,0.0237,0.0,1.0,0.0,11.1727,0.0,5.8213,0.0,3.412,0.0,6.8359,0.0,6.8359,C0,0.0,C1,C1,C1
phi3,trec,14,accuracy,9770,37582,7.7466,0.3041,0.2036,0.9998,0.0242,1.0,1.0,1.0,11.1727,1.0,5.8216,1.0,3.412,1.0,6.8359,1.0,6.8359,C0,1.0,C1,C1,C1
phi3,trec,15,accuracy,10228,39237,7.7527,0.3005,0.1993,0.9998,0.024,1.0,1.0,1.0,11.1727,1.0,5.8301,1.0,3.412,1.0,6.8359,1.0,6.8359,C0,1.0,C1,C1,C1
phi3,trec,16,accuracy,10141,39057,7.788,0.3051,0.2037,0.9998,0.0238,1.0,1.0,1.0,11.1727,1.0,5.8249,1.0,3.412,1.0,6.8359,1.0,6.8359,C0,1.0,C1,C1,C1
phi3,trec,17,accuracy,7226,27941,7.7544,0.3159,0.2265,0.9997,0.0237,1.0,1.0,1.0,11.1727,1.0,5.8206,1.0,3.412,1.0,6.8359,1.0,6.8359,C0,1.0,C1,C1,C1
phi3,trec,18,accuracy,6890,26687,7.6812,0.3149,0.2306,0.9997,0.0241,1.0,1.0,1.0,11.1727,1.0,5.8168,1.0,3.412,1.0,6.8359,1.0,6.8359,C0,1.0,C1,C1,C1
phi3,trec,19,accuracy,12802,49551,7.8017,0.2964,0.188,0.9999,0.0241,0.0,1.0,0.0,11.1727,0.0,5.8272,0.0,3.412,0.0,6.8359,0.0,6.8359,C0,0.0,C1,C1,C1
phi3,triviaqa,0,f1,6625,23489,9.0855,0.4315,0.2892,0.9711,0.0139,1.0,1.0,1.0,11.1727,1.0,5.8204,1.0,3.412,1.0,6.8359,1.0,6.8359,C0,1.0,C1,C1,C1
phi3,triviaqa,1,f1,23890,85780,9.9234,0.4154,0.2025,0.9999,0.012,1.0,1.0,1.0,11.1727,1.0,5.8288,1.0,3.412,1.0,6.8359,1.0,6.8359,C0,1.0,C1,C1,C1
phi3,triviaqa,2,f1,15623,55689,9.6065,0.4137,0.2249,0.9998,0.0096,1.0,1.0,1.0,11.1727,1.0,5.83,1.0,3.412,1.0,6.8359,1.0,6.8359,C0,1.0,C1,C1,C1
phi3,triviaqa,3,f1,13263,47493,9.4741,0.4216,0.2376,0.9998,0.0106,0.363636,1.0,0.363636,11.1727,0.363636,5.8215,0.363636,3.412,0.363636,6.8359,0.363636,6.8359,C0,0.363636,C1,C1,C1
phi3,triviaqa,4,f1,10044,36757,9.6179,0.4334,0.2845,0.9997,0.0094,1.0,1.0,1.0,11.1727,1.0,5.8177,1.0,3.412,1.0,6.8359,1.0,6.8359,C0,1.0,C1,C1,C1
phi3,triviaqa,5,f1,12399,44556,9.6,0.4275,0.2424,0.9998,0.0077,1.0,1.0,1.0,11.1727,1.0,5.8277,1.0,3.412,1.0,6.8359,1.0,6.8359,C0,1.0,C1,C1,C1
phi3,triviaqa,6,f1,12295,40413,9.3678,0.4218,0.2262,0.9998,0.0199,1.0,1.0,1.0,11.1727,1.0,5.8274,1.0,3.412,1.0,6.8359,1.0,6.8359,C0,1.0,C1,C1,C1
phi3,triviaqa,7,f1,13481,47275,9.5256,0.4253,0.239,0.9998,0.0141,1.0,1.0,1.0,11.1727,1.0,5.8186,1.0,3.412,1.0,6.8359,1.0,6.8359,C0,1.0,C1,C1,C1
phi3,triviaqa,8,f1,8998,31840,9.3424,0.4356,0.2698,0.9997,0.0109,0.666667,1.0,0.666667,11.1727,0.666667,5.8298,0.666667,3.412,0.666667,6.8359,0.666667,6.8359,C0,0.666667,C1,C1,C1
phi3,triviaqa,9,f1,5415,16034,8.1945,0.4387,0.2587,0.9994,0.0158,1.0,1.0,1.0,11.1727,1.0,5.8342,1.0,3.412,1.0,6.8359,1.0,6.8359,C0,1.0,C1,C1,C1
phi3,triviaqa,10,f1,21532,76648,9.7259,0.4129,0.2046,0.9999,0.0121,1.0,1.0,1.0,11.1727,1.0,5.8253,1.0,3.412,1.0,6.8359,1.0,6.8359,C0,1.0,C1,C1,C1
phi3,triviaqa,11,f1,14194,51154,9.4986,0.4091,0.2323,0.9998,0.0106,1.0,1.0,1.0,11.1727,1.0,5.8125,1.0,3.412,1.0,6.8359,1.0,6.8359,C0,1.0,C1,C1,C1
phi3,triviaqa,12,f1,23310,83538,9.715,0.4093,0.1954,0.9999,0.0121,1.0,1.0,1.0,11.1727,1.0,5.8387,1.0,3.412,1.0,6.8359,1.0,6.8359,C0,1.0,C1,C1,C1
phi3,triviaqa,13,f1,3951,14180,8.868,0.4352,0.3199,0.9993,0.0136,1.0,1.0,1.0,11.1727,1.0,5.8191,1.0,3.412,1.0,6.8359,1.0,6.8359,C0,1.0,C1,C1,C1
phi3,triviaqa,14,f1,25062,87722,9.7681,0.4156,0.1915,0.9999,0.0102,1.0,1.0,1.0,11.1727,1.0,5.8064,1.0,3.412,1.0,6.8359,1.0,6.8359,C0,1.0,C1,C1,C1
phi3,triviaqa,15,f1,5908,22747,9.2722,0.4253,0.3202,0.9996,0.0079,1.0,1.0,1.0,11.1727,1.0,5.819,1.0,3.412,1.0,6.8359,1.0,6.8359,C0,1.0,C1,C1,C1
phi3,triviaqa,16,f1,12211,42226,9.4206,0.4236,0.2344,0.9998,0.0109,1.0,1.0,1.0,11.1727,1.0,5.8325,1.0,3.412,1.0,6.8359,1.0,6.8359,C0,1.0,C1,C1,C1
phi3,triviaqa,17,f1,16508,57722,9.4085,0.3969,0.2017,0.9998,0.0128,1.0,1.0,1.0,11.1727,1.0,5.8116,1.0,3.412,1.0,6.8359,1.0,6.8359,C0,1.0,C1,C1,C1
phi3,triviaqa,18,f1,17193,61082,9.5762,0.4151,0.2175,0.9998,0.0104,0.666667,1.0,0.666667,11.1727,0.666667,5.8323,0.666667,3.412,0.666667,6.8359,0.666667,6.8359,C0,0.666667,C1,C1,C1
phi3,triviaqa,19,f1,9719,35421,9.3678,0.4262,0.2615,0.9997,0.0103,1.0,1.0,1.0,11.1727,1.0,5.8246,1.0,3.412,1.0,6.8359,1.0,6.8359,C0,1.0,C1,C1,C1
llama3,2wikimqa,0,f1,7070,28692,9.2384,0.4218,0.2836,0.9997,0.0066,0.0,1.0,0.0,37.8955,0.0,5.4023,0.0,3.412,0.0,6.9043,0.0,6.9043,C0,0.0,C1,C1,C1
llama3,2wikimqa,1,f1,14710,62672,9.5357,0.3981,0.2328,0.9999,0.0057,0.0,1.0,0.0,40.2003,0.0,5.4102,0.0,3.412,0.0,7.3242,0.0,7.3242,C0,0.0,C1,C1,C1
llama3,2wikimqa,2,f1,4009,17129,8.6992,0.4018,0.3173,0.9995,0.0109,0.0,1.0,0.0,21.4884,0.0,5.3609,0.0,3.412,0.0,3.915,0.0,3.915,C0,0.0,C1,C1,C1
llama3,2wikimqa,3,f1,6890,26490,8.6988,0.3843,0.2244,0.9997,0.008,0.666667,1.0,0.666667,36.9307,0.666667,5.3979,0.666667,3.412,0.666667,6.7285,0.666667,6.7285,C0,0.666667,C1,C1,C1
llama3,2wikimqa,4,f1,7010,30077,9.1558,0.4025,0.2845,0.9997,0.0051,0.0,1.0,0.0,37.5739,0.0,5.4052,0.0,3.412,0.0,6.8457,0.0,6.8457,C0,0.0,C1,C1,C1
llama3,2wikimqa,5,f1,14559,63474,9.451,0.3858,0.2337,0.9999,0.0045,1.0,1.0,1.0,40.2003,1.0,5.4073,1.0,3.412,1.0,7.3242,1.0,7.3242,C0,1.0,C1,C1,C1
llama3,2wikimqa,6,f1,10916,48092,9.3894,0.403,0.2615,0.9998,0.0044,1.0,1.0,1.0,40.2003,1.0,5.4145,1.0,3.412,1.0,7.3242,1.0,7.3242,C0,1.0,C1,C1,C1
llama3,2wikimqa,7,f1,6227,26363,8.9573,0.3937,0.2685,0.9997,0.0077,1.0,1.0,1.0,33.377,1.0,5.3923,1.0,3.412,1.0,6.0811,1.0,6.0811,C0,1.0,C1,C1,C1
llama3,2wikimqa,8,f1,5479,22599,9.1511,0.4226,0.3209,0.9996,0.0102,0.0,1.0,0.0,29.3677,0.0,5.3798,0.0,3.412,0.0,5.3506,0.0,5.3506,C0,0.0,C1,C1,C1
llama3,2wikimqa,9,f1,8532,36479,9.5704,0.4232,0.3131,0.9998,0.0089,1.0,1.0,1.0,40.2003,0.8,5.4104,1.0,3.412,1.0,7.3242,1.0,7.3242,C0,1.0,C1,C1,C1
llama3,2wikimqa,10,f1,6391,26415,9.4373,0.4482,0.3472,0.9997,0.0083,1.0,1.0,1.0,34.2561,1.0,5.4039,1.0,3.412,1.0,6.2412,1.0,6.2412,C0,1.0,C1,C1,C1
llama3,2wikimqa,11,f1,6360,24808,9.2092,0.3527,0.2704,0.9996,0.0123,0.857143,1.0,0.857143,34.0899,0.857143,5.3859,0.857143,3.412,0.857143,6.2109,0.857143,6.2109,C0,0.857143,C1,C1,C1
llama3,2wikimqa,12,f1,3984,16191,9.0796,0.4612,0.3898,0.9994,0.0146,0.0,1.0,0.0,21.3544,0.0,5.3621,0.0,3.412,0.0,3.8906,0.0,3.8906,C0,0.0,C1,C1,C1
llama3,2wikimqa,13,f1,13857,59643,9.3056,0.3694,0.2105,0.9998,0.005,0.0,1.0,0.0,40.2003,0.0,5.4132,0.0,3.412,0.0,7.3242,0.0,7.3242,C0,0.0,C1,C1,C1
llama3,2wikimqa,14,f1,5994,22292,9.2193,0.4388,0.2995,0.9996,0.0082,0.5,1.0,0.5,32.1281,0.5,5.3782,0.5,3.412,0.5,5.8535,0.5,5.8535,C0,0.5,C1,C1,C1
llama3,2wikimqa,15,f1,5071,20096,7.9043,0.3382,0.2041,0.9996,0.0043,0.0,1.0,0.0,27.1808,0.0,5.3684,0.0,3.412,0.0,4.9521,0.0,4.9521,C0,0.0,C1,C1,C1
llama3,2wikimqa,16,f1,14271,61863,9.4106,0.3833,0.231,0.9999,0.0047,0.0,1.0,0.0,40.2003,0.0,5.4083,0.0,3.412,0.0,7.3242,0.0,7.3242,C0,0.0,C1,C1,C1
llama3,2wikimqa,17,f1,5211,22652,9.2454,0.4276,0.3514,0.9996,0.0079,0.0,1.0,0.0,27.9312,0.0,5.3806,0.0,3.412,0.0,5.0889,0.0,5.0889,C0,0.0,C1,C1,C1
llama3,2wikimqa,18,f1,5788,24101,9.2209,0.4376,0.343,0.9996,0.0093,0.0,1.0,0.0,31.0239,0.0,5.3835,0.0,3.412,0.0,5.6523,0.0,5.6523,C0,0.0,C1,C1,C1
llama3,2wikimqa,19,f1,9035,36831,9.3129,0.4129,0.2614,0.9998,0.0094,1.0,1.0,1.0,40.2003,1.0,5.3983,1.0,3.412,1.0,7.3242,1.0,7.3242,C0,1.0,C1,C1,C1
llama3,gov_report,0,rouge1,10697,53640,8.4731,0.283,0.1465,0.6293,0.0001,0.395904,1.0,0.29078,40.2003,0.347826,5.3879,0.391753,3.412,0.304965,7.3242,0.289963,7.3242,C0,0.395904,C0,C3,C3
llama3,gov_report,1,rouge1,18663,92252,9.0928,0.3043,0.1485,0.9202,0.0001,0.512346,1.0,0.247191,40.2003,0.285714,5.4098,0.433962,3.412,0.27758,7.3242,0.277027,7.3242,C0,0.512346,C0,C0,C0
llama3,gov_report,2,rouge1,7737,38930,8.184,0.2741,0.1638,,0.0002,0.417143,1.0,0.237179,40.2003,0.351852,5.4033,0.382609,3.412,0.351852,7.3242,0.38209,7.3242,C0,0.417143,C0,C0,C5
llama3,gov_report,3,rouge1,2656,13938,8.2162,0.3637,0.2925,,0.0005,0.449339,1.0,0.258427,14.2363,0.392344,5.3391,0.45815,3.412,0.410811,2.5938,0.392523,2.5938,C3,0.45815,C3,C3,C3
llama3,gov_report,4,rouge1,13262,65941,8.8999,0.3124,0.1706,0.6288,0.0001,0.330864,1.0,0.203753,40.2003,0.276382,5.4167,0.325926,3.412,0.268041,7.3242,0.266667,7.3242,C0,0.330864,C0,C3,C3
llama3,gov_report,5,rouge1,8962,43358,8.4292,0.2968,0.1599,,0.0002,0.327402,1.0,0.311111,40.2003,0.359322,5.4044,0.320285,3.412,0.379661,7.3242,0.317343,7.3242,C4,0.379661,C4,C1,C1
llama3,gov_report,6,rouge1,8151,46529,8.5585,0.2849,0.1759,0.8959,0.0002,0.486486,1.0,0.209581,40.2003,0.429379,5.4135,0.47191,3.412,0.236915,7.3242,0.32345,7.3242,C0,0.486486,C0,C3,C3
llama3,gov_report,7,rouge1,6381,34367,8.2872,0.29,0.1783,,0.0002,0.308094,1.0,0.174142,34.2025,0.335917,5.3943,0.410891,3.412,0.311881,6.2314,0.289216,6.2314,C3,0.410891,C4,C4,C4
llama3,gov_report,8,rouge1,2810,14349,7.8916,0.3348,0.2456,,0.0005,0.395833,1.0,0.20712,15.0617,0.403315,5.3312,0.366762,3.412,0.329412,2.7441,0.323699,2.7441,C2,0.403315,C2,C2,C2
llama3,gov_report,9,rouge1,20394,102565,8.8963,0.2931,0.1259,,0.0001,0.27256,1.0,0.235727,40.2003,0.290019,5.4081,0.280374,3.412,0.228464,7.3242,0.236162,7.3242,C2,0.290019,C2,C2,C2
llama3,gov_report,10,rouge1,6081,32826,8.5808,0.3445,0.2529,0.2857,0.0002,0.303502,1.0,0.27027,32.5944,0.316667,5.3966,0.349206,3.412,0.348936,5.9385,0.289256,5.9385,C3,0.349206,C4,C4,C4
llama3,gov_report,11,rouge1,4186,19201,8.1371,0.3423,0.2121,,0.0004,0.418136,1.0,0.263158,22.4372,0.423469,5.3613,0.365079,3.412,0.307263,4.0879,0.300836,4.0879,C2,0.423469,C2,C2,C2
llama3,gov_report,12,rouge1,6736,38155,8.6379,0.3184,0.2199,,0.0002,0.406593,1.0,0.245399,36.1053,0.379009,5.4023,0.393443,3.412,0.295652,6.5781,0.267913,6.5781,C0,0.406593,C0,C3,C2
llama3,gov_report,13,rouge1,4632,24989,8.109,0.3122,0.2118,,0.0003,0.41954,1.0,0.24359,24.8277,0.445714,5.3654,0.424419,3.412,0.31405,4.5234,0.307692,4.5234,C2,0.445714,C2,C2,C2
llama3,gov_report,14,rouge1,5712,27046,8.6594,0.3681,0.2509,0.9979,0.0003,0.287958,1.0,0.123529,30.6166,0.338542,5.3935,0.353535,3.412,0.272494,5.5781,0.272494,5.5781,C3,0.353535,C2,C2,C4
llama3,gov_report,15,rouge1,5718,30185,8.7252,0.3677,0.2854,0.993,0.0002,0.299625,1.0,0.247012,30.6487,0.278481,5.3872,0.280303,3.412,0.261194,5.584,0.261194,5.584,C0,0.299625,C0,C0,C2
llama3,gov_report,16,rouge1,4218,22425,8.4086,0.3415,0.275,0.9084,0.0003,0.420749,1.0,0.304,22.6087,0.376307,5.3674,0.442997,3.412,0.338346,4.1191,0.330986,4.1191,C3,0.442997,C3,C3,C3
llama3,gov_report,17,rouge1,18156,95443,8.6124,0.2647,0.1212,0.949,0.0001,0.339506,1.0,0.29003,40.2003,0.332362,5.4007,0.372372,3.412,0.322581,7.3242,0.338462,7.3242,C3,0.372372,C5,C4,C4
llama3,gov_report,18,rouge1,4627,22492,8.203,0.3152,0.2083,,0.0003,0.52349,1.0,0.421875,24.8009,0.503597,5.3756,0.505338,3.412,0.475836,4.5186,0.453125,4.5186,C0,0.52349,C0,C2,C2
llama3,gov_report,19,rouge1,2818,15225,8.2116,0.3663,0.3034,,0.0005,0.426914,1.0,0.152589,15.1046,0.393365,5.3389,0.380282,3.412,0.212534,2.752,0.203297,2.752,C0,0.426914,C0,C0,C2
llama3,hotpotqa,0,f1,11345,54414,9.3786,0.3765,0.2538,0.9998,0.0039,0.333333,1.0,0.333333,40.2003,0.333333,5.4153,0.333333,3.412,0.333333,7.3242,0.333333,7.3242,C0,0.333333,C1,C1,C1
llama3,hotpotqa,1,f1,16253,72455,9.3354,0.3635,0.2117,0.9999,0.003,1.0,1.0,0.666667,40.2003,0.666667,5.4219,1.0,3.412,1.0,7.3242,1.0,7.3242,C0,1.0,C4,C4,C4
llama3,hotpotqa,2,f1,11033,48472,9.5235,0.4002,0.2607,0.9998,0.0059,0.4,1.0,0.4,40.2003,0.4,5.4078,0.4,3.412,0.4,7.3242,0.4,7.3242,C0,0.4,C1,C1,C1
llama3,hotpotqa,3,f1,16339,77553,9.7124,0.3832,0.2529,0.9999,0.0046,0.0,1.0,0.0,40.2003,0.0,5.3999,0.0,3.412,0.0,7.3242,0.0,7.3242,C0,0.0,C1,C1,C1
llama3,hotpotqa,4,f1,16243,80361,8.8794,0.2523,0.1606,0.9999,0.0402,0.444444,1.0,0.444444,40.2003,0.571429,5.4024,0.444444,3.412,0.571429,7.3242,0.571429,7.3242,C2,0.571429,C1,C1,C1
llama3,hotpotqa,5,f1,5046,19649,8.6993,0.4065,0.2782,0.9995,0.0062,1.0,1.0,1.0,27.0468,1.0,5.3752,1.0,3.412,1.0,4.9277,1.0,4.9277,C0,1.0,C1,C1,C1
llama3,hotpotqa,6,f1,16368,75436,9.4145,0.3785,0.2102,0.9999,0.004,0.0,1.0,0.0,40.2003,0.0,5.4188,0.0,3.412,0.0,7.3242,0.0,7.3242,C0,0.0,C1,C1,C1
llama3,hotpotqa,7,f1,13519,58965,9.6631,0.3994,0.2516,0.9998,0.005,0.0,1.0,0.0,40.2003,0.0,5.4042,0.0,3.412,0.0,7.3242,0.0,7.3242,C0,0.0,C1,C1,C1
llama3,hotpotqa,8,f1,9709,42966,9.6744,0.4149,0.3151,0.9998,0.0056,0.5,1.0,0.5,40.2003,0.5,5.4064,0.5,3.412,0.5,7.3242,0.5,7.3242,C0,0.5,C1,C1,C1
llama3,hotpotqa,9,f1,11220,47315,8.8959,0.3591,0.1946,0.9998,0.0066,1.0,1.0,0.666667,40.2003,1.0,5.3988,1.0,3.412,1.0,7.3242,1.0,7.3242,C0,1.0,C4,C4,C4
llama3,hotpotqa,10,f1,15466,67481,9.4427,0.393,0.2435,0.9999,0.0047,1.0,1.0,0.666667,40.2003,1.0,5.4129,1.0,3.412,1.0,7.3242,1.0,7.3242,C0,1.0,C4,C4,C4
llama3,hotpotqa,11,f1,15969,76568,9.4284,0.37,0.2278,0.9999,0.0039,0.727273,1.0,0.0,40.2003,0.727273,5.4044,0.727273,3.412,0.727273,7.3242,0.727273,7.3242,C0,0.727273,C4,C4,C4
llama3,hotpotqa,12,f1,3507,16166,9.0833,0.4285,0.3884,0.9994,0.0067,1.0,1.0,1.0,18.7977,1.0,5.3468,1.0,3.412,1.0,3.4248,1.0,3.4248,C0,1.0,C1,C1,C1
llama3,hotpotqa,13,f1,13481,61276,9.3435,0.3763,0.2268,0.9999,0.0043,0.0,1.0,0.0,40.2003,0.0,5.4026,0.0,3.412,0.0,7.3242,0.0,7.3242,C0,0.0,C1,C1,C1
llama3,hotpotqa,14,f1,13330,48910,9.6626,0.4153,0.2658,0.9998,0.0082,0.0,1.0,0.0,40.2003,0.0,5.4006,0.0,3.412,0.0,7.3242,0.0,7.3242,C0,0.0,C1,C1,C1
llama3,hotpotqa,15,f1,14429,62696,9.4936,0.3783,0.2263,0.9999,0.0062,0.666667,1.0,0.666667,40.2003,0.666667,5.3989,0.666667,3.412,0.666667,7.3242,0.666667,7.3242,C0,0.666667,C1,C1,C1
llama3,hotpotqa,16,f1,10884,44633,9.1698,0.3814,0.2242,0.9998,0.0071,0.0,1.0,0.0,40.2003,0.0,5.4091,0.0,3.412,0.0,7.3242,0.0,7.3242,C0,0.0,C1,C1,C1
llama3,hotpotqa,17,f1,15393,72591,9.7743,0.3882,0.2658,0.9999,0.0034,0.0,1.0,0.0,40.2003,0.0,5.4069,0.0,3.412,0.0,7.3242,0.0,7.3242,C0,0.0,C1,C1,C1
llama3,hotpotqa,18,f1,16111,69660,9.2338,0.3726,0.1978,0.9999,0.0033,0.0,1.0,0.0,40.2003,0.0,5.4028,0.0,3.412,0.0,7.3242,0.0,7.3242,C0,0.0,C1,C1,C1
llama3,hotpotqa,19,f1,14628,69032,9.4605,0.3848,0.2467,0.9999,0.004,1.0,1.0,1.0,40.2003,1.0,5.3962,1.0,3.412,1.0,7.3242,1.0,7.3242,C0,1.0,C1,C1,C1
llama3,multi_news,0,rouge1,2662,12628,8.1994,0.3998,0.34,0.8747,0.001,0.296,1.0,0.235294,14.2684,0.258065,5.3317,0.289562,3.412,0.229008,2.5996,0.231343,2.5996,C0,0.296,C0,C3,C3
llama3,multi_news,1,rouge1,2973,13328,8.0942,0.3761,0.293,0.69,0.0011,0.362369,1.0,0.122699,15.9354,0.377358,5.3358,0.382671,3.412,0.319218,2.9033,0.322581,2.9033,C3,0.382671,C2,C2,C2
llama3,multi_news,2,rouge1,843,3710,7.5069,0.4417,0.4211,,0.003,0.538206,1.0,0.30605,4.5185,0.428571,5.2018,0.537217,3.412,0.538206,1.0,0.538206,1.0,C0,0.538206,C3,C3,C3
llama3,multi_news,3,rouge1,3932,18731,7.3592,0.3172,0.2368,0.9764,0.0006,0.261818,1.0,0.312977,21.0757,0.258824,5.3709,0.291667,3.412,0.234432,3.8398,0.282686,3.8398,C1,0.312977,C1,C1,C1
llama3,multi_news,4,rouge1,2987,13401,8.4979,0.428,0.3525,0.6453,0.001,0.254545,1.0,0.248322,16.0105,0.292818,5.351,0.239264,3.412,0.28483,2.917,0.247734,2.917,C2,0.292818,C2,C1,C1
llama3,multi_news,5,rouge1,3864,18395,8.5728,0.4005,0.3165,0.8686,0.0009,0.321429,1.0,0.237942,20.7112,0.306818,5.3581,0.322222,3.412,0.264151,3.7734,0.239782,3.7734,C3,0.322222,C3,C2,C2
llama3,multi_news,6,rouge1,1241,5610,7.9327,0.4419,0.4085,0.7381,0.002,0.276364,1.0,0.254682,6.6518,0.300341,5.261,0.291525,3.412,0.272727,1.2119,0.281787,1.2119,C2,0.300341,C2,C2,C1
llama3,multi_news,7,rouge1,3825,18745,8.3485,0.3706,0.2897,0.8836,0.0006,0.369099,1.0,0.273381,20.5022,0.35206,5.357,0.330189,3.412,0.308333,3.7354,0.275556,3.7354,C0,0.369099,C0,C2,C2
llama3,multi_news,8,rouge1,2218,10063,7.8031,0.3696,0.2836,,0.0013,0.457143,1.0,0.235294,11.8886,0.462094,5.318,0.493421,3.412,0.406015,2.166,0.431818,2.166,C3,0.493421,C2,C2,C2
llama3,multi_news,9,rouge1,1153,5082,7.908,0.4583,0.4345,0.9603,0.0022,0.460606,1.0,0.250847,6.1801,0.330383,5.2505,0.428115,3.412,0.420382,1.126,0.412121,1.126,C0,0.460606,C0,C0,C3
llama3,multi_news,10,rouge1,7439,34688,9.0028,0.3478,0.2496,,0.0004,0.371069,1.0,0.299213,39.8734,0.352564,5.4092,0.394737,3.412,0.346405,7.2646,0.300654,7.2646,C3,0.394737,C3,C2,C4
llama3,multi_news,11,rouge1,1932,8923,7.747,0.3751,0.3059,,0.0012,0.387833,1.0,0.292035,10.3556,0.358209,5.2999,0.358333,3.412,0.351562,1.8867,0.321739,1.8867,C0,0.387833,C0,C0,C2
llama3,multi_news,12,rouge1,2629,13280,7.8939,0.3243,0.267,,0.001,0.3861,1.0,0.291188,14.0916,0.453125,5.3372,0.383459,3.412,0.365079,2.5674,0.396624,2.5674,C2,0.453125,C2,C2,C2
llama3,multi_news,13,rouge1,2978,14203,7.9905,0.3576,0.2754,,0.0009,0.293907,1.0,0.271493,15.9622,0.343284,5.3398,0.290541,3.412,0.243542,2.9082,0.316667,2.9082,C2,0.343284,C2,C2,C1
llama3,multi_news,14,rouge1,874,3980,7.6021,0.4372,0.4405,,0.0028,0.278571,1.0,0.234432,4.6847,0.363636,5.2046,0.332248,3.412,0.272727,1.0,0.272727,1.0,C2,0.363636,C2,C2,C2
llama3,multi_news,15,rouge1,2736,12552,8.047,0.3785,0.2979,,0.0009,0.329825,1.0,0.271605,14.6651,0.361204,5.3422,0.380282,3.412,0.331034,2.6719,0.349091,2.6719,C3,0.380282,C2,C2,C2
llama3,multi_news,16,rouge1,2044,8902,7.9208,0.4151,0.3283,0.3315,0.0012,0.279365,1.0,0.273616,10.9559,0.282759,5.3239,0.290323,3.412,0.27972,1.9961,0.294118,1.9961,C5,0.294118,C2,C1,C1
llama3,multi_news,17,rouge1,1572,7308,8.1072,0.4353,0.4097,,0.0015,0.355072,1.0,0.228346,8.426,0.343234,5.2876,0.315068,3.412,0.286713,1.5352,0.27027,1.5352,C0,0.355072,C0,C2,C2
llama3,multi_news,18,rouge1,4538,22086,8.4441,0.3711,0.2757,0.9707,0.0005,0.350877,1.0,0.264706,24.3239,0.316129,5.369,0.301538,3.412,0.32491,4.4316,0.33887,4.4316,C0,0.350877,C0,C5,C2
llama3,multi_news,19,rouge1,1527,6950,7.5228,0.3736,0.298,0.2747,0.0019,0.498141,1.0,0.219298,8.1848,0.526316,5.2803,0.467433,3.412,0.492188,1.4912,0.503876,1.4912,C2,0.526316,C2,C2,C2
llama3,multifieldqa_en,0,f1,1529,5225,7.6562,0.454,0.3362,0.9983,0.0188,0.75,1.0,0.75,8.1955,0.75,5.2814,0.75,3.412,0.75,1.4932,0.75,1.4932,C0,0.75,C1,C1,C1
llama3,multifieldqa_en,1,f1,3037,14071,8.3041,0.3913,0.3112,0.9994,0.0068,1.0,1.0,1.0,16.2785,1.0,5.347,1.0,3.412,1.0,2.9658,1.0,2.9658,C0,1.0,C1,C1,C1
llama3,multifieldqa_en,2,f1,9520,45349,9.0305,0.2622,0.1791,0.9998,0.0015,1.0,1.0,1.0,40.2003,1.0,5.4235,1.0,3.412,1.0,7.3242,1.0,7.3242,C0,1.0,C1,C1,C1
llama3,multifieldqa_en,3,f1,7393,31608,8.3178,0.3094,0.1658,0.9997,0.003,0.75,1.0,1.0,39.6268,0.75,5.4209,0.75,3.412,0.888889,7.2197,1.0,7.2197,C1,1.0,C1,C1,C1
llama3,multifieldqa_en,4,f1,7479,33949,9.2387,0.3893,0.2805,0.9997,0.0111,0.5,1.0,0.5,40.0878,0.5,5.4101,0.5,3.412,0.5,7.3037,0.5,7.3037,C0,0.5,C1,C1,C1
llama3,multifieldqa_en,5,f1,6599,19528,8.42,0.3644,0.177,0.9995,0.0277,0.571429,1.0,0.571429,35.3709,0.571429,5.3973,0.571429,3.412,0.571429,6.4443,0.571429,6.4443,C0,0.571429,C1,C1,C1
llama3,multifieldqa_en,6,f1,6288,20826,8.3493,0.3338,0.1625,0.9996,0.0181,0.514286,1.0,0.583333,33.704,0.571429,5.4135,0.5,3.412,0.782609,6.1406,0.782609,6.1406,C4,0.782609,C1,C1,C1
llama3,multifieldqa_en,7,f1,3684,6000,7.881,0.3659,0.1707,,0.0018,1.0,1.0,1.0,19.7464,1.0,5.3336,1.0,3.412,1.0,3.5977,1.0,3.5977,C0,1.0,C1,C1,C1
llama3,multifieldqa_en,8,f1,4463,21852,8.6743,0.3954,0.3079,0.9996,0.0053,1.0,1.0,1.0,23.9219,1.0,5.3717,1.0,3.412,1.0,4.3584,1.0,4.3584,C0,1.0,C1,C1,C1
llama3,multifieldqa_en,9,f1,3178,15563,8.257,0.3579,0.2618,0.9994,0.0068,0.25,1.0,0.25,17.0342,0.25,5.3452,0.25,3.412,0.25,3.1035,0.25,3.1035,C0,0.25,C1,C1,C1
llama3,multifieldqa_en,10,f1,2108,8995,8.0773,0.4297,0.3283,0.999,0.0073,0.272727,1.0,0.428571,11.299,0.272727,5.315,0.272727,3.412,0.272727,2.0586,0.272727,2.0586,C1,0.428571,C1,C1,C1
llama3,multifieldqa_en,11,f1,6202,31240,8.584,0.3354,0.2127,0.9997,0.0046,0.4,1.0,0.4,33.243,0.4,5.3957,0.4,3.412,0.4,6.0566,0.4,6.0566,C0,0.4,C1,C1,C1
llama3,multifieldqa_en,12,f1,4972,21982,8.6984,0.3497,0.2548,0.9996,0.0022,0.206897,1.0,0.176471,26.6502,0.206897,5.3908,0.206897,3.412,0.176471,4.8555,0.176471,4.8555,C0,0.206897,C2,C2,C2
llama3,multifieldqa_en,13,f1,14997,56541,8.4065,0.2042,0.0928,0.9998,0.0092,1.0,1.0,1.0,40.2003,1.0,5.4144,1.0,3.412,1.0,7.3242,1.0,7.3242,C0,1.0,C1,C1,C1
llama3,multifieldqa_en,14,f1,3785,14403,9.4641,0.4404,0.3868,0.9994,0.0044,0.0,1.0,0.0,20.2878,0.0,5.3677,0.0,3.412,0.0,3.6963,0.0,3.6963,C0,0.0,C1,C1,C1
llama3,multifieldqa_en,15,f1,9461,42138,9.0572,0.3951,0.2222,0.9998,0.0058,0.47619,1.0,0.518519,40.2003,0.47619,5.4208,0.47619,3.412,0.384615,7.3242,0.384615,7.3242,C1,0.518519,C1,C1,C1
llama3,multifieldqa_en,16,f1,7656,33274,9.3051,0.4012,0.2701,0.9997,0.005,0.0,1.0,0.105263,40.2003,0.0,5.4436,0.0,3.412,0.0,7.3242,0.0,7.3242,C1,0.105263,C1,C1,C1
llama3,multifieldqa_en,17,f1,3704,13757,7.6487,0.2999,0.1712,0.9993,0.0118,0.0,1.0,0.0,19.8536,0.0,5.3578,0.0,3.412,0.0,3.6172,0.0,3.6172,C0,0.0,C1,C1,C1
llama3,multifieldqa_en,18,f1,5300,22974,8.4297,0.3478,0.2072,0.9996,0.0047,0.413793,1.0,0.461538,28.4082,0.428571,5.3991,0.413793,3.412,0.461538,5.1758,0.461538,5.1758,C1,0.461538,C1,C1,C1
llama3,multifieldqa_en,19,f1,11048,44441,8.623,0.3246,0.1461,0.9998,0.0038,0.55,1.0,0.170213,40.2003,0.387097,5.4215,0.55,3.412,0.55,7.3242,0.55,7.3242,C0,0.55,C4,C4,C4
llama3,narrativeqa,0,f1,31373,127703,9.2856,0.3891,0.1576,0.9999,0.0184,0.444444,1.0,0.352941,40.2003,0.444444,5.4288,0.444444,3.412,0.555556,7.3242,0.555556,7.3242,C4,0.555556,C4,C4,C4
llama3,narrativeqa,1,f1,36248,157714,9.5496,0.3887,0.1602,0.9999,0.0198,0.142857,1.0,0.133333,40.2003,0.0,5.4298,0.142857,3.412,0.153846,7.3242,0.153846,7.3242,C4,0.153846,C4,C4,C1
llama3,narrativeqa,2,f1,13507,56169,9.049,0.4016,0.2137,0.9998,0.0192,0.117647,1.0,0.117647,40.2003,0.117647,5.4473,0.117647,3.412,0.117647,7.3242,0.117647,7.3242,C0,0.117647,C1,C1,C1
llama3,narrativeqa,3,f1,16516,62691,9.2044,0.424,0.2147,0.9998,0.0201,0.0,1.0,0.0,40.2003,0.0,5.4337,0.0,3.412,0.0,7.3242,0.0,7.3242,C0,0.0,C1,C1,C1
llama3,narrativeqa,4,f1,46708,153856,8.9604,0.3571,0.1214,0.9999,0.0376,0.0,1.0,0.0,40.2003,0.0,5.4126,0.5,3.412,0.5,7.3242,0.5,7.3242,C3,0.5,C1,C1,C1
llama3,narrativeqa,5,f1,37057,150571,9.2839,0.3741,0.1193,0.9999,0.0201,0.153846,1.0,0.153846,40.2003,0.153846,5.4273,0.153846,3.412,0.153846,7.3242,0.153846,7.3242,C0,0.153846,C1,C1,C1
llama3,narrativeqa,6,f1,8050,34101,9.3906,0.4275,0.3063,0.9997,0.0259,0.0,1.0,0.0,40.2003,0.0,5.4168,0.0,3.412,0.0,7.3242,0.0,7.3242,C0,0.0,C1,C1,C1
llama3,narrativeqa,7,f1,11380,47169,9.3137,0.4168,0.2562,0.9998,0.0211,0.666667,1.0,0.666667,40.2003,0.666667,5.4404,0.666667,3.412,0.666667,7.3242,0.666667,7.3242,C0,0.666667,C1,C1,C1
llama3,narrativeqa,8,f1,36233,157653,9.5497,0.3887,0.1603,0.9999,0.0198,0.5,1.0,0.5,40.2003,0.5,5.4301,0.5,3.412,0.5,7.3242,0.5,7.3242,C0,0.5,C1,C1,C1
llama3,narrativeqa,9,f1,36241,157679,9.5495,0.3887,0.1603,0.9999,0.0198,0.5,1.0,0.4,40.2003,0.4,5.4305,0.5,3.412,0.5,7.3242,0.5,7.3242,C0,0.5,C4,C4,C4
llama3,narrativeqa,10,f1,38183,133473,8.8186,0.3687,0.1113,0.9999,0.0283,1.0,1.0,0.5,40.2003,1.0,5.4154,1.0,3.412,1.0,7.3242,1.0,7.3242,C0,1.0,C4,C4,C4
llama3,narrativeqa,11,f1,31372,127699,9.2854,0.3891,0.1575,0.9999,0.0184,1.0,1.0,1.0,40.2003,1.0,5.4289,1.0,3.412,1.0,7.3242,1.0,7.3242,C0,1.0,C1,C1,C1
llama3,narrativeqa,12,f1,11385,47216,9.3161,0.417,0.2566,0.9998,0.0211,0.0,1.0,0.0,40.2003,0.0,5.4396,0.0,3.412,0.0,7.3242,0.0,7.3242,C0,0.0,C1,C1,C1
llama3,narrativeqa,13,f1,37057,150560,9.2834,0.3741,0.1193,0.9999,0.0201,0.0,1.0,0.0,40.2003,0.0,5.4273,0.0,3.412,0.0,7.3242,0.0,7.3242,C0,0.0,C1,C1,C1
llama3,narrativeqa,14,f1,31384,127757,9.2851,0.3891,0.1575,0.9999,0.0183,0.0,1.0,0.0,40.2003,0.0,5.4289,0.0,3.412,0.166667,7.3242,0.166667,7.3242,C4,0.166667,C1,C1,C1
llama3,narrativeqa,15,f1,37059,150579,9.2837,0.374,0.1193,0.9999,0.0201,0.105263,1.0,0.235294,40.2003,0.181818,5.4271,0.105263,3.412,0.117647,7.3242,0.117647,7.3242,C1,0.235294,C1,C1,C1
llama3,narrativeqa,16,f1,11381,47179,9.3144,0.4169,0.2564,0.9998,0.0211,0.0,1.0,0.0,40.2003,0.0,5.44,0.0,3.412,0.0,7.3242,0.0,7.3242,C0,0.0,C1,C1,C1
llama3,narrativeqa,17,f1,8054,34126,9.3898,0.4273,0.3061,0.9997,0.0259,0.5,1.0,0.5,40.2003,0.571429,5.4167,0.571429,3.412,0.5,7.3242,0.5,7.3242,C2,0.571429,C1,C1,C1
llama3,narrativeqa,18,f1,31418,134613,9.3844,0.3944,0.1648,0.9999,0.019,0.222222,1.0,0.166667,40.2003,0.16,5.4188,0.16,3.412,0.222222,7.3242,0.222222,7.3242,C0,0.222222,C4,C4,C4
llama3,narrativeqa,19,f1,19113,76470,8.9864,0.3937,0.1785,0.9999,0.0167,0.666667,1.0,0.666667,40.2003,0.666667,5.4211,0.666667,3.412,0.666667,7.3242,0.666667,7.3242,C0,0.666667,C1,C1,C1
llama3,passage_count,0,count_em,15690,66383,8.8233,0.0991,0.0748,0.0041,0.0013,1.0,1.0,1.0,40.2003,0.0,5.3962,1.0,3.412,1.0,7.3242,1.0,7.3242,C0,1.0,C1,C1,C1
llama3,passage_count,1,count_em,21256,96790,8.488,0.0536,0.0397,0.0028,0.001,1.0,1.0,1.0,40.2003,1.0,5.3958,1.0,3.412,1.0,7.3242,1.0,7.3242,C0,1.0,C1,C1,C1
llama3,passage_count,2,count_em,18536,82313,9.3288,0.2315,0.1262,0.0033,0.0012,0.0,1.0,0.0,40.2003,0.0,5.3928,0.0,3.412,0.0,7.3242,0.0,7.3242,C0,0.0,C1,C1,C1
llama3,passage_count,3,count_em,17304,81159,9.7033,0.3446,0.2163,0.8755,0.0009,0.0,1.0,0.0,40.2003,0.0,5.3891,0.0,3.412,0.0,7.3242,0.0,7.3242,C0,0.0,C1,C1,C1
llama3,passage_count,4,count_em,20836,96082,9.6139,0.2716,0.1724,0.0028,0.0011,0.0,1.0,0.0,40.2003,0.0,5.3898,0.0,3.412,0.0,7.3242,0.0,7.3242,C0,0.0,C1,C1,C1
llama3,passage_count,5,count_em,11196,50472,9.4701,0.3389,0.2514,0.7383,0.0014,0.0,1.0,0.0,40.2003,0.0,5.4012,0.0,3.412,0.0,7.3242,0.0,7.3242,C0,0.0,C1,C1,C1
llama3,passage_count,6,count_em,16511,78503,9.2245,0.2217,0.1368,0.0035,0.001,0.0,1.0,0.0,40.2003,0.0,5.3941,0.0,3.412,0.0,7.3242,0.0,7.3242,C0,0.0,C1,C1,C1
llama3,passage_count,7,count_em,12868,60783,9.2372,0.2047,0.1543,0.0045,0.0012,0.0,1.0,0.0,40.2003,0.0,5.3895,0.0,3.412,0.0,7.3242,0.0,7.3242,C0,0.0,C1,C1,C1
llama3,passage_count,8,count_em,17307,79574,8.6588,0.0863,0.0581,0.0034,0.001,1.0,1.0,0.0,40.2003,0.0,5.3944,1.0,3.412,1.0,7.3242,1.0,7.3242,C0,1.0,C4,C4,C4
llama3,passage_count,9,count_em,11552,54444,8.5926,0.1037,0.0848,0.005,0.001,0.0,1.0,0.0,40.2003,0.0,5.3931,0.0,3.412,0.0,7.3242,0.0,7.3242,C0,0.0,C1,C1,C1
llama3,passage_count,10,count_em,18085,82268,8.7851,0.1413,0.0849,0.7675,0.0011,0.0,1.0,0.0,40.2003,0.0,5.3904,0.0,3.412,0.0,7.3242,0.0,7.3242,C0,0.0,C1,C1,C1
llama3,passage_count,11,count_em,12795,58382,9.4539,0.3231,0.2034,0.3194,0.0011,0.0,1.0,0.0,40.2003,0.0,5.4027,0.0,3.412,0.0,7.3242,0.0,7.3242,C0,0.0,C1,C1,C1
llama3,passage_count,12,count_em,9166,40044,8.7163,0.1457,0.1233,0.0068,0.0014,0.0,1.0,0.0,40.2003,0.0,5.3874,0.0,3.412,0.0,7.3242,0.0,7.3242,C0,0.0,C1,C1,C1
llama3,passage_count,13,count_em,17204,73884,8.4383,0.0728,0.0545,0.0037,0.0012,0.0,1.0,0.0,40.2003,0.0,5.3873,0.0,3.412,0.0,7.3242,0.0,7.3242,C0,0.0,C1,C1,C1
llama3,passage_count,14,count_em,17229,75746,9.6663,0.2807,0.1846,0.9876,0.0013,0.0,1.0,0.0,40.2003,0.0,5.3997,0.0,3.412,0.0,7.3242,0.0,7.3242,C0,0.0,C1,C1,C1
llama3,passage_count,15,count_em,7714,35076,9.0484,0.2584,0.2092,0.0078,0.0013,0.0,1.0,0.0,40.2003,0.0,5.3955,0.0,3.412,0.0,7.3242,0.0,7.3242,C0,0.0,C1,C1,C1
llama3,passage_count,16,count_em,11199,53076,9.0566,0.2223,0.182,0.0051,0.0011,0.0,1.0,0.0,40.2003,0.0,5.3839,0.0,3.412,0.0,7.3242,0.0,7.3242,C0,0.0,C1,C1,C1
llama3,passage_count,17,count_em,16775,73969,8.6787,0.0915,0.0625,0.0037,0.001,1.0,1.0,1.0,40.2003,1.0,5.3944,1.0,3.412,1.0,7.3242,1.0,7.3242,C0,1.0,C1,C1,C1
llama3,passage_count,18,count_em,17101,75663,9.6157,0.3241,0.1894,0.6176,0.0011,0.0,1.0,0.0,40.2003,0.0,5.398,0.0,3.412,0.0,7.3242,0.0,7.3242,C0,0.0,C1,C1,C1
llama3,passage_count,19,count_em,15851,72937,9.4437,0.2935,0.1766,0.7509,0.001,0.0,1.0,0.0,40.2003,0.0,5.391,0.0,3.412,0.0,7.3242,0.0,7.3242,C0,0.0,C1,C1,C1
llama3,qasper,0,f1,3999,20581,8.4397,0.355,0.2751,0.9995,0.0033,0.0,1.0,0.0,21.4348,0.0,5.3615,0.0,3.412,0.0,3.9053,0.0,3.9053,C0,0.0,C1,C1,C1
llama3,qasper,1,f1,4592,22074,8.697,0.3531,0.248,0.9995,0.0028,0.363636,1.0,0.173913,24.6133,0.6,5.3755,0.363636,3.412,0.5,4.4844,0.5,4.4844,C2,0.6,C2,C2,C2
llama3,qasper,2,f1,3695,19082,8.4213,0.3517,0.2658,0.9995,0.0018,0.0,1.0,0.0,19.8054,0.0,5.364,0.0,3.412,0.0,3.6084,0.0,3.6084,C0,0.0,C1,C1,C1
llama3,qasper,3,f1,3986,18806,8.7996,0.3728,0.2908,0.9995,0.003,0.217391,1.0,0.050633,21.3651,0.5,5.3731,0.481481,3.412,0.222222,3.8926,0.222222,3.8926,C2,0.5,C2,C2,C2
llama3,qasper,4,f1,6965,34512,8.6029,0.3301,0.2152,0.9997,0.0024,0.243902,1.0,0.27027,37.3327,0.243902,5.4129,0.243902,3.412,0.222222,6.8018,0.352941,6.8018,C5,0.352941,C1,C1,C1
llama3,qasper,5,f1,3573,16144,8.7414,0.393,0.2936,0.9994,0.0028,0.0,1.0,0.0,19.1514,0.0,5.3672,0.0,3.412,0.0,3.4893,0.0,3.4893,C0,0.0,C1,C1,C1
llama3,qasper,6,f1,3628,16671,8.6023,0.3604,0.2696,0.9993,0.0027,0.506024,1.0,0.245614,19.4462,0.383562,5.3617,0.506024,3.412,0.318182,3.543,0.28,3.543,C0,0.506024,C3,C3,C3
llama3,qasper,7,f1,5496,27249,8.4002,0.3177,0.2174,0.9996,0.0029,1.0,1.0,1.0,29.4588,1.0,5.3908,1.0,3.412,1.0,5.3672,1.0,5.3672,C0,1.0,C1,C1,C1
llama3,qasper,8,f1,5733,27801,8.2917,0.2843,0.1833,0.9996,0.0023,1.0,1.0,1.0,30.7291,1.0,5.3882,1.0,3.412,1.0,5.5986,1.0,5.5986,C0,1.0,C1,C1,C1
llama3,qasper,9,f1,5641,26744,8.7704,0.3251,0.2235,0.9996,0.0028,0.5,1.0,0.5,30.236,0.222222,5.4011,0.5,3.412,0.5,5.5088,0.5,5.5088,C0,0.5,C1,C1,C1
llama3,qasper,10,f1,7516,31417,8.7211,0.3318,0.1813,0.9997,0.0029,0.545455,1.0,0.207547,40.2003,0.344828,5.4188,0.484848,3.412,0.411765,7.3242,0.411765,7.3242,C0,0.545455,C0,C0,C0
llama3,qasper,11,f1,5368,25709,8.6888,0.3506,0.2472,0.9996,0.0031,0.5,1.0,0.241379,28.7727,0.47619,5.3987,0.5,3.412,0.465116,5.2422,0.465116,5.2422,C0,0.5,C3,C2,C2
llama3,qasper,12,f1,4438,22129,8.6527,0.3723,0.2684,0.9995,0.0026,0.090909,1.0,0.05,23.7879,0.093023,5.3707,0.090909,3.412,0.125,4.334,0.125,4.334,C4,0.125,C2,C2,C2
llama3,qasper,13,f1,2962,14178,8.674,0.4034,0.3336,0.9993,0.0033,0.129032,1.0,0.068966,15.8765,0.074074,5.3455,0.129032,3.412,0.129032,2.8926,0.27027,2.8926,C5,0.27027,C3,C3,C3
llama3,qasper,14,f1,7191,34064,8.8178,0.334,0.2043,0.9997,0.003,0.08,1.0,0.043478,38.5441,0.063492,5.419,0.08,3.412,0.043478,7.0225,0.043478,7.0225,C0,0.08,C3,C3,C3
llama3,qasper,15,f1,2722,13171,8.2975,0.3493,0.2686,0.9992,0.0029,0.230769,1.0,0.3125,14.59,0.333333,5.3458,0.230769,3.412,0.272727,2.6582,0.230769,2.6582,C2,0.333333,C1,C1,C1
llama3,qasper,16,f1,4948,22048,8.7302,0.3602,0.2381,0.9995,0.0025,0.363636,1.0,0.75,26.5215,0.363636,5.3804,0.363636,3.412,0.307692,4.832,0.307692,4.832,C1,0.75,C1,C1,C1
llama3,qasper,17,f1,6646,32756,8.892,0.3376,0.2231,0.9997,0.0027,0.535714,1.0,0.407407,35.6229,0.628571,5.4127,0.535714,3.412,0.509091,6.4902,0.466667,6.4902,C2,0.628571,C2,C4,C4
llama3,qasper,18,f1,2926,14962,8.1419,0.3369,0.2587,0.9993,0.0022,0.8,1.0,0.571429,15.6835,0.8,5.3393,0.8,3.412,0.8,2.8574,0.8,2.8574,C0,0.8,C2,C2,C2
llama3,qasper,19,f1,7947,39961,8.9078,0.3301,0.2101,0.9997,0.0019,0.095238,1.0,0.0,40.2003,0.0,5.4214,0.095238,3.412,0.117647,7.3242,0.117647,7.3242,C4,0.117647,C4,C4,C4
llama3,qmsum,0,rouge1,10012,41672,7.545,0.272,0.096,0.9911,0.0142,0.323529,1.0,0.25,40.2003,0.326531,5.3822,0.323529,3.412,0.335878,7.3242,0.274809,7.3242,C4,0.335878,C4,C4,C4
llama3,qmsum,1,rouge1,15843,56671,7.5127,0.2885,0.0787,0.9998,0.0097,0.342857,1.0,0.372881,40.2003,0.337349,5.3914,0.269663,3.412,0.4,7.3242,0.4375,7.3242,C5,0.4375,C1,C1,C1
llama3,qmsum,2,rouge1,16874,60790,7.7147,0.308,0.0862,0.9999,0.0162,0.288889,1.0,0.307692,40.2003,0.264151,5.3898,0.325581,3.412,0.27907,7.3242,0.25974,7.3242,C3,0.325581,C1,C1,C1
llama3,qmsum,3,rouge1,26144,96263,7.5928,0.2853,0.0644,0.9999,0.0092,0.336449,1.0,0.222222,40.2003,0.304348,5.3953,0.327273,3.412,0.247423,7.3242,0.238095,7.3242,C0,0.336449,C0,C3,C2
llama3,qmsum,4,rouge1,5567,22945,7.3895,0.2929,0.1349,0.9996,0.0139,0.258621,1.0,0.32967,29.8394,0.316832,5.3621,0.275862,3.412,0.301887,5.4365,0.294118,5.4365,C1,0.32967,C1,C1,C1
llama3,qmsum,5,rouge1,16137,71346,8.5491,0.3307,0.1246,0.9975,0.0024,0.269841,1.0,0.240741,40.2003,0.290598,5.4132,0.306306,3.412,0.271845,7.3242,0.271845,7.3242,C3,0.306306,C4,C4,C4
llama3,qmsum,6,rouge1,10011,41676,7.5453,0.2723,0.0959,0.9998,0.0142,0.25974,1.0,0.205882,40.2003,0.243902,5.3821,0.25974,3.412,0.235294,7.3242,0.235294,7.3242,C0,0.25974,C3,C3,C4
llama3,qmsum,7,rouge1,29990,143787,9.0664,0.3143,0.1189,0.9999,0.0028,0.366667,1.0,0.372881,40.2003,0.366667,5.4048,0.366667,3.412,0.382353,7.3242,0.38806,7.3242,C5,0.38806,C1,C1,C1
llama3,qmsum,8,rouge1,18583,70557,7.8168,0.3149,0.0887,0.9932,0.0077,0.214765,1.0,0.239316,40.2003,0.242857,5.3982,0.206897,3.412,0.276423,7.3242,0.264463,7.3242,C4,0.276423,C1,C1,C1
llama3,qmsum,9,rouge1,13005,61340,8.4906,0.325,0.1366,0.9892,0.0021,0.293578,1.0,0.329897,40.2003,0.294737,5.4068,0.293578,3.412,0.336449,7.3242,0.333333,7.3242,C4,0.336449,C1,C1,C1
llama3,qmsum,10,rouge1,10088,40796,7.2656,0.2594,0.0857,0.946,0.0161,0.220183,1.0,0.151515,40.2003,0.321429,5.3758,0.209524,3.412,0.238532,7.3242,0.233333,7.3242,C2,0.321429,C4,C4,C4
llama3,qmsum,11,rouge1,11253,40990,7.5729,0.3031,0.0953,0.9817,0.0086,0.252427,1.0,0.1875,40.2003,0.178218,5.3955,0.285714,3.412,0.271845,7.3242,0.262626,7.3242,C3,0.285714,C4,C4,C4
llama3,qmsum,12,rouge1,8231,32494,7.1375,0.2571,0.0858,0.986,0.0146,0.272,1.0,0.26506,40.2003,0.208955,5.3798,0.306306,3.412,0.293578,7.3242,0.330275,7.3242,C5,0.330275,C4,C1,C1
llama3,qmsum,13,rouge1,12531,52225,7.631,0.2842,0.106,0.9998,0.0152,0.257426,1.0,0.336842,40.2003,0.22807,5.39,0.323232,3.412,0.27957,7.3242,0.28,7.3242,C1,0.336842,C1,C1,C1
llama3,qmsum,14,rouge1,18413,66906,7.5093,0.282,0.0679,0.9921,0.0104,0.271845,1.0,0.243243,40.2003,0.237624,5.3899,0.28,3.412,0.309278,7.3242,0.3,7.3242,C4,0.309278,C4,C4,C4
llama3,qmsum,15,rouge1,13348,50567,6.8193,0.2331,0.07,0.9823,0.0187,0.254545,1.0,0.168421,40.2003,0.207547,5.3711,0.216216,3.412,0.247788,7.3242,0.247788,7.3242,C0,0.254545,C0,C4,C4
llama3,qmsum,16,rouge1,25410,120528,9.0895,0.3251,0.1403,0.9999,0.003,0.227642,1.0,0.268041,40.2003,0.276923,5.4065,0.24,3.412,0.257576,7.3242,0.238095,7.3242,C2,0.276923,C1,C1,C1
llama3,qmsum,17,rouge1,12119,49902,7.5304,0.2706,0.089,0.9998,0.0134,0.317073,1.0,0.311688,40.2003,0.328767,5.3844,0.317073,3.412,0.324324,7.3242,0.346667,7.3242,C5,0.346667,C4,C1,C1
llama3,qmsum,18,rouge1,18416,66930,7.5101,0.2821,0.068,0.9918,0.0104,0.209302,1.0,0.253968,40.2003,0.179487,5.3897,0.214286,3.412,0.211765,7.3242,0.189189,7.3242,C1,0.253968,C1,C1,C1
llama3,qmsum,19,rouge1,5220,20018,6.724,0.2514,0.1084,0.9814,0.0191,0.26,1.0,0.190476,27.9794,0.234043,5.348,0.215686,3.412,0.24,5.0977,0.24,5.0977,C0,0.26,C0,C0,C2
llama3,trec,0,accuracy,4956,22067,7.5377,0.316,0.2611,0.9997,0.0234,1.0,1.0,1.0,26.5644,1.0,5.3626,1.0,3.412,1.0,4.8398,1.0,4.8398,C0,1.0,C1,C1,C1
llama3,trec,1,accuracy,7145,31651,7.5619,0.3048,0.2321,0.9998,0.0244,0.0,1.0,0.0,38.2975,0.0,5.3872,0.0,3.412,0.0,6.9775,0.0,6.9775,C0,0.0,C1,C1,C1
llama3,trec,2,accuracy,10958,48491,7.7814,0.3009,0.2111,0.9999,0.0241,0.0,1.0,0.0,40.2003,0.0,5.3949,0.0,3.412,0.0,7.3242,0.0,7.3242,C0,0.0,C1,C1,C1
llama3,trec,3,accuracy,3338,14683,7.3828,0.3373,0.2846,0.9995,0.0236,1.0,1.0,1.0,17.8918,1.0,5.3338,1.0,3.412,1.0,3.2598,1.0,3.2598,C0,1.0,C1,C1,C1
llama3,trec,4,accuracy,10064,44441,7.7338,0.3009,0.2204,0.9998,0.0242,0.0,1.0,0.0,40.2003,0.0,5.3953,0.0,3.412,0.0,7.3242,0.0,7.3242,C0,0.0,C1,C1,C1
llama3,trec,5,accuracy,4316,18986,7.3006,0.309,0.2477,0.9996,0.0249,1.0,1.0,1.0,23.134,1.0,5.3471,1.0,3.412,1.0,4.2148,1.0,4.2148,C0,1.0,C1,C1,C1
llama3,trec,6,accuracy,2849,12633,7.3902,0.3374,0.2945,0.9994,0.0237,0.0,1.0,0.0,15.2708,0.0,5.3251,0.0,3.412,0.0,2.7822,0.0,2.7822,C0,0.0,C1,C1,C1
llama3,trec,7,accuracy,9179,40923,7.6677,0.2964,0.2221,0.9998,0.024,1.0,1.0,1.0,40.2003,1.0,5.3927,1.0,3.412,1.0,7.3242,1.0,7.3242,C0,1.0,C1,C1,C1
llama3,trec,8,accuracy,10565,46752,7.8126,0.3025,0.2216,0.9999,0.0238,1.0,1.0,1.0,40.2003,1.0,5.3944,1.0,3.412,1.0,7.3242,1.0,7.3242,C0,1.0,C1,C1,C1
llama3,trec,9,accuracy,7817,34486,7.6659,0.3026,0.2318,0.9998,0.0239,1.0,1.0,1.0,40.2003,1.0,5.3955,1.0,3.412,1.0,7.3242,1.0,7.3242,C0,1.0,C1,C1,C1
llama3,trec,10,accuracy,11030,48978,7.89,0.304,0.2194,0.9999,0.0231,1.0,1.0,1.0,40.2003,1.0,5.3938,1.0,3.412,1.0,7.3242,1.0,7.3242,C0,1.0,C1,C1,C1
llama3,trec,11,accuracy,10282,45731,7.8247,0.3034,0.2211,0.9998,0.0235,1.0,1.0,1.0,40.2003,1.0,5.3938,1.0,3.412,1.0,7.3242,1.0,7.3242,C0,1.0,C1,C1,C1
llama3,trec,12,accuracy,2774,12440,7.2091,0.3334,0.287,0.9994,0.0239,0.0,1.0,0.0,14.8688,0.0,5.3182,0.0,3.412,0.0,2.709,0.0,2.709,C0,0.0,C1,C1,C1
llama3,trec,13,accuracy,10041,44636,7.7657,0.3005,0.2226,0.9998,0.0237,0.0,1.0,0.0,40.2003,0.0,5.3929,0.0,3.412,0.0,7.3242,0.0,7.3242,C0,0.0,C1,C1,C1
llama3,trec,14,accuracy,8470,37582,7.6394,0.3041,0.2262,0.9998,0.0242,1.0,1.0,1.0,40.2003,1.0,5.3934,1.0,3.412,1.0,7.3242,1.0,7.3242,C0,1.0,C1,C1,C1
llama3,trec,15,accuracy,8883,39237,7.6557,0.3005,0.2194,0.9998,0.024,1.0,1.0,1.0,40.2003,1.0,5.3927,1.0,3.412,1.0,7.3242,1.0,7.3242,C0,1.0,C1,C1,C1
llama3,trec,16,accuracy,8850,39057,7.7049,0.3051,0.2243,0.9998,0.0238,1.0,1.0,0.0,40.2003,1.0,5.3947,1.0,3.412,1.0,7.3242,1.0,7.3242,C0,1.0,C4,C4,C4
llama3,trec,17,accuracy,6265,27941,7.6663,0.3159,0.2496,0.9997,0.0237,1.0,1.0,1.0,33.5807,1.0,5.3778,1.0,3.412,1.0,6.1182,1.0,6.1182,C0,1.0,C1,C1,C1
llama3,trec,18,accuracy,5991,26687,7.5822,0.3149,0.2495,0.9997,0.0241,1.0,1.0,1.0,32.112,1.0,5.3759,1.0,3.412,1.0,5.8506,1.0,5.8506,C0,1.0,C1,C1,C1
llama3,trec,19,accuracy,11176,49551,7.73,0.2964,0.211,0.9999,0.0241,1.0,1.0,1.0,40.2003,1.0,5.3948,1.0,3.412,1.0,7.3242,1.0,7.3242,C0,1.0,C1,C1,C1
llama3,triviaqa,0,f1,5506,23489,9.3091,0.4315,0.3482,0.9711,0.0139,1.0,1.0,1.0,29.5124,1.0,5.3798,1.0,3.412,1.0,5.377,1.0,5.377,C0,1.0,C1,C1,C1
llama3,triviaqa,1,f1,20031,85780,10.2352,0.4154,0.2659,0.9999,0.012,1.0,1.0,1.0,40.2003,1.0,5.418,1.0,3.412,1.0,7.3242,1.0,7.3242,C0,1.0,C1,C1,C1
llama3,triviaqa,2,f1,12920,55689,9.8841,0.4137,0.2892,0.9998,0.0096,1.0,1.0,1.0,40.2003,1.0,5.4013,1.0,3.412,1.0,7.3242,1.0,7.3242,C0,1.0,C1,C1,C1
llama3,triviaqa,3,f1,11013,47493,9.7234,0.4216,0.2947,0.9998,0.0106,0.571429,1.0,0.571429,40.2003,0.333333,5.4006,0.571429,3.412,0.571429,7.3242,0.571429,7.3242,C0,0.571429,C1,C1,C1
llama3,triviaqa,4,f1,8326,36757,9.7764,0.4334,0.347,0.9997,0.0094,1.0,1.0,1.0,40.2003,1.0,5.3995,1.0,3.412,1.0,7.3242,1.0,7.3242,C0,1.0,C1,C1,C1
llama3,triviaqa,5,f1,10453,44556,9.8651,0.4275,0.3041,0.9998,0.0077,1.0,1.0,1.0,40.2003,1.0,5.4072,1.0,3.412,1.0,7.3242,1.0,7.3242,C0,1.0,C1,C1,C1
llama3,triviaqa,6,f1,10376,40413,9.6745,0.4218,0.2876,0.9998,0.0199,1.0,1.0,1.0,40.2003,1.0,5.4002,1.0,3.412,1.0,7.3242,1.0,7.3242,C0,1.0,C1,C1,C1
llama3,triviaqa,7,f1,11311,47275,9.8567,0.4253,0.302,0.9998,0.0141,0.4,1.0,0.307692,40.2003,0.5,5.4111,0.4,3.412,0.4,7.3242,0.4,7.3242,C2,0.5,C4,C4,C4
llama3,triviaqa,8,f1,7724,31840,9.5544,0.4356,0.322,0.9997,0.0109,1.0,1.0,1.0,40.2003,1.0,5.4087,1.0,3.412,1.0,7.3242,1.0,7.3242,C0,1.0,C1,C1,C1
llama3,triviaqa,9,f1,4342,16034,8.659,0.4387,0.3194,0.9994,0.0158,1.0,1.0,1.0,23.2733,1.0,5.355,1.0,3.412,1.0,4.2402,1.0,4.2402,C0,1.0,C1,C1,C1
llama3,triviaqa,10,f1,18145,76648,10.0678,0.4129,0.2681,0.9999,0.0121,1.0,1.0,1.0,40.2003,1.0,5.404,1.0,3.412,1.0,7.3242,1.0,7.3242,C0,1.0,C1,C1,C1
llama3,triviaqa,11,f1,11796,51154,9.8023,0.4091,0.292,0.9998,0.0106,1.0,1.0,1.0,40.2003,1.0,5.3964,1.0,3.412,1.0,7.3242,1.0,7.3242,C0,1.0,C1,C1,C1
llama3,triviaqa,12,f1,19728,83538,10.0535,0.4093,0.2526,0.9999,0.0121,1.0,1.0,1.0,40.2003,1.0,5.4008,1.0,3.412,1.0,7.3242,1.0,7.3242,C0,1.0,C1,C1,C1
llama3,triviaqa,13,f1,3265,14180,9.0301,0.4352,0.3807,0.9993,0.0136,1.0,1.0,1.0,17.5006,1.0,5.3358,1.0,3.412,1.0,3.1885,1.0,3.1885,C0,1.0,C1,C1,C1
llama3,triviaqa,14,f1,20796,87722,10.1281,0.4156,0.2575,0.9999,0.0102,1.0,1.0,1.0,40.2003,1.0,5.412,1.0,3.412,1.0,7.3242,1.0,7.3242,C0,1.0,C1,C1,C1
llama3,triviaqa,15,f1,4908,22747,9.2835,0.4253,0.3775,0.9996,0.0079,1.0,1.0,1.0,26.3071,1.0,5.3667,1.0,3.412,1.0,4.793,1.0,4.793,C0,1.0,C1,C1,C1
llama3,triviaqa,16,f1,10231,42226,9.7102,0.4236,0.2923,0.9998,0.0109,1.0,1.0,1.0,40.2003,1.0,5.4032,1.0,3.412,1.0,7.3242,1.0,7.3242,C0,1.0,C1,C1,C1
llama3,triviaqa,17,f1,13960,57722,9.8074,0.3969,0.2583,0.9998,0.0128,1.0,1.0,1.0,40.2003,1.0,5.4037,1.0,3.412,1.0,7.3242,1.0,7.3242,C0,1.0,C1,C1,C1
llama3,triviaqa,18,f1,14332,61082,9.9033,0.4151,0.2787,0.9998,0.0104,0.666667,1.0,0.666667,40.2003,0.666667,5.4012,0.666667,3.412,0.666667,7.3242,0.666667,7.3242,C0,0.666667,C1,C1,C1
llama3,triviaqa,19,f1,8168,35421,9.6464,0.4262,0.3249,0.9997,0.0103,1.0,1.0,1.0,40.2003,1.0,5.4011,1.0,3.412,1.0,7.3242,1.0,7.3242,C0,1.0,C1,C1,C1
llama32_3b,2wikimqa,0,f1,7070,28692,9.2384,0.4218,0.2836,0.9997,0.0066,0.0,1.0,0.0,38.0549,0.0,5.4672,0.0,3.412,0.0,6.9043,0.0,6.9043,C0,0.0,C1,C1,C1
llama32_3b,2wikimqa,1,f1,14710,62672,9.5357,0.3981,0.2328,0.9999,0.0057,1.0,1.0,1.0,40.3694,1.0,5.4738,1.0,3.412,1.0,7.3242,1.0,7.3242,C0,1.0,C1,C1,C1
llama32_3b,2wikimqa,2,f1,4009,17129,8.6992,0.4018,0.3173,0.9995,0.0109,0.0,1.0,0.0,21.5788,0.0,5.4295,0.0,3.412,0.0,3.915,0.0,3.915,C0,0.0,C1,C1,C1
llama32_3b,2wikimqa,3,f1,6890,26490,8.6988,0.3843,0.2244,0.9997,0.008,0.181818,1.0,0.0,37.0861,0.181818,5.4521,0.181818,3.412,0.181818,6.7285,0.181818,6.7285,C0,0.181818,C4,C4,C4
llama32_3b,2wikimqa,4,f1,7010,30077,9.1558,0.4025,0.2845,0.9997,0.0051,0.0,1.0,0.0,37.732,0.0,5.451,0.0,3.412,0.0,6.8457,0.0,6.8457,C0,0.0,C1,C1,C1
llama32_3b,2wikimqa,5,f1,14559,63474,9.451,0.3858,0.2337,0.9999,0.0045,0.0,1.0,0.0,40.3694,0.0,5.4592,0.0,3.412,0.0,7.3242,0.0,7.3242,C0,0.0,C1,C1,C1
llama32_3b,2wikimqa,6,f1,10916,48092,9.3894,0.403,0.2615,0.9998,0.0044,1.0,1.0,0.0,40.3694,1.0,5.4642,1.0,3.412,1.0,7.3242,1.0,7.3242,C0,1.0,C4,C4,C4
llama32_3b,2wikimqa,7,f1,6227,26363,8.9573,0.3937,0.2685,0.9997,0.0077,0.0,1.0,0.0,33.5174,0.0,5.4605,0.0,3.412,0.0,6.0811,0.0,6.0811,C0,0.0,C1,C1,C1
llama32_3b,2wikimqa,8,f1,5479,22599,9.1511,0.4226,0.3209,0.9996,0.0102,0.0,1.0,0.0,29.4912,0.0,5.4416,0.0,3.412,0.0,5.3506,0.0,5.3506,C0,0.0,C1,C1,C1
llama32_3b,2wikimqa,9,f1,8532,36479,9.5704,0.4232,0.3131,0.9998,0.0089,1.0,1.0,1.0,40.3694,1.0,5.4698,1.0,3.412,1.0,7.3242,1.0,7.3242,C0,1.0,C1,C1,C1
llama32_3b,2wikimqa,10,f1,6391,26415,9.4373,0.4482,0.3472,0.9997,0.0083,1.0,1.0,0.0,34.4001,1.0,5.4605,1.0,3.412,1.0,6.2412,1.0,6.2412,C0,1.0,C4,C4,C4
llama32_3b,2wikimqa,11,f1,6360,24808,9.2092,0.3527,0.2704,0.9996,0.0123,1.0,1.0,1.0,34.2333,1.0,5.4353,1.0,3.412,1.0,6.2109,1.0,6.2109,C0,1.0,C1,C1,C1
llama32_3b,2wikimqa,12,f1,3984,16191,9.0796,0.4612,0.3898,0.9994,0.0146,0.8,1.0,0.8,21.4442,0.8,5.4239,0.8,3.412,0.8,3.8906,0.8,3.8906,C0,0.8,C1,C1,C1
llama32_3b,2wikimqa,13,f1,13857,59643,9.3056,0.3694,0.2105,0.9998,0.005,1.0,1.0,1.0,40.3694,1.0,5.4701,1.0,3.412,1.0,7.3242,1.0,7.3242,C0,1.0,C1,C1,C1
llama32_3b,2wikimqa,14,f1,5994,22292,9.2193,0.4388,0.2995,0.9996,0.0082,0.5,1.0,0.5,32.2633,0.5,5.4261,0.5,3.412,0.5,5.8535,0.5,5.8535,C0,0.5,C1,C1,C1
llama32_3b,2wikimqa,15,f1,5071,20096,7.9043,0.3382,0.2041,0.9996,0.0043,0.333333,1.0,0.333333,27.2951,0.333333,5.4331,0.333333,3.412,0.333333,4.9521,0.333333,4.9521,C0,0.333333,C1,C1,C1
llama32_3b,2wikimqa,16,f1,14271,61863,9.4106,0.3833,0.231,0.9999,0.0047,0.0,1.0,0.0,40.3694,0.0,5.4615,0.0,3.412,0.0,7.3242,0.0,7.3242,C0,0.0,C1,C1,C1
llama32_3b,2wikimqa,17,f1,5211,22652,9.2454,0.4276,0.3514,0.9996,0.0079,0.0,1.0,0.0,28.0487,0.0,5.4459,0.0,3.412,0.0,5.0889,0.0,5.0889,C0,0.0,C1,C1,C1
llama32_3b,2wikimqa,18,f1,5788,24101,9.2209,0.4376,0.343,0.9996,0.0093,0.666667,1.0,0.0,31.1544,0.666667,5.4447,0.666667,3.412,0.666667,5.6523,0.666667,5.6523,C0,0.666667,C4,C4,C4
llama32_3b,2wikimqa,19,f1,9035,36831,9.3129,0.4129,0.2614,0.9998,0.0094,1.0,1.0,1.0,40.3694,1.0,5.4561,1.0,3.412,1.0,7.3242,1.0,7.3242,C0,1.0,C1,C1,C1
llama32_3b,gov_report,0,rouge1,10697,53640,8.4731,0.283,0.1465,0.6293,0.0001,0.489247,1.0,0.215827,40.3694,0.501408,5.4423,0.502703,3.412,0.380665,7.3242,0.366972,7.3242,C3,0.502703,C2,C2,C2
llama32_3b,gov_report,1,rouge1,18663,92252,9.0928,0.3043,0.1485,0.9202,0.0001,0.62259,1.0,0.248366,40.3694,0.342679,5.4514,0.594118,3.412,0.33241,7.3242,0.435331,7.3242,C0,0.62259,C0,C3,C3
llama32_3b,gov_report,2,rouge1,7737,38930,8.184,0.2741,0.1638,,0.0002,0.562674,1.0,0.297735,40.3694,0.534483,5.4513,0.449735,3.412,0.31003,7.3242,0.378223,7.3242,C0,0.562674,C0,C0,C2
llama32_3b,gov_report,3,rouge1,2656,13938,8.2162,0.3637,0.2925,,0.0005,0.420233,1.0,0.3,14.2962,0.432,5.3952,0.418605,3.412,0.40678,2.5938,0.421053,2.5938,C2,0.432,C2,C2,C2
llama32_3b,gov_report,4,rouge1,13262,65941,8.8999,0.3124,0.1706,0.6288,0.0001,0.398249,1.0,0.202765,40.3694,0.402597,5.4647,0.331002,3.412,0.31068,7.3242,0.291457,7.3242,C2,0.402597,C2,C2,C2
llama32_3b,gov_report,5,rouge1,8962,43358,8.4292,0.2968,0.1599,,0.0002,0.447674,1.0,0.334365,40.3694,0.496599,5.4613,0.48048,3.412,0.369231,7.3242,0.344595,7.3242,C2,0.496599,C2,C2,C2
llama32_3b,gov_report,6,rouge1,8151,46529,8.5585,0.2849,0.1759,0.8959,0.0002,0.482436,1.0,0.195846,40.3694,0.415385,5.4673,0.454082,3.412,0.328841,7.3242,0.359249,7.3242,C0,0.482436,C0,C0,C3
llama32_3b,gov_report,7,rouge1,6381,34367,8.2872,0.29,0.1783,,0.0002,0.461207,1.0,0.18,34.3463,0.407407,5.4395,0.376744,3.412,0.254453,6.2314,0.273171,6.2314,C0,0.461207,C0,C0,C0
llama32_3b,gov_report,8,rouge1,2810,14349,7.8916,0.3348,0.2456,,0.0005,0.440217,1.0,0.253369,15.1251,0.435013,5.3847,0.423773,3.412,0.358839,2.7441,0.368984,2.7441,C0,0.440217,C0,C2,C2
llama32_3b,gov_report,9,rouge1,20394,102565,8.8963,0.2931,0.1259,,0.0001,0.332762,1.0,0.261343,40.3694,0.296041,5.4509,0.305263,3.412,0.260575,7.3242,0.265957,7.3242,C0,0.332762,C0,C0,C3
llama32_3b,gov_report,10,rouge1,6081,32826,8.5808,0.3445,0.2529,0.2857,0.0002,0.334471,1.0,0.271605,32.7315,0.307692,5.4527,0.329966,3.412,0.303887,5.9385,0.360784,5.9385,C5,0.360784,C5,C5,C4
llama32_3b,gov_report,11,rouge1,4186,19201,8.1371,0.3423,0.2121,,0.0004,0.43026,1.0,0.293963,22.5315,0.365039,5.4239,0.418953,3.412,0.295337,4.0879,0.261538,4.0879,C0,0.43026,C0,C3,C3
llama32_3b,gov_report,12,rouge1,6736,38155,8.6379,0.3184,0.2199,,0.0002,0.44389,1.0,0.139942,36.2571,0.357955,5.4471,0.372796,3.412,0.344633,6.5781,0.339066,6.5781,C0,0.44389,C0,C0,C0
llama32_3b,gov_report,13,rouge1,4632,24989,8.109,0.3122,0.2118,,0.0003,0.434783,1.0,0.255193,24.9322,0.431169,5.4137,0.380697,3.412,0.358442,4.5234,0.355091,4.5234,C0,0.434783,C2,C2,C2
llama32_3b,gov_report,14,rouge1,5712,27046,8.6594,0.3681,0.2509,0.9979,0.0003,0.402715,1.0,0.104683,30.7454,0.350962,5.4515,0.400943,3.412,0.277647,5.5781,0.334096,5.5781,C0,0.402715,C3,C3,C3
llama32_3b,gov_report,15,rouge1,5718,30185,8.7252,0.3677,0.2854,0.993,0.0002,0.323944,1.0,0.215517,30.7777,0.264407,5.4351,0.266234,3.412,0.271429,5.584,0.227106,5.584,C0,0.323944,C0,C0,C0
llama32_3b,gov_report,16,rouge1,4218,22425,8.4086,0.3415,0.275,0.9084,0.0003,0.409091,1.0,0.286738,22.7038,0.342183,5.4251,0.410526,3.412,0.358491,4.1191,0.401216,4.1191,C3,0.410526,C3,C5,C5
llama32_3b,gov_report,17,rouge1,18156,95443,8.6124,0.2647,0.1212,0.949,0.0001,0.388451,1.0,0.244776,40.3694,0.348525,5.4407,0.409574,3.412,0.389474,7.3242,0.365591,7.3242,C3,0.409574,C4,C4,C4
llama32_3b,gov_report,18,rouge1,4627,22492,8.203,0.3152,0.2083,,0.0003,0.511041,1.0,0.417582,24.9053,0.512346,5.4405,0.511182,3.412,0.432432,4.5186,0.496552,4.5186,C2,0.512346,C2,C2,C2
llama32_3b,gov_report,19,rouge1,2818,15225,8.2116,0.3663,0.3034,,0.0005,0.384449,1.0,0.167464,15.1681,0.444444,5.3907,0.38512,3.412,0.292906,2.752,0.2954,2.752,C2,0.444444,C2,C2,C2
llama32_3b,hotpotqa,0,f1,11345,54414,9.3786,0.3765,0.2538,0.9998,0.0039,0.333333,1.0,0.333333,40.3694,0.333333,5.4694,0.333333,3.412,0.333333,7.3242,0.333333,7.3242,C0,0.333333,C1,C1,C1
llama32_3b,hotpotqa,1,f1,16253,72455,9.3354,0.3635,0.2117,0.9999,0.003,0.0,1.0,0.0,40.3694,0.0,5.4746,0.0,3.412,0.0,7.3242,0.0,7.3242,C0,0.0,C1,C1,C1
llama32_3b,hotpotqa,2,f1,11033,48472,9.5235,0.4002,0.2607,0.9998,0.0059,0.4,1.0,0.4,40.3694,1.0,5.4482,0.4,3.412,0.4,7.3242,0.4,7.3242,C2,1.0,C1,C1,C1
llama32_3b,hotpotqa,3,f1,16339,77553,9.7124,0.3832,0.2529,0.9999,0.0046,0.0,1.0,0.0,40.3694,0.0,5.4627,0.0,3.412,0.0,7.3242,0.0,7.3242,C0,0.0,C1,C1,C1
llama32_3b,hotpotqa,4,f1,16243,80361,8.8794,0.2523,0.1606,0.9999,0.0402,0.0,1.0,0.0,40.3694,0.0,5.4667,0.0,3.412,0.0,7.3242,0.0,7.3242,C0,0.0,C1,C1,C1
llama32_3b,hotpotqa,5,f1,5046,19649,8.6993,0.4065,0.2782,0.9995,0.0062,1.0,1.0,0.333333,27.1606,1.0,5.4348,1.0,3.412,1.0,4.9277,1.0,4.9277,C0,1.0,C2,C2,C2
llama32_3b,hotpotqa,6,f1,16368,75436,9.4145,0.3785,0.2102,0.9999,0.004,0.0,1.0,0.0,40.3694,0.0,5.4716,0.0,3.412,0.0,7.3242,0.0,7.3242,C0,0.0,C1,C1,C1
llama32_3b,hotpotqa,7,f1,13519,58965,9.6631,0.3994,0.2516,0.9998,0.005,0.0,1.0,0.0,40.3694,0.0,5.4571,0.0,3.412,0.0,7.3242,0.0,7.3242,C0,0.0,C1,C1,C1
llama32_3b,hotpotqa,8,f1,9709,42966,9.6744,0.4149,0.3151,0.9998,0.0056,0.08,1.0,0.08,40.3694,0.076923,5.4629,0.08,3.412,0.071429,7.3242,0.071429,7.3242,C0,0.08,C1,C1,C1
llama32_3b,hotpotqa,9,f1,11220,47315,8.8959,0.3591,0.1946,0.9998,0.0066,0.4,1.0,0.4,40.3694,0.4,5.4385,0.4,3.412,0.4,7.3242,0.4,7.3242,C0,0.4,C1,C1,C1
llama32_3b,hotpotqa,10,f1,15466,67481,9.4427,0.393,0.2435,0.9999,0.0047,1.0,1.0,1.0,40.3694,1.0,5.467,1.0,3.412,1.0,7.3242,1.0,7.3242,C0,1.0,C1,C1,C1
llama32_3b,hotpotqa,11,f1,15969,76568,9.4284,0.37,0.2278,0.9999,0.0039,0.0,1.0,0.0,40.3694,0.0,5.4612,0.0,3.412,0.0,7.3242,0.0,7.3242,C0,0.0,C1,C1,C1
llama32_3b,hotpotqa,12,f1,3507,16166,9.0833,0.4285,0.3884,0.9994,0.0067,0.666667,1.0,0.666667,18.8767,1.0,5.4095,0.666667,3.412,0.666667,3.4248,0.666667,3.4248,C2,1.0,C1,C1,C1
llama32_3b,hotpotqa,13,f1,13481,61276,9.3435,0.3763,0.2268,0.9999,0.0043,0.0,1.0,0.0,40.3694,0.0,5.4484,0.0,3.412,0.0,7.3242,0.0,7.3242,C0,0.0,C1,C1,C1
llama32_3b,hotpotqa,14,f1,13330,48910,9.6626,0.4153,0.2658,0.9998,0.0082,0.0,1.0,0.0,40.3694,0.0,5.4426,0.0,3.412,0.133333,7.3242,0.133333,7.3242,C4,0.133333,C1,C1,C1
llama32_3b,hotpotqa,15,f1,14429,62696,9.4936,0.3783,0.2263,0.9999,0.0062,1.0,1.0,0.666667,40.3694,1.0,5.4539,0.666667,3.412,1.0,7.3242,1.0,7.3242,C0,1.0,C4,C4,C4
llama32_3b,hotpotqa,16,f1,10884,44633,9.1698,0.3814,0.2242,0.9998,0.0071,1.0,1.0,1.0,40.3694,1.0,5.4618,1.0,3.412,1.0,7.3242,1.0,7.3242,C0,1.0,C1,C1,C1
llama32_3b,hotpotqa,17,f1,15393,72591,9.7743,0.3882,0.2658,0.9999,0.0034,0.0,1.0,0.0,40.3694,0.0,5.469,0.0,3.412,0.0,7.3242,0.0,7.3242,C0,0.0,C1,C1,C1
llama32_3b,hotpotqa,18,f1,16111,69660,9.2338,0.3726,0.1978,0.9999,0.0033,0.5,1.0,0.8,40.3694,0.5,5.4599,0.5,3.412,0.8,7.3242,0.8,7.3242,C1,0.8,C1,C1,C1
llama32_3b,hotpotqa,19,f1,14628,69032,9.4605,0.3848,0.2467,0.9999,0.004,0.5,1.0,0.5,40.3694,0.5,5.4573,0.5,3.412,0.5,7.3242,0.5,7.3242,C0,0.5,C1,C1,C1
llama32_3b,multi_news,0,rouge1,2662,12628,8.1994,0.3998,0.34,0.8747,0.001,0.271777,1.0,0.235741,14.3285,0.236486,5.3723,0.299363,3.412,0.232558,2.5996,0.245734,2.5996,C3,0.299363,C3,C3,C3
llama32_3b,multi_news,1,rouge1,2973,13328,8.0942,0.3761,0.293,0.69,0.0011,0.414474,1.0,0.078431,16.0024,0.388535,5.3872,0.366102,3.412,0.355872,2.9033,0.309963,2.9033,C0,0.414474,C0,C0,C2
llama32_3b,multi_news,2,rouge1,843,3710,7.5069,0.4417,0.4211,,0.003,0.445255,1.0,0.301075,4.5375,0.47482,5.26,0.394265,3.412,0.445255,1.0,0.445255,1.0,C2,0.47482,C2,C2,C2
llama32_3b,multi_news,3,rouge1,3932,18731,7.3592,0.3172,0.2368,0.9764,0.0006,0.27907,1.0,0.190955,21.1644,0.237037,5.3872,0.332155,3.412,0.267101,3.8398,0.277778,3.8398,C3,0.332155,C5,C4,C4
llama32_3b,multi_news,4,rouge1,2987,13401,8.4979,0.428,0.3525,0.6453,0.001,0.25,1.0,0.204334,16.0778,0.265537,5.3979,0.26703,3.412,0.232955,2.917,0.235955,2.917,C3,0.26703,C2,C2,C2
llama32_3b,multi_news,5,rouge1,3864,18395,8.5728,0.4005,0.3165,0.8686,0.0009,0.255682,1.0,0.191176,20.7983,0.287356,5.417,0.263158,3.412,0.247788,3.7734,0.265432,3.7734,C2,0.287356,C2,C2,C2
llama32_3b,multi_news,6,rouge1,1241,5610,7.9327,0.4419,0.4085,0.7381,0.002,0.256098,1.0,0.186667,6.6798,0.258065,5.3011,0.255452,3.412,0.271605,1.2119,0.263666,1.2119,C4,0.271605,C2,C2,C2
llama32_3b,multi_news,7,rouge1,3825,18745,8.3485,0.3706,0.2897,0.8836,0.0006,0.281967,1.0,0.232877,20.5884,0.300699,5.4105,0.288525,3.412,0.354098,3.7354,0.341637,3.7354,C4,0.354098,C2,C2,C2
llama32_3b,multi_news,8,rouge1,2218,10063,7.8031,0.3696,0.2836,,0.0013,0.397394,1.0,0.176,11.9386,0.393443,5.3561,0.434211,3.412,0.341297,2.166,0.271523,2.166,C3,0.434211,C2,C2,C2
llama32_3b,multi_news,9,rouge1,1153,5082,7.908,0.4583,0.4345,0.9603,0.0022,0.445748,1.0,0.264615,6.2061,0.371257,5.29,0.473988,3.412,0.448864,1.126,0.411268,1.126,C3,0.473988,C3,C3,C3
llama32_3b,multi_news,10,rouge1,7439,34688,9.0028,0.3478,0.2496,,0.0004,0.363636,1.0,0.27907,40.0411,0.339181,5.4518,0.352941,3.412,0.332326,7.2646,0.365385,7.2646,C5,0.365385,C5,C5,C4
llama32_3b,multi_news,11,rouge1,1932,8923,7.747,0.3751,0.3059,,0.0012,0.402985,1.0,0.230159,10.3992,0.346154,5.3467,0.352941,3.412,0.320611,1.8867,0.338462,1.8867,C0,0.402985,C0,C0,C0
llama32_3b,multi_news,12,rouge1,2629,13280,7.8939,0.3243,0.267,,0.001,0.343949,1.0,0.26943,14.1508,0.33887,5.3795,0.397059,3.412,0.378378,2.5674,0.398406,2.5674,C5,0.398406,C3,C2,C2
llama32_3b,multi_news,13,rouge1,2978,14203,7.9905,0.3576,0.2754,,0.0009,0.306569,1.0,0.117647,16.0294,0.330769,5.3886,0.312727,3.412,0.257576,2.9082,0.249027,2.9082,C2,0.330769,C2,C2,C2
llama32_3b,multi_news,14,rouge1,874,3980,7.6021,0.4372,0.4405,,0.0028,0.29703,1.0,0.235294,4.7044,0.306709,5.2556,0.255738,3.412,0.29932,1.0,0.29932,1.0,C2,0.306709,C2,C2,C2
llama32_3b,multi_news,15,rouge1,2736,12552,8.047,0.3785,0.2979,,0.0009,0.408046,1.0,0.264407,14.7268,0.335664,5.3866,0.390244,3.412,0.362319,2.6719,0.318043,2.6719,C0,0.408046,C0,C3,C3
llama32_3b,multi_news,16,rouge1,2044,8902,7.9208,0.4151,0.3283,0.3315,0.0012,0.297143,1.0,0.192982,11.002,0.277027,5.3688,0.340176,3.412,0.235741,1.9961,0.235741,1.9961,C3,0.340176,C3,C3,C2
llama32_3b,multi_news,17,rouge1,1572,7308,8.1072,0.4353,0.4097,,0.0015,0.263345,1.0,0.256604,8.4614,0.2875,5.3278,0.296552,3.412,0.258065,1.5352,0.289474,1.5352,C3,0.296552,C2,C1,C1
llama32_3b,multi_news,18,rouge1,4538,22086,8.4441,0.3711,0.2757,0.9707,0.0005,0.285714,1.0,0.19242,24.4262,0.3375,5.4235,0.314286,3.412,0.277228,4.4316,0.307246,4.4316,C2,0.3375,C2,C2,C2
llama32_3b,multi_news,19,rouge1,1527,6950,7.5228,0.3736,0.298,0.2747,0.0019,0.458904,1.0,0.224,8.2192,0.519856,5.3253,0.4,3.412,0.435424,1.4912,0.413793,1.4912,C2,0.519856,C2,C2,C2
llama32_3b,multifieldqa_en,0,f1,1529,5225,7.6562,0.454,0.3362,0.9983,0.0188,0.75,1.0,0.75,8.23,0.75,5.3311,0.75,3.412,0.75,1.4932,0.75,1.4932,C0,0.75,C1,C1,C1
llama32_3b,multifieldqa_en,1,f1,3037,14071,8.3041,0.3913,0.3112,0.9994,0.0068,1.0,1.0,1.0,16.3469,1.0,5.411,1.0,3.412,1.0,2.9658,1.0,2.9658,C0,1.0,C1,C1,C1
llama32_3b,multifieldqa_en,2,f1,9520,45349,9.0305,0.2622,0.1791,0.9998,0.0015,0.055556,1.0,0.095238,40.3694,0.055556,5.4638,0.055556,3.412,0.052632,7.3242,0.052632,7.3242,C1,0.095238,C1,C1,C1
llama32_3b,multifieldqa_en,3,f1,7393,31608,8.3178,0.3094,0.1658,0.9997,0.003,0.727273,1.0,0.888889,39.7935,0.727273,5.4844,0.727273,3.412,0.727273,7.2197,0.727273,7.2197,C1,0.888889,C1,C1,C1
llama32_3b,multifieldqa_en,4,f1,7479,33949,9.2387,0.3893,0.2805,0.9997,0.0111,0.0,1.0,0.0,40.2564,0.25,5.449,0.0,3.412,0.1,7.3037,0.1,7.3037,C2,0.25,C1,C1,C1
llama32_3b,multifieldqa_en,5,f1,6599,19528,8.42,0.3644,0.177,0.9995,0.0277,0.764706,1.0,0.571429,35.5197,0.571429,5.4377,0.764706,3.412,0.764706,6.4443,0.764706,6.4443,C0,0.764706,C4,C4,C4
llama32_3b,multifieldqa_en,6,f1,6288,20826,8.3493,0.3338,0.1625,0.9996,0.0181,0.392157,1.0,0.782609,33.8457,0.233333,5.4877,0.421053,3.412,0.642857,6.1406,0.642857,6.1406,C1,0.782609,C1,C1,C1
llama32_3b,multifieldqa_en,7,f1,3684,6000,7.881,0.3659,0.1707,,0.0018,1.0,1.0,1.0,19.8295,1.0,5.3909,1.0,3.412,1.0,3.5977,1.0,3.5977,C0,1.0,C1,C1,C1
llama32_3b,multifieldqa_en,8,f1,4463,21852,8.6743,0.3954,0.3079,0.9996,0.0053,0.8,1.0,1.0,24.0225,0.8,5.445,0.8,3.412,0.8,4.3584,0.8,4.3584,C1,1.0,C1,C1,C1
llama32_3b,multifieldqa_en,9,f1,3178,15563,8.257,0.3579,0.2618,0.9994,0.0068,0.0,1.0,0.0,17.1059,0.117647,5.4045,0.0,3.412,0.0,3.1035,0.0,3.1035,C2,0.117647,C1,C1,C1
llama32_3b,multifieldqa_en,10,f1,2108,8995,8.0773,0.4297,0.3283,0.999,0.0073,0.62069,1.0,0.516129,11.3465,0.62069,5.3663,0.62069,3.412,0.62069,2.0586,0.62069,2.0586,C0,0.62069,C2,C2,C2
llama32_3b,multifieldqa_en,11,f1,6202,31240,8.584,0.3354,0.2127,0.9997,0.0046,0.4,1.0,0.384615,33.3828,0.4,5.4663,0.4,3.412,0.4,6.0566,0.4,6.0566,C0,0.4,C4,C1,C1
llama32_3b,multifieldqa_en,12,f1,4972,21982,8.6984,0.3497,0.2548,0.9996,0.0022,0.8,1.0,0.454545,26.7622,0.553191,5.4342,0.8,3.412,0.487805,4.8555,0.709677,4.8555,C0,0.8,C3,C3,C3
llama32_3b,multifieldqa_en,13,f1,14997,56541,8.4065,0.2042,0.0928,0.9998,0.0092,1.0,1.0,1.0,40.3694,1.0,5.4568,1.0,3.412,1.0,7.3242,1.0,7.3242,C0,1.0,C1,C1,C1
llama32_3b,multifieldqa_en,14,f1,3785,14403,9.4641,0.4404,0.3868,0.9994,0.0044,0.0,1.0,0.0,20.3731,0.0,5.4408,0.0,3.412,0.0,3.6963,0.0,3.6963,C0,0.0,C1,C1,C1
llama32_3b,multifieldqa_en,15,f1,9461,42138,9.0572,0.3951,0.2222,0.9998,0.0058,0.0,1.0,0.111111,40.3694,0.0,5.4828,0.0,3.412,0.090909,7.3242,0.090909,7.3242,C1,0.111111,C1,C1,C1
llama32_3b,multifieldqa_en,16,f1,7656,33274,9.3051,0.4012,0.2701,0.9997,0.005,0.0,1.0,0.0,40.3694,0.0,5.4714,0.0,3.412,0.0,7.3242,0.0,7.3242,C0,0.0,C1,C1,C1
llama32_3b,multifieldqa_en,17,f1,3704,13757,7.6487,0.2999,0.1712,0.9993,0.0118,0.0,1.0,0.0,19.9371,0.0,5.4295,0.0,3.412,0.0,3.6172,0.0,3.6172,C0,0.0,C1,C1,C1
llama32_3b,multifieldqa_en,18,f1,5300,22974,8.4297,0.3478,0.2072,0.9996,0.0047,0.444444,1.0,0.380952,28.5277,0.444444,5.4671,0.444444,3.412,0.666667,5.1758,0.666667,5.1758,C4,0.666667,C2,C2,C2
llama32_3b,multifieldqa_en,19,f1,11048,44441,8.623,0.3246,0.1461,0.9998,0.0038,0.226415,1.0,0.285714,40.3694,0.555556,5.4898,0.285714,3.412,0.285714,7.3242,0.285714,7.3242,C2,0.555556,C1,C1,C1
llama32_3b,narrativeqa,0,f1,31373,127703,9.2856,0.3891,0.1576,0.9999,0.0184,0.344828,1.0,0.454545,40.3694,0.4,5.4611,0.344828,3.412,0.666667,7.3242,0.526316,7.3242,C4,0.666667,C1,C1,C1
llama32_3b,narrativeqa,1,f1,36248,157714,9.5496,0.3887,0.1602,0.9999,0.0198,0.133333,1.0,0.235294,40.3694,0.230769,5.4595,0.133333,3.412,0.193548,7.3242,0.153846,7.3242,C1,0.235294,C1,C1,C1
llama32_3b,narrativeqa,2,f1,13507,56169,9.049,0.4016,0.2137,0.9998,0.0192,0.125,1.0,0.125,40.3694,0.125,5.475,0.125,3.412,0.125,7.3242,0.125,7.3242,C0,0.125,C1,C1,C1
llama32_3b,narrativeqa,3,f1,16516,62691,9.2044,0.424,0.2147,0.9998,0.0201,0.230769,1.0,0.666667,40.3694,0.105263,5.4715,0.4,3.412,0.384615,7.3242,0.384615,7.3242,C1,0.666667,C1,C1,C1
llama32_3b,narrativeqa,4,f1,46708,153856,8.9604,0.3571,0.1214,0.9999,0.0376,0.0,1.0,0.0,40.3694,0.0,5.4601,0.0,3.412,0.0,7.3242,0.0,7.3242,C0,0.0,C1,C1,C1
llama32_3b,narrativeqa,5,f1,37057,150571,9.2839,0.3741,0.1193,0.9999,0.0201,0.086957,1.0,0.064516,40.3694,0.090909,5.4713,0.086957,3.412,0.173913,7.3242,0.0,7.3242,C4,0.173913,C4,C4,C4
llama32_3b,narrativeqa,6,f1,8050,34101,9.3906,0.4275,0.3063,0.9997,0.0259,0.0,1.0,0.0,40.3694,0.0,5.4465,0.0,3.412,0.0,7.3242,0.0,7.3242,C0,0.0,C1,C1,C1
llama32_3b,narrativeqa,7,f1,11380,47169,9.3137,0.4168,0.2562,0.9998,0.0211,0.666667,1.0,0.666667,40.3694,0.666667,5.4767,0.666667,3.412,0.666667,7.3242,0.666667,7.3242,C0,0.666667,C1,C1,C1
llama32_3b,narrativeqa,8,f1,36233,157653,9.5497,0.3887,0.1603,0.9999,0.0198,0.5,1.0,0.5,40.3694,0.5,5.4585,0.5,3.412,0.5,7.3242,0.5,7.3242,C0,0.5,C1,C1,C1
llama32_3b,narrativeqa,9,f1,36241,157679,9.5495,0.3887,0.1603,0.9999,0.0198,0.5,1.0,0.181818,40.3694,0.4,5.4589,0.4,3.412,0.5,7.3242,0.5,7.3242,C0,0.5,C4,C4,C4
llama32_3b,narrativeqa,10,f1,38183,133473,8.8186,0.3687,0.1113,0.9999,0.0283,1.0,1.0,0.166667,40.3694,1.0,5.4653,1.0,3.412,1.0,7.3242,1.0,7.3242,C0,1.0,C4,C4,C4
llama32_3b,narrativeqa,11,f1,31372,127699,9.2854,0.3891,0.1575,0.9999,0.0184,1.0,1.0,1.0,40.3694,1.0,5.4609,1.0,3.412,1.0,7.3242,1.0,7.3242,C0,1.0,C1,C1,C1
llama32_3b,narrativeqa,12,f1,11385,47216,9.3161,0.417,0.2566,0.9998,0.0211,0.26087,1.0,0.111111,40.3694,0.258065,5.4767,0.111111,3.412,0.111111,7.3242,0.111111,7.3242,C0,0.26087,C0,C2,C2
llama32_3b,narrativeqa,13,f1,37057,150560,9.2834,0.3741,0.1193,0.9999,0.0201,0.0,1.0,0.0,40.3694,0.0,5.4713,0.0,3.412,0.0,7.3242,0.0,7.3242,C0,0.0,C1,C1,C1
llama32_3b,narrativeqa,14,f1,31384,127757,9.2851,0.3891,0.1575,0.9999,0.0183,0.0,1.0,0.0,40.3694,0.0,5.4609,0.090909,3.412,0.0,7.3242,0.0,7.3242,C3,0.090909,C1,C1,C1
llama32_3b,narrativeqa,15,f1,37059,150579,9.2837,0.374,0.1193,0.9999,0.0201,0.444444,1.0,0.222222,40.3694,0.083333,5.4712,0.444444,3.412,0.206897,7.3242,0.206897,7.3242,C0,0.444444,C3,C3,C3
llama32_3b,narrativeqa,16,f1,11381,47179,9.3144,0.4169,0.2564,0.9998,0.0211,0.166667,1.0,0.133333,40.3694,0.166667,5.4767,0.166667,3.412,0.166667,7.3242,0.166667,7.3242,C0,0.166667,C4,C4,C4
llama32_3b,narrativeqa,17,f1,8054,34126,9.3898,0.4273,0.3061,0.9997,0.0259,0.25,1.0,1.0,40.3694,0.363636,5.4467,0.444444,3.412,0.444444,7.3242,0.444444,7.3242,C1,1.0,C1,C1,C1
llama32_3b,narrativeqa,18,f1,31418,134613,9.3844,0.3944,0.1648,0.9999,0.019,0.222222,1.0,0.222222,40.3694,0.1,5.4529,0.222222,3.412,0.222222,7.3242,0.222222,7.3242,C0,0.222222,C1,C1,C1
llama32_3b,narrativeqa,19,f1,19113,76470,8.9864,0.3937,0.1785,0.9999,0.0167,0.222222,1.0,0.222222,40.3694,0.222222,5.4505,0.222222,3.412,0.285714,7.3242,0.074074,7.3242,C4,0.285714,C1,C1,C1
llama32_3b,passage_count,0,count_em,15690,66383,8.8233,0.0991,0.0748,0.0041,0.0013,0.0,1.0,0.0,40.3694,0.0,5.4275,0.0,3.412,0.0,7.3242,0.0,7.3242,C0,0.0,C1,C1,C1
llama32_3b,passage_count,1,count_em,21256,96790,8.488,0.0536,0.0397,0.0028,0.001,1.0,1.0,1.0,40.3694,1.0,5.4169,1.0,3.412,1.0,7.3242,1.0,7.3242,C0,1.0,C1,C1,C1
llama32_3b,passage_count,2,count_em,18536,82313,9.3288,0.2315,0.1262,0.0033,0.0012,0.0,1.0,0.0,40.3694,0.0,5.4389,0.0,3.412,0.0,7.3242,0.0,7.3242,C0,0.0,C1,C1,C1
llama32_3b,passage_count,3,count_em,17304,81159,9.7033,0.3446,0.2163,0.8755,0.0009,0.0,1.0,0.0,40.3694,0.0,5.4399,0.0,3.412,0.0,7.3242,0.0,7.3242,C0,0.0,C1,C1,C1
llama32_3b,passage_count,4,count_em,20836,96082,9.6139,0.2716,0.1724,0.0028,0.0011,0.0,1.0,0.0,40.3694,0.0,5.441,0.0,3.412,0.0,7.3242,0.0,7.3242,C0,0.0,C1,C1,C1
llama32_3b,passage_count,5,count_em,11196,50472,9.4701,0.3389,0.2514,0.7383,0.0014,0.0,1.0,0.0,40.3694,0.0,5.4589,0.0,3.412,0.0,7.3242,0.0,7.3242,C0,0.0,C1,C1,C1
llama32_3b,passage_count,6,count_em,16511,78503,9.2245,0.2217,0.1368,0.0035,0.001,0.0,1.0,0.0,40.3694,0.0,5.4425,0.0,3.412,0.0,7.3242,0.0,7.3242,C0,0.0,C1,C1,C1
llama32_3b,passage_count,7,count_em,12868,60783,9.2372,0.2047,0.1543,0.0045,0.0012,0.0,1.0,0.0,40.3694,0.0,5.4373,0.0,3.412,0.0,7.3242,0.0,7.3242,C0,0.0,C1,C1,C1
llama32_3b,passage_count,8,count_em,17307,79574,8.6588,0.0863,0.0581,0.0034,0.001,0.0,1.0,0.0,40.3694,0.0,5.4254,0.0,3.412,0.0,7.3242,0.0,7.3242,C0,0.0,C1,C1,C1
llama32_3b,passage_count,9,count_em,11552,54444,8.5926,0.1037,0.0848,0.005,0.001,0.0,1.0,0.0,40.3694,0.0,5.4208,0.0,3.412,0.0,7.3242,0.0,7.3242,C0,0.0,C1,C1,C1
llama32_3b,passage_count,10,count_em,18085,82268,8.7851,0.1413,0.0849,0.7675,0.0011,0.0,1.0,0.0,40.3694,0.0,5.4315,0.0,3.412,0.0,7.3242,0.0,7.3242,C0,0.0,C1,C1,C1
llama32_3b,passage_count,11,count_em,12795,58382,9.4539,0.3231,0.2034,0.3194,0.0011,0.0,1.0,0.0,40.3694,0.0,5.448,0.0,3.412,0.0,7.3242,0.0,7.3242,C0,0.0,C1,C1,C1
llama32_3b,passage_count,12,count_em,9166,40044,8.7163,0.1457,0.1233,0.0068,0.0014,0.0,1.0,0.0,40.3694,0.0,5.421,0.0,3.412,0.0,7.3242,0.0,7.3242,C0,0.0,C1,C1,C1
llama32_3b,passage_count,13,count_em,17204,73884,8.4383,0.0728,0.0545,0.0037,0.0012,0.0,1.0,0.0,40.3694,0.0,5.4041,0.0,3.412,0.0,7.3242,0.0,7.3242,C0,0.0,C1,C1,C1
llama32_3b,passage_count,14,count_em,17229,75746,9.6663,0.2807,0.1846,0.9876,0.0013,0.0,1.0,0.0,40.3694,0.0,5.4496,0.0,3.412,0.0,7.3242,0.0,7.3242,C0,0.0,C1,C1,C1
llama32_3b,passage_count,15,count_em,7714,35076,9.0484,0.2584,0.2092,0.0078,0.0013,0.0,1.0,0.0,40.3694,0.0,5.4303,0.0,3.412,0.0,7.3242,0.0,7.3242,C0,0.0,C1,C1,C1
llama32_3b,passage_count,16,count_em,11199,53076,9.0566,0.2223,0.182,0.0051,0.0011,0.0,1.0,0.0,40.3694,0.0,5.4357,0.0,3.412,0.0,7.3242,0.0,7.3242,C0,0.0,C1,C1,C1
llama32_3b,passage_count,17,count_em,16775,73969,8.6787,0.0915,0.0625,0.0037,0.001,0.0,1.0,0.0,40.3694,0.0,5.4248,0.0,3.412,0.0,7.3242,0.0,7.3242,C0,0.0,C1,C1,C1
llama32_3b,passage_count,18,count_em,17101,75663,9.6157,0.3241,0.1894,0.6176,0.0011,0.0,1.0,0.0,40.3694,0.0,5.442,0.0,3.412,0.0,7.3242,0.0,7.3242,C0,0.0,C1,C1,C1
llama32_3b,passage_count,19,count_em,15851,72937,9.4437,0.2935,0.1766,0.7509,0.001,0.0,1.0,0.0,40.3694,0.0,5.4347,0.0,3.412,0.0,7.3242,0.0,7.3242,C0,0.0,C1,C1,C1
llama32_3b,qasper,0,f1,3999,20581,8.4397,0.355,0.2751,0.9995,0.0033,0.3,1.0,0.37037,21.525,0.342857,5.417,0.3,3.412,0.352941,3.9053,0.352941,3.9053,C1,0.37037,C1,C1,C1
llama32_3b,qasper,1,f1,4592,22074,8.697,0.3531,0.248,0.9995,0.0028,0.352941,1.0,0.125,24.7169,0.387097,5.44,0.444444,3.412,0.363636,4.4844,0.363636,4.4844,C3,0.444444,C2,C2,C2
llama32_3b,qasper,2,f1,3695,19082,8.4213,0.3517,0.2658,0.9995,0.0018,0.0,1.0,0.086957,19.8887,0.0,5.4228,0.0,3.412,0.0,3.6084,0.0,3.6084,C1,0.086957,C1,C1,C1
llama32_3b,qasper,3,f1,3986,18806,8.7996,0.3728,0.2908,0.9995,0.003,0.227273,1.0,0.0,21.455,0.227273,5.443,0.232558,3.412,0.52,3.8926,0.153846,3.8926,C4,0.52,C2,C2,C2
llama32_3b,qasper,4,f1,6965,34512,8.6029,0.3301,0.2152,0.9997,0.0024,0.243902,1.0,0.25641,37.4898,0.243902,5.4665,0.243902,3.412,0.173913,6.8018,0.285714,6.8018,C5,0.285714,C1,C1,C1
llama32_3b,qasper,5,f1,3573,16144,8.7414,0.393,0.2936,0.9994,0.0028,0.0,1.0,0.0,19.232,0.0,5.4312,0.0,3.412,0.0,3.4893,0.0,3.4893,C0,0.0,C1,C1,C1
llama32_3b,qasper,6,f1,3628,16671,8.6023,0.3604,0.2696,0.9993,0.0027,0.484848,1.0,0.418605,19.528,0.340426,5.4215,0.32,3.412,0.363636,3.543,0.264151,3.543,C0,0.484848,C0,C0,C0
llama32_3b,qasper,7,f1,5496,27249,8.4002,0.3177,0.2174,0.9996,0.0029,0.0,1.0,0.0,29.5827,0.0,5.4493,0.0,3.412,0.0,5.3672,0.0,5.3672,C0,0.0,C1,C1,C1
llama32_3b,qasper,8,f1,5733,27801,8.2917,0.2843,0.1833,0.9996,0.0023,1.0,1.0,1.0,30.8584,1.0,5.4489,1.0,3.412,1.0,5.5986,1.0,5.5986,C0,1.0,C1,C1,C1
llama32_3b,qasper,9,f1,5641,26744,8.7704,0.3251,0.2235,0.9996,0.0028,0.222222,1.0,0.0,30.3632,0.222222,5.4696,0.222222,3.412,0.222222,5.5088,0.222222,5.5088,C0,0.222222,C4,C4,C4
llama32_3b,qasper,10,f1,7516,31417,8.7211,0.3318,0.1813,0.9997,0.0029,0.75,1.0,0.352941,40.3694,0.777778,5.4769,0.470588,3.412,0.636364,7.3242,0.636364,7.3242,C2,0.777778,C2,C2,C2
llama32_3b,qasper,11,f1,5368,25709,8.6888,0.3506,0.2472,0.9996,0.0031,0.638298,1.0,0.162162,28.8938,0.486486,5.4624,0.638298,3.412,0.565217,5.2422,0.652174,5.2422,C5,0.652174,C5,C5,C5
llama32_3b,qasper,12,f1,4438,22129,8.6527,0.3723,0.2684,0.9995,0.0026,0.15,1.0,0.044444,23.8879,0.181818,5.4315,0.139535,3.412,0.311111,4.334,0.111111,4.334,C4,0.311111,C2,C2,C2
llama32_3b,qasper,13,f1,2962,14178,8.674,0.4034,0.3336,0.9993,0.0033,0.238095,1.0,0.136364,15.9432,0.375,5.4002,0.243902,3.412,0.264706,2.8926,0.268657,2.8926,C2,0.375,C2,C2,C2
llama32_3b,qasper,14,f1,7191,34064,8.8178,0.334,0.2043,0.9997,0.003,0.071429,1.0,0.125,38.7062,0.101695,5.4749,0.066667,3.412,0.081633,7.0225,0.08,7.0225,C1,0.125,C1,C1,C1
llama32_3b,qasper,15,f1,2722,13171,8.2975,0.3493,0.2686,0.9992,0.0029,0.307692,1.0,0.105263,14.6514,0.285714,5.4046,0.307692,3.412,0.25,2.6582,0.25,2.6582,C0,0.307692,C3,C3,C2
llama32_3b,qasper,16,f1,4948,22048,8.7302,0.3602,0.2381,0.9995,0.0025,0.6,1.0,0.444444,26.6331,0.6,5.4404,0.818182,3.412,0.571429,4.832,0.571429,4.832,C3,0.818182,C2,C2,C2
llama32_3b,qasper,17,f1,6646,32756,8.892,0.3376,0.2231,0.9997,0.0027,0.529412,1.0,0.357143,35.7727,0.423077,5.4673,0.363636,3.412,0.615385,6.4902,0.642857,6.4902,C5,0.642857,C4,C4,C4
llama32_3b,qasper,18,f1,2926,14962,8.1419,0.3369,0.2587,0.9993,0.0022,0.571429,1.0,0.444444,15.7495,0.571429,5.4013,0.571429,3.412,0.571429,2.8574,0.571429,2.8574,C0,0.571429,C2,C2,C2
llama32_3b,qasper,19,f1,7947,39961,8.9078,0.3301,0.2101,0.9997,0.0019,0.181818,1.0,0.095238,40.3694,0.052632,5.4775,0.133333,3.412,0.307692,7.3242,0.181818,7.3242,C4,0.307692,C4,C4,C4
llama32_3b,qmsum,0,rouge1,10012,41672,7.545,0.272,0.096,0.9911,0.0142,0.323353,1.0,0.215686,40.3694,0.357616,5.4436,0.369427,3.412,0.290076,7.3242,0.315789,7.3242,C3,0.369427,C2,C5,C5
llama32_3b,qmsum,1,rouge1,15843,56671,7.5127,0.2885,0.0787,0.9998,0.0097,0.351351,1.0,0.45283,40.3694,0.325,5.4404,0.351351,3.412,0.5,7.3242,0.428571,7.3242,C4,0.5,C1,C1,C1
llama32_3b,qmsum,2,rouge1,16874,60790,7.7147,0.308,0.0862,0.9999,0.0162,0.27957,1.0,0.206897,40.3694,0.183908,5.4447,0.22449,3.412,0.258065,7.3242,0.258065,7.3242,C0,0.27957,C0,C0,C4
llama32_3b,qmsum,3,rouge1,26144,96263,7.5928,0.2853,0.0644,0.9999,0.0092,0.259542,1.0,0.176471,40.3694,0.291262,5.4498,0.283333,3.412,0.245614,7.3242,0.278261,7.3242,C2,0.291262,C5,C5,C4
llama32_3b,qmsum,4,rouge1,5567,22945,7.3895,0.2929,0.1349,0.9996,0.0139,0.336283,1.0,0.275,29.9649,0.317757,5.43,0.293103,3.412,0.299065,5.4365,0.351852,5.4365,C5,0.351852,C5,C5,C5
llama32_3b,qmsum,5,rouge1,16137,71346,8.5491,0.3307,0.1246,0.9975,0.0024,0.265625,1.0,0.344086,40.3694,0.307692,5.4607,0.273504,3.412,0.344828,7.3242,0.34188,7.3242,C4,0.344828,C1,C1,C1
llama32_3b,qmsum,6,rouge1,10011,41676,7.5453,0.2723,0.0959,0.9998,0.0142,0.333333,1.0,0.216216,40.3694,0.202899,5.4435,0.197531,3.412,0.205128,7.3242,0.236842,7.3242,C0,0.333333,C0,C0,C0
llama32_3b,qmsum,7,rouge1,29990,143787,9.0664,0.3143,0.1189,0.9999,0.0028,0.461538,1.0,0.44,40.3694,0.4,5.4637,0.4,3.412,0.325,7.3242,0.329114,7.3242,C0,0.461538,C0,C1,C1
llama32_3b,qmsum,8,rouge1,18583,70557,7.8168,0.3149,0.0887,0.9932,0.0077,0.26455,1.0,0.185185,40.3694,0.213836,5.449,0.253165,3.412,0.263158,7.3242,0.222222,7.3242,C0,0.26455,C4,C4,C4
llama32_3b,qmsum,9,rouge1,13005,61340,8.4906,0.325,0.1366,0.9892,0.0021,0.342342,1.0,0.333333,40.3694,0.285714,5.4654,0.327273,3.412,0.34,7.3242,0.315789,7.3242,C0,0.342342,C4,C1,C1
llama32_3b,qmsum,10,rouge1,10088,40796,7.2656,0.2594,0.0857,0.946,0.0161,0.230769,1.0,0.181818,40.3694,0.178218,5.4352,0.238806,3.412,0.190476,7.3242,0.2,7.3242,C3,0.238806,C3,C3,C3
llama32_3b,qmsum,11,rouge1,11253,40990,7.5729,0.3031,0.0953,0.9817,0.0086,0.195489,1.0,0.173913,40.3694,0.285714,5.4448,0.257143,3.412,0.224299,7.3242,0.278689,7.3242,C2,0.285714,C4,C4,C4
llama32_3b,qmsum,12,rouge1,8231,32494,7.1375,0.2571,0.0858,0.986,0.0146,0.274194,1.0,0.263158,40.3694,0.341463,5.4355,0.296875,3.412,0.338983,7.3242,0.384,7.3242,C5,0.384,C4,C1,C1
llama32_3b,qmsum,13,rouge1,12531,52225,7.631,0.2842,0.106,0.9998,0.0152,0.336842,1.0,0.289157,40.3694,0.311111,5.4531,0.288288,3.412,0.252252,7.3242,0.254545,7.3242,C0,0.336842,C0,C0,C2
llama32_3b,qmsum,14,rouge1,18413,66906,7.5093,0.282,0.0679,0.9921,0.0104,0.220472,1.0,0.244444,40.3694,0.227642,5.4442,0.215385,3.412,0.213592,7.3242,0.238532,7.3242,C1,0.244444,C1,C1,C1
llama32_3b,qmsum,15,rouge1,13348,50567,6.8193,0.2331,0.07,0.9823,0.0187,0.258065,1.0,0.207547,40.3694,0.233333,5.4285,0.209677,3.412,0.254545,7.3242,0.216216,7.3242,C0,0.258065,C0,C4,C4
llama32_3b,qmsum,16,rouge1,25410,120528,9.0895,0.3251,0.1403,0.9999,0.003,0.257143,1.0,0.166667,40.3694,0.226087,5.4663,0.230769,3.412,0.278689,7.3242,0.25,7.3242,C4,0.278689,C4,C4,C4
llama32_3b,qmsum,17,rouge1,12119,49902,7.5304,0.2706,0.089,0.9998,0.0134,0.417582,1.0,0.294118,40.3694,0.423529,5.4429,0.417582,3.412,0.326087,7.3242,0.318182,7.3242,C2,0.423529,C2,C2,C2
llama32_3b,qmsum,18,rouge1,18416,66930,7.5101,0.2821,0.068,0.9918,0.0104,0.204082,1.0,0.190476,40.3694,0.214286,5.4442,0.188679,3.412,0.168421,7.3242,0.145833,7.3242,C2,0.214286,C2,C2,C1
llama32_3b,qmsum,19,rouge1,5220,20018,6.724,0.2514,0.1084,0.9814,0.0191,0.224299,1.0,0.190476,28.0971,0.2,5.4079,0.226415,3.412,0.17284,5.0977,0.153846,5.0977,C3,0.226415,C3,C3,C3
llama32_3b,trec,0,accuracy,4956,22067,7.5377,0.316,0.2611,0.9997,0.0234,1.0,1.0,1.0,26.6761,1.0,5.4344,1.0,3.412,1.0,4.8398,1.0,4.8398,C0,1.0,C1,C1,C1
llama32_3b,trec,1,accuracy,7145,31651,7.5619,0.3048,0.2321,0.9998,0.0244,0.0,1.0,0.0,38.4586,0.0,5.4574,0.0,3.412,0.0,6.9775,0.0,6.9775,C0,0.0,C1,C1,C1
llama32_3b,trec,2,accuracy,10958,48491,7.7814,0.3009,0.2111,0.9999,0.0241,0.0,1.0,0.0,40.3694,0.0,5.4612,0.0,3.412,0.0,7.3242,0.0,7.3242,C0,0.0,C1,C1,C1
llama32_3b,trec,3,accuracy,3338,14683,7.3828,0.3373,0.2846,0.9995,0.0236,1.0,1.0,1.0,17.9671,1.0,5.4098,1.0,3.412,1.0,3.2598,1.0,3.2598,C0,1.0,C1,C1,C1
llama32_3b,trec,4,accuracy,10064,44441,7.7338,0.3009,0.2204,0.9998,0.0242,1.0,1.0,1.0,40.3694,1.0,5.4628,1.0,3.412,1.0,7.3242,1.0,7.3242,C0,1.0,C1,C1,C1
llama32_3b,trec,5,accuracy,4316,18986,7.3006,0.309,0.2477,0.9996,0.0249,1.0,1.0,1.0,23.2313,1.0,5.4238,1.0,3.412,1.0,4.2148,1.0,4.2148,C0,1.0,C1,C1,C1
llama32_3b,trec,6,accuracy,2849,12633,7.3902,0.3374,0.2945,0.9994,0.0237,0.0,1.0,0.0,15.335,0.0,5.3949,0.0,3.412,0.0,2.7822,0.0,2.7822,C0,0.0,C1,C1,C1
llama32_3b,trec,7,accuracy,9179,40923,7.6677,0.2964,0.2221,0.9998,0.024,0.0,1.0,0.0,40.3694,0.0,5.4611,0.0,3.412,0.0,7.3242,0.0,7.3242,C0,0.0,C1,C1,C1
llama32_3b,trec,8,accuracy,10565,46752,7.8126,0.3025,0.2216,0.9999,0.0238,1.0,1.0,1.0,40.3694,1.0,5.4624,1.0,3.412,1.0,7.3242,1.0,7.3242,C0,1.0,C1,C1,C1
llama32_3b,trec,9,accuracy,7817,34486,7.6659,0.3026,0.2318,0.9998,0.0239,1.0,1.0,1.0,40.3694,1.0,5.4632,1.0,3.412,1.0,7.3242,1.0,7.3242,C0,1.0,C1,C1,C1
llama32_3b,trec,10,accuracy,11030,48978,7.89,0.304,0.2194,0.9999,0.0231,1.0,1.0,1.0,40.3694,1.0,5.4634,1.0,3.412,1.0,7.3242,1.0,7.3242,C0,1.0,C1,C1,C1
llama32_3b,trec,11,accuracy,10282,45731,7.8247,0.3034,0.2211,0.9998,0.0235,1.0,1.0,1.0,40.3694,1.0,5.4575,1.0,3.412,1.0,7.3242,1.0,7.3242,C0,1.0,C1,C1,C1
llama32_3b,trec,12,accuracy,2774,12440,7.2091,0.3334,0.287,0.9994,0.0239,0.0,1.0,0.0,14.9313,0.0,5.3951,0.0,3.412,0.0,2.709,0.0,2.709,C0,0.0,C1,C1,C1
llama32_3b,trec,13,accuracy,10041,44636,7.7657,0.3005,0.2226,0.9998,0.0237,0.0,1.0,0.0,40.3694,0.0,5.4603,0.0,3.412,0.0,7.3242,0.0,7.3242,C0,0.0,C1,C1,C1
llama32_3b,trec,14,accuracy,8470,37582,7.6394,0.3041,0.2262,0.9998,0.0242,1.0,1.0,1.0,40.3694,1.0,5.4609,1.0,3.412,1.0,7.3242,1.0,7.3242,C0,1.0,C1,C1,C1
llama32_3b,trec,15,accuracy,8883,39237,7.6557,0.3005,0.2194,0.9998,0.024,1.0,1.0,1.0,40.3694,1.0,5.4601,1.0,3.412,1.0,7.3242,1.0,7.3242,C0,1.0,C1,C1,C1
llama32_3b,trec,16,accuracy,8850,39057,7.7049,0.3051,0.2243,0.9998,0.0238,0.0,1.0,0.0,40.3694,0.0,5.4617,0.0,3.412,0.0,7.3242,0.0,7.3242,C0,0.0,C1,C1,C1
llama32_3b,trec,17,accuracy,6265,27941,7.6663,0.3159,0.2496,0.9997,0.0237,1.0,1.0,1.0,33.7219,1.0,5.4487,1.0,3.412,1.0,6.1182,1.0,6.1182,C0,1.0,C1,C1,C1
llama32_3b,trec,18,accuracy,5991,26687,7.5822,0.3149,0.2495,0.9997,0.0241,1.0,1.0,1.0,32.2471,1.0,5.4462,1.0,3.412,1.0,5.8506,1.0,5.8506,C0,1.0,C1,C1,C1
llama32_3b,trec,19,accuracy,11176,49551,7.73,0.2964,0.211,0.9999,0.0241,1.0,1.0,1.0,40.3694,1.0,5.4623,1.0,3.412,1.0,7.3242,1.0,7.3242,C0,1.0,C1,C1,C1
llama32_3b,triviaqa,0,f1,5506,23489,9.3091,0.4315,0.3482,0.9711,0.0139,1.0,1.0,1.0,29.6365,1.0,5.4415,1.0,3.412,1.0,5.377,1.0,5.377,C0,1.0,C1,C1,C1
llama32_3b,triviaqa,1,f1,20031,85780,10.2352,0.4154,0.2659,0.9999,0.012,1.0,1.0,1.0,40.3694,1.0,5.4668,1.0,3.412,1.0,7.3242,1.0,7.3242,C0,1.0,C1,C1,C1
llama32_3b,triviaqa,2,f1,12920,55689,9.8841,0.4137,0.2892,0.9998,0.0096,1.0,1.0,1.0,40.3694,1.0,5.4571,1.0,3.412,1.0,7.3242,1.0,7.3242,C0,1.0,C1,C1,C1
llama32_3b,triviaqa,3,f1,11013,47493,9.7234,0.4216,0.2947,0.9998,0.0106,0.571429,1.0,0.571429,40.3694,0.571429,5.4636,0.571429,3.412,0.571429,7.3242,0.571429,7.3242,C0,0.571429,C1,C1,C1
llama32_3b,triviaqa,4,f1,8326,36757,9.7764,0.4334,0.347,0.9997,0.0094,1.0,1.0,1.0,40.3694,1.0,5.4491,1.0,3.412,1.0,7.3242,1.0,7.3242,C0,1.0,C1,C1,C1
llama32_3b,triviaqa,5,f1,10453,44556,9.8651,0.4275,0.3041,0.9998,0.0077,1.0,1.0,1.0,40.3694,1.0,5.4616,1.0,3.412,1.0,7.3242,1.0,7.3242,C0,1.0,C1,C1,C1
llama32_3b,triviaqa,6,f1,10376,40413,9.6745,0.4218,0.2876,0.9998,0.0199,1.0,1.0,1.0,40.3694,1.0,5.4513,1.0,3.412,1.0,7.3242,1.0,7.3242,C0,1.0,C1,C1,C1
llama32_3b,triviaqa,7,f1,11311,47275,9.8567,0.4253,0.302,0.9998,0.0141,1.0,1.0,0.173913,40.3694,1.0,5.461,1.0,3.412,1.0,7.3242,1.0,7.3242,C0,1.0,C4,C4,C4
llama32_3b,triviaqa,8,f1,7724,31840,9.5544,0.4356,0.322,0.9997,0.0109,1.0,1.0,1.0,40.3694,1.0,5.4653,1.0,3.412,1.0,7.3242,1.0,7.3242,C0,1.0,C1,C1,C1
llama32_3b,triviaqa,9,f1,4342,16034,8.659,0.4387,0.3194,0.9994,0.0158,1.0,1.0,0.142857,23.3712,1.0,5.4056,1.0,3.412,1.0,4.2402,1.0,4.2402,C0,1.0,C2,C2,C2
llama32_3b,triviaqa,10,f1,18145,76648,10.0678,0.4129,0.2681,0.9999,0.0121,1.0,1.0,1.0,40.3694,1.0,5.465,1.0,3.412,1.0,7.3242,1.0,7.3242,C0,1.0,C1,C1,C1
llama32_3b,triviaqa,11,f1,11796,51154,9.8023,0.4091,0.292,0.9998,0.0106,1.0,1.0,1.0,40.3694,1.0,5.4527,1.0,3.412,1.0,7.3242,1.0,7.3242,C0,1.0,C1,C1,C1
llama32_3b,triviaqa,12,f1,19728,83538,10.0535,0.4093,0.2526,0.9999,0.0121,1.0,1.0,1.0,40.3694,1.0,5.4666,1.0,3.412,1.0,7.3242,1.0,7.3242,C0,1.0,C1,C1,C1
llama32_3b,triviaqa,13,f1,3265,14180,9.0301,0.4352,0.3807,0.9993,0.0136,1.0,1.0,1.0,17.5742,1.0,5.3935,1.0,3.412,1.0,3.1885,1.0,3.1885,C0,1.0,C1,C1,C1
llama32_3b,triviaqa,14,f1,20796,87722,10.1281,0.4156,0.2575,0.9999,0.0102,1.0,1.0,1.0,40.3694,1.0,5.4682,1.0,3.412,1.0,7.3242,1.0,7.3242,C0,1.0,C1,C1,C1
llama32_3b,triviaqa,15,f1,4908,22747,9.2835,0.4253,0.3775,0.9996,0.0079,1.0,1.0,1.0,26.4178,1.0,5.4249,1.0,3.412,1.0,4.793,1.0,4.793,C0,1.0,C1,C1,C1
llama32_3b,triviaqa,16,f1,10231,42226,9.7102,0.4236,0.2923,0.9998,0.0109,1.0,1.0,1.0,40.3694,1.0,5.4584,1.0,3.412,1.0,7.3242,1.0,7.3242,C0,1.0,C1,C1,C1
llama32_3b,triviaqa,17,f1,13960,57722,9.8074,0.3969,0.2583,0.9998,0.0128,1.0,1.0,1.0,40.3694,1.0,5.4717,1.0,3.412,1.0,7.3242,1.0,7.3242,C0,1.0,C1,C1,C1
llama32_3b,triviaqa,18,f1,14332,61082,9.9033,0.4151,0.2787,0.9998,0.0104,0.666667,1.0,0.666667,40.3694,0.666667,5.4645,0.666667,3.412,0.666667,7.3242,0.666667,7.3242,C0,0.666667,C1,C1,C1
llama32_3b,triviaqa,19,f1,8168,35421,9.6464,0.4262,0.3249,0.9997,0.0103,0.8,1.0,0.8,40.3694,0.8,5.4592,0.8,3.412,0.8,7.3242,0.8,7.3242,C0,0.8,C1,C1,C1
llama31_8b,2wikimqa,0,f1,7070,28692,9.2384,0.4218,0.2836,0.9997,0.0066,0.4,1.0,1.0,37.8963,1.0,5.4109,0.4,3.412,0.4,6.9043,0.4,6.9043,C1,1.0,C1,C1,C1
llama31_8b,2wikimqa,1,f1,14710,62672,9.5357,0.3981,0.2328,0.9999,0.0057,1.0,1.0,1.0,40.2012,1.0,5.4192,1.0,3.412,1.0,7.3242,1.0,7.3242,C0,1.0,C1,C1,C1
llama31_8b,2wikimqa,2,f1,4009,17129,8.6992,0.4018,0.3173,0.9995,0.0109,0.0,1.0,0.0,21.4889,0.0,5.373,0.0,3.412,0.0,3.915,0.0,3.915,C0,0.0,C1,C1,C1
llama31_8b,2wikimqa,3,f1,6890,26490,8.6988,0.3843,0.2244,0.9997,0.008,0.666667,1.0,0.666667,36.9315,0.666667,5.4003,0.666667,3.412,0.666667,6.7285,0.666667,6.7285,C0,0.666667,C1,C1,C1
llama31_8b,2wikimqa,4,f1,7010,30077,9.1558,0.4025,0.2845,0.9997,0.0051,0.0,1.0,0.0,37.5747,0.0,5.3975,0.0,3.412,0.0,6.8457,0.0,6.8457,C0,0.0,C1,C1,C1
llama31_8b,2wikimqa,5,f1,14559,63474,9.451,0.3858,0.2337,0.9999,0.0045,1.0,1.0,1.0,40.2012,1.0,5.4066,1.0,3.412,1.0,7.3242,1.0,7.3242,C0,1.0,C1,C1,C1
llama31_8b,2wikimqa,6,f1,10916,48092,9.3894,0.403,0.2615,0.9998,0.0044,1.0,1.0,0.8,40.2012,1.0,5.4116,1.0,3.412,1.0,7.3242,1.0,7.3242,C0,1.0,C4,C4,C4
llama31_8b,2wikimqa,7,f1,6227,26363,8.9573,0.3937,0.2685,0.9997,0.0077,1.0,1.0,1.0,33.3777,1.0,5.4034,1.0,3.412,1.0,6.0811,1.0,6.0811,C0,1.0,C1,C1,C1
llama31_8b,2wikimqa,8,f1,5479,22599,9.1511,0.4226,0.3209,0.9996,0.0102,0.0,1.0,0.0,29.3683,0.0,5.3883,0.0,3.412,0.0,5.3506,0.0,5.3506,C0,0.0,C1,C1,C1
llama31_8b,2wikimqa,9,f1,8532,36479,9.5704,0.4232,0.3131,0.9998,0.0089,1.0,1.0,1.0,40.2012,1.0,5.4139,1.0,3.412,1.0,7.3242,1.0,7.3242,C0,1.0,C1,C1,C1
llama31_8b,2wikimqa,10,f1,6391,26415,9.4373,0.4482,0.3472,0.9997,0.0083,0.5,1.0,0.5,34.2568,0.5,5.4067,0.5,3.412,0.5,6.2412,0.5,6.2412,C0,0.5,C1,C1,C1
llama31_8b,2wikimqa,11,f1,6360,24808,9.2092,0.3527,0.2704,0.9996,0.0123,1.0,1.0,1.0,34.0906,1.0,5.3872,1.0,3.412,1.0,6.2109,1.0,6.2109,C0,1.0,C1,C1,C1
llama31_8b,2wikimqa,12,f1,3984,16191,9.0796,0.4612,0.3898,0.9994,0.0146,0.8,1.0,0.8,21.3549,0.8,5.3762,0.8,3.412,0.8,3.8906,0.8,3.8906,C0,0.8,C1,C1,C1
llama31_8b,2wikimqa,13,f1,13857,59643,9.3056,0.3694,0.2105,0.9998,0.005,0.0,1.0,0.0,40.2012,0.0,5.4111,0.0,3.412,0.0,7.3242,0.0,7.3242,C0,0.0,C1,C1,C1
llama31_8b,2wikimqa,14,f1,5994,22292,9.2193,0.4388,0.2995,0.9996,0.0082,0.5,1.0,0.5,32.1288,0.5,5.3831,0.5,3.412,0.5,5.8535,0.5,5.8535,C0,0.5,C1,C1,C1
llama31_8b,2wikimqa,15,f1,5071,20096,7.9043,0.3382,0.2041,0.9996,0.0043,0.0,1.0,0.0,27.1814,0.0,5.3754,0.0,3.412,0.0,4.9521,0.0,4.9521,C0,0.0,C1,C1,C1
llama31_8b,2wikimqa,16,f1,14271,61863,9.4106,0.3833,0.231,0.9999,0.0047,0.0,1.0,0.0,40.2012,0.0,5.4116,0.0,3.412,0.0,7.3242,0.0,7.3242,C0,0.0,C1,C1,C1
llama31_8b,2wikimqa,17,f1,5211,22652,9.2454,0.4276,0.3514,0.9996,0.0079,0.0,1.0,0.0,27.9318,0.0,5.3903,0.0,3.412,0.0,5.0889,0.0,5.0889,C0,0.0,C1,C1,C1
llama31_8b,2wikimqa,18,f1,5788,24101,9.2209,0.4376,0.343,0.9996,0.0093,1.0,1.0,0.666667,31.0246,1.0,5.3934,1.0,3.412,1.0,5.6523,1.0,5.6523,C0,1.0,C4,C4,C4
llama31_8b,2wikimqa,19,f1,9035,36831,9.3129,0.4129,0.2614,0.9998,0.0094,1.0,1.0,0.166667,40.2012,1.0,5.4075,1.0,3.412,1.0,7.3242,1.0,7.3242,C0,1.0,C4,C4,C4
llama31_8b,gov_report,0,rouge1,10697,53640,8.4731,0.283,0.1465,0.6293,0.0001,0.523416,1.0,0.234899,40.2012,0.478134,5.374,0.506739,3.412,0.364162,7.3242,0.456456,7.3242,C0,0.523416,C0,C3,C2
llama31_8b,gov_report,1,rouge1,18663,92252,9.0928,0.3043,0.1485,0.9202,0.0001,0.451039,1.0,0.234899,40.2012,0.442105,5.3942,0.433048,3.412,0.4125,7.3242,0.425397,7.3242,C0,0.451039,C0,C2,C4
llama31_8b,gov_report,2,rouge1,7737,38930,8.184,0.2741,0.1638,,0.0002,0.392473,1.0,0.186916,40.2012,0.421053,5.384,0.426513,3.412,0.375,7.3242,0.4,7.3242,C3,0.426513,C5,C4,C4
llama31_8b,gov_report,3,rouge1,2656,13938,8.2162,0.3637,0.2925,,0.0005,0.414063,1.0,0.298969,14.2366,0.426877,5.3254,0.4,3.412,0.382609,2.5938,0.405172,2.5938,C2,0.426877,C2,C2,C2
llama31_8b,gov_report,4,rouge1,13262,65941,8.8999,0.3124,0.1706,0.6288,0.0001,0.362832,1.0,0.235589,40.2012,0.345291,5.3998,0.366071,3.412,0.285714,7.3242,0.343387,7.3242,C3,0.366071,C3,C2,C5
llama31_8b,gov_report,5,rouge1,8962,43358,8.4292,0.2968,0.1599,,0.0002,0.47352,1.0,0.264808,40.2012,0.488235,5.3869,0.525994,3.412,0.392982,7.3242,0.349835,7.3242,C3,0.525994,C2,C2,C2
llama31_8b,gov_report,6,rouge1,8151,46529,8.5585,0.2849,0.1759,0.8959,0.0002,0.473171,1.0,0.232955,40.2012,0.449086,5.3937,0.474328,3.412,0.350133,7.3242,0.302703,7.3242,C3,0.474328,C3,C3,C2
llama31_8b,gov_report,7,rouge1,6381,34367,8.2872,0.29,0.1783,,0.0002,0.443439,1.0,0.192118,34.2032,0.396088,5.3703,0.428904,3.412,0.274419,6.2314,0.31,6.2314,C0,0.443439,C0,C3,C3
llama31_8b,gov_report,8,rouge1,2810,14349,7.8916,0.3348,0.2456,,0.0005,0.42,1.0,0.242775,15.062,0.4,5.3166,0.382429,3.412,0.350404,2.7441,0.368984,2.7441,C0,0.42,C0,C2,C2
llama31_8b,gov_report,9,rouge1,20394,102565,8.8963,0.2931,0.1259,,0.0001,0.295681,1.0,0.236749,40.2012,0.296928,5.3937,0.292845,3.412,0.276339,7.3242,0.273038,7.3242,C2,0.296928,C2,C2,C4
llama31_8b,gov_report,10,rouge1,6081,32826,8.5808,0.3445,0.2529,0.2857,0.0002,0.335616,1.0,0.272727,32.5951,0.313869,5.3818,0.322368,3.412,0.329502,5.9385,0.368056,5.9385,C5,0.368056,C5,C4,C4
llama31_8b,gov_report,11,rouge1,4186,19201,8.1371,0.3423,0.2121,,0.0004,0.447761,1.0,0.303342,22.4376,0.400943,5.3484,0.454106,3.412,0.293059,4.0879,0.334152,4.0879,C3,0.454106,C3,C3,C3
llama31_8b,gov_report,12,rouge1,6736,38155,8.6379,0.3184,0.2199,,0.0002,0.390698,1.0,0.212121,36.106,0.4,5.3782,0.435443,3.412,0.306452,6.5781,0.306069,6.5781,C3,0.435443,C2,C2,C2
llama31_8b,gov_report,13,rouge1,4632,24989,8.109,0.3122,0.2118,,0.0003,0.392371,1.0,0.262391,24.8282,0.389831,5.3469,0.378082,3.412,0.321429,4.5234,0.333333,4.5234,C0,0.392371,C2,C2,C2
llama31_8b,gov_report,14,rouge1,5712,27046,8.6594,0.3681,0.2509,0.9979,0.0003,0.351351,1.0,0.160194,30.6172,0.346847,5.3811,0.395455,3.412,0.308789,5.5781,0.270142,5.5781,C3,0.395455,C3,C2,C2
llama31_8b,gov_report,15,rouge1,5718,30185,8.7252,0.3677,0.2854,0.993,0.0002,0.268456,1.0,0.191235,30.6494,0.34386,5.3746,0.385135,3.412,0.261484,5.584,0.262976,5.584,C3,0.385135,C2,C4,C4
llama31_8b,gov_report,16,rouge1,4218,22425,8.4086,0.3415,0.275,0.9084,0.0003,0.436782,1.0,0.337423,22.6091,0.446328,5.3544,0.435262,3.412,0.396552,4.1191,0.380665,4.1191,C2,0.446328,C2,C2,C2
llama31_8b,gov_report,17,rouge1,18156,95443,8.6124,0.2647,0.1212,0.949,0.0001,0.393782,1.0,0.256831,40.2012,0.385475,5.3852,0.367758,3.412,0.332394,7.3242,0.296736,7.3242,C0,0.393782,C0,C2,C2
llama31_8b,gov_report,18,rouge1,4627,22492,8.203,0.3152,0.2083,,0.0003,0.542056,1.0,0.402778,24.8014,0.531722,5.3622,0.539185,3.412,0.472131,4.5186,0.472973,4.5186,C0,0.542056,C3,C2,C2
llama31_8b,gov_report,19,rouge1,2818,15225,8.2116,0.3663,0.3034,,0.0005,0.382022,1.0,0.231156,15.1049,0.40991,5.3204,0.385965,3.412,0.276029,2.752,0.32,2.752,C2,0.40991,C2,C2,C2
llama31_8b,hotpotqa,0,f1,11345,54414,9.3786,0.3765,0.2538,0.9998,0.0039,0.333333,1.0,0.333333,40.2012,0.181818,5.416,0.333333,3.412,0.333333,7.3242,0.333333,7.3242,C0,0.333333,C1,C1,C1
llama31_8b,hotpotqa,1,f1,16253,72455,9.3354,0.3635,0.2117,0.9999,0.003,0.0,1.0,0.0,40.2012,0.0,5.4166,0.0,3.412,0.0,7.3242,0.0,7.3242,C0,0.0,C1,C1,C1
llama31_8b,hotpotqa,2,f1,11033,48472,9.5235,0.4002,0.2607,0.9998,0.0059,1.0,1.0,0.666667,40.2012,1.0,5.4084,1.0,3.412,1.0,7.3242,1.0,7.3242,C0,1.0,C4,C4,C4
llama31_8b,hotpotqa,3,f1,16339,77553,9.7124,0.3832,0.2529,0.9999,0.0046,0.0,1.0,0.0,40.2012,0.0,5.4053,0.0,3.412,0.0,7.3242,0.0,7.3242,C0,0.0,C1,C1,C1
llama31_8b,hotpotqa,4,f1,16243,80361,8.8794,0.2523,0.1606,0.9999,0.0402,0.666667,1.0,0.666667,40.2012,0.666667,5.4002,0.666667,3.412,0.666667,7.3242,0.666667,7.3242,C0,0.666667,C1,C1,C1
llama31_8b,hotpotqa,5,f1,5046,19649,8.6993,0.4065,0.2782,0.9995,0.0062,1.0,1.0,1.0,27.0474,1.0,5.3819,1.0,3.412,1.0,4.9277,1.0,4.9277,C0,1.0,C1,C1,C1
llama31_8b,hotpotqa,6,f1,16368,75436,9.4145,0.3785,0.2102,0.9999,0.004,0.0,1.0,0.0,40.2012,0.0,5.4187,0.0,3.412,0.0,7.3242,0.0,7.3242,C0,0.0,C1,C1,C1
llama31_8b,hotpotqa,7,f1,13519,58965,9.6631,0.3994,0.2516,0.9998,0.005,0.0,1.0,0.0,40.2012,0.0,5.4083,0.0,3.412,0.0,7.3242,0.0,7.3242,C0,0.0,C1,C1,C1
llama31_8b,hotpotqa,8,f1,9709,42966,9.6744,0.4149,0.3151,0.9998,0.0056,0.5,1.0,0.5,40.2012,0.5,5.4141,0.5,3.412,0.5,7.3242,0.5,7.3242,C0,0.5,C1,C1,C1
llama31_8b,hotpotqa,9,f1,11220,47315,8.8959,0.3591,0.1946,0.9998,0.0066,0.4,1.0,0.4,40.2012,0.4,5.3999,0.4,3.412,0.4,7.3242,0.4,7.3242,C0,0.4,C1,C1,C1
llama31_8b,hotpotqa,10,f1,15466,67481,9.4427,0.393,0.2435,0.9999,0.0047,1.0,1.0,1.0,40.2012,1.0,5.4149,1.0,3.412,1.0,7.3242,1.0,7.3242,C0,1.0,C1,C1,C1
llama31_8b,hotpotqa,11,f1,15969,76568,9.4284,0.37,0.2278,0.9999,0.0039,0.727273,1.0,0.0,40.2012,0.0,5.4026,0.727273,3.412,0.727273,7.3242,0.727273,7.3242,C0,0.727273,C4,C4,C4
llama31_8b,hotpotqa,12,f1,3507,16166,9.0833,0.4285,0.3884,0.9994,0.0067,1.0,1.0,1.0,18.7981,1.0,5.3568,1.0,3.412,1.0,3.4248,1.0,3.4248,C0,1.0,C1,C1,C1
llama31_8b,hotpotqa,13,f1,13481,61276,9.3435,0.3763,0.2268,0.9999,0.0043,0.0,1.0,0.0,40.2012,0.0,5.407,0.0,3.412,0.0,7.3242,0.0,7.3242,C0,0.0,C1,C1,C1
llama31_8b,hotpotqa,14,f1,13330,48910,9.6626,0.4153,0.2658,0.9998,0.0082,0.0,1.0,0.074074,40.2012,0.0,5.399,0.0,3.412,0.0,7.3242,0.0,7.3242,C1,0.074074,C1,C1,C1
llama31_8b,hotpotqa,15,f1,14429,62696,9.4936,0.3783,0.2263,0.9999,0.0062,0.666667,1.0,0.666667,40.2012,0.666667,5.4005,0.666667,3.412,0.666667,7.3242,0.666667,7.3242,C0,0.666667,C1,C1,C1
llama31_8b,hotpotqa,16,f1,10884,44633,9.1698,0.3814,0.2242,0.9998,0.0071,1.0,1.0,1.0,40.2012,1.0,5.4129,1.0,3.412,1.0,7.3242,1.0,7.3242,C0,1.0,C1,C1,C1
llama31_8b,hotpotqa,17,f1,15393,72591,9.7743,0.3882,0.2658,0.9999,0.0034,0.0,1.0,0.0,40.2012,0.0,5.4104,0.0,3.412,0.0,7.3242,0.0,7.3242,C0,0.0,C1,C1,C1
llama31_8b,hotpotqa,18,f1,16111,69660,9.2338,0.3726,0.1978,0.9999,0.0033,0.0,1.0,0.0,40.2012,0.0,5.4059,0.0,3.412,0.0,7.3242,0.0,7.3242,C0,0.0,C1,C1,C1
llama31_8b,hotpotqa,19,f1,14628,69032,9.4605,0.3848,0.2467,0.9999,0.004,0.5,1.0,0.5,40.2012,0.5,5.4008,0.5,3.412,0.5,7.3242,0.5,7.3242,C0,0.5,C1,C1,C1
llama31_8b,multi_news,0,rouge1,2662,12628,8.1994,0.3998,0.34,0.8747,0.001,0.280936,1.0,0.237918,14.2687,0.247734,5.3183,0.265734,3.412,0.268116,2.5996,0.260274,2.5996,C0,0.280936,C0,C4,C3
llama31_8b,multi_news,1,rouge1,2973,13328,8.0942,0.3761,0.293,0.69,0.0011,0.389776,1.0,0.255319,15.9357,0.363636,5.3283,0.405063,3.412,0.390879,2.9033,0.347541,2.9033,C3,0.405063,C3,C3,C2
llama31_8b,multi_news,2,rouge1,843,3710,7.5069,0.4417,0.4211,,0.003,0.485623,1.0,0.385246,4.5186,0.465409,5.2077,0.481013,3.412,0.485623,1.0,0.485623,1.0,C0,0.485623,C3,C2,C2
llama31_8b,multi_news,3,rouge1,3932,18731,7.3592,0.3172,0.2368,0.9764,0.0006,0.260536,1.0,0.297872,21.0761,0.243728,5.3474,0.286667,3.412,0.288809,3.8398,0.320312,3.8398,C5,0.320312,C1,C1,C1
llama31_8b,multi_news,4,rouge1,2987,13401,8.4979,0.428,0.3525,0.6453,0.001,0.287263,1.0,0.25,16.0108,0.270557,5.3398,0.292011,3.412,0.258621,2.917,0.244444,2.917,C3,0.292011,C3,C3,C2
llama31_8b,multi_news,5,rouge1,3864,18395,8.5728,0.4005,0.3165,0.8686,0.0009,0.2711,1.0,0.213333,20.7116,0.303342,5.3501,0.308861,3.412,0.262295,3.7734,0.297753,3.7734,C3,0.308861,C2,C2,C2
llama31_8b,multi_news,6,rouge1,1241,5610,7.9327,0.4419,0.4085,0.7381,0.002,0.285714,1.0,0.18241,6.652,0.259494,5.2514,0.291262,3.412,0.316129,1.2119,0.253333,1.2119,C4,0.316129,C3,C3,C2
llama31_8b,multi_news,7,rouge1,3825,18745,8.3485,0.3706,0.2897,0.8836,0.0006,0.388235,1.0,0.269841,20.5026,0.317152,5.3475,0.317073,3.412,0.297578,3.7354,0.288732,3.7354,C0,0.388235,C0,C0,C0
llama31_8b,multi_news,8,rouge1,2218,10063,7.8031,0.3696,0.2836,,0.0013,0.469136,1.0,0.33213,11.8888,0.448485,5.3004,0.461078,3.412,0.418605,2.166,0.381625,2.166,C0,0.469136,C0,C2,C2
llama31_8b,multi_news,9,rouge1,1153,5082,7.908,0.4583,0.4345,0.9603,0.0022,0.398892,1.0,0.259669,6.1803,0.401084,5.2447,0.331522,3.412,0.377465,1.126,0.358543,1.126,C2,0.401084,C2,C2,C2
llama31_8b,multi_news,10,rouge1,7439,34688,9.0028,0.3478,0.2496,,0.0004,0.313187,1.0,0.305648,39.8742,0.374233,5.385,0.357955,3.412,0.394904,7.2646,0.345912,7.2646,C4,0.394904,C4,C1,C1
llama31_8b,multi_news,11,rouge1,1932,8923,7.747,0.3751,0.3059,,0.0012,0.39576,1.0,0.255507,10.3558,0.362369,5.2865,0.341935,3.412,0.35206,1.8867,0.360902,1.8867,C0,0.39576,C0,C0,C2
llama31_8b,multi_news,12,rouge1,2629,13280,7.8939,0.3243,0.267,,0.001,0.440154,1.0,0.314176,14.0919,0.334448,5.3196,0.369004,3.412,0.424908,2.5674,0.421053,2.5674,C0,0.440154,C0,C4,C4
llama31_8b,multi_news,13,rouge1,2978,14203,7.9905,0.3576,0.2754,,0.0009,0.312292,1.0,0.254237,15.9625,0.344595,5.3284,0.338462,3.412,0.245734,2.9082,0.268551,2.9082,C2,0.344595,C2,C2,C2
llama31_8b,multi_news,14,rouge1,874,3980,7.6021,0.4372,0.4405,,0.0028,0.30303,1.0,0.268199,4.6848,0.298413,5.2161,0.29375,3.412,0.30303,1.0,0.30303,1.0,C0,0.30303,C0,C2,C2
llama31_8b,multi_news,15,rouge1,2736,12552,8.047,0.3785,0.2979,,0.0009,0.390093,1.0,0.286765,14.6654,0.342342,5.3268,0.390533,3.412,0.291815,2.6719,0.33452,2.6719,C3,0.390533,C3,C3,C3
llama31_8b,multi_news,16,rouge1,2044,8902,7.9208,0.4151,0.3283,0.3315,0.0012,0.346591,1.0,0.280576,10.9562,0.340659,5.3099,0.331492,3.412,0.302115,1.9961,0.31454,1.9961,C0,0.346591,C0,C2,C2
llama31_8b,multi_news,17,rouge1,1572,7308,8.1072,0.4353,0.4097,,0.0015,0.27476,1.0,0.261224,8.4262,0.311688,5.2803,0.287582,3.412,0.273616,1.5352,0.263889,1.5352,C2,0.311688,C2,C1,C1
llama31_8b,multi_news,18,rouge1,4538,22086,8.4441,0.3711,0.2757,0.9707,0.0005,0.309859,1.0,0.232394,24.3244,0.292398,5.3646,0.333333,3.412,0.307692,4.4316,0.312139,4.4316,C3,0.333333,C4,C4,C2
llama31_8b,multi_news,19,rouge1,1527,6950,7.5228,0.3736,0.298,0.2747,0.0019,0.478571,1.0,0.196319,8.185,0.506173,5.2664,0.470588,3.412,0.415771,1.4912,0.482759,1.4912,C2,0.506173,C2,C2,C2
llama31_8b,multifieldqa_en,0,f1,1529,5225,7.6562,0.454,0.3362,0.9983,0.0188,0.75,1.0,0.75,8.1957,0.75,5.2873,0.75,3.412,0.75,1.4932,0.75,1.4932,C0,0.75,C1,C1,C1
llama31_8b,multifieldqa_en,1,f1,3037,14071,8.3041,0.3913,0.3112,0.9994,0.0068,1.0,1.0,1.0,16.2788,1.0,5.3475,1.0,3.412,1.0,2.9658,1.0,2.9658,C0,1.0,C1,C1,C1
llama31_8b,multifieldqa_en,2,f1,9520,45349,9.0305,0.2622,0.1791,0.9998,0.0015,0.0625,1.0,0.5,40.2012,0.0625,5.4044,0.0625,3.412,0.5,7.3242,0.5,7.3242,C1,0.5,C1,C1,C1
llama31_8b,multifieldqa_en,3,f1,7393,31608,8.3178,0.3094,0.1658,0.9997,0.003,1.0,1.0,0.888889,39.6276,0.888889,5.4058,1.0,3.412,1.0,7.2197,1.0,7.2197,C0,1.0,C4,C4,C4
llama31_8b,multifieldqa_en,4,f1,7479,33949,9.2387,0.3893,0.2805,0.9997,0.0111,1.0,1.0,1.0,40.0886,1.0,5.3902,1.0,3.412,1.0,7.3037,1.0,7.3037,C0,1.0,C1,C1,C1
llama31_8b,multifieldqa_en,5,f1,6599,19528,8.42,0.3644,0.177,0.9995,0.0277,0.571429,1.0,0.571429,35.3717,0.571429,5.382,0.571429,3.412,0.571429,6.4443,0.571429,6.4443,C0,0.571429,C1,C1,C1
llama31_8b,multifieldqa_en,6,f1,6288,20826,8.3493,0.3338,0.1625,0.9996,0.0181,0.642857,1.0,0.666667,33.7047,0.642857,5.4077,0.529412,3.412,0.529412,6.1406,0.529412,6.1406,C1,0.666667,C1,C1,C1
llama31_8b,multifieldqa_en,7,f1,3684,6000,7.881,0.3659,0.1707,,0.0018,1.0,1.0,1.0,19.7468,1.0,5.3278,1.0,3.412,1.0,3.5977,1.0,3.5977,C0,1.0,C1,C1,C1
llama31_8b,multifieldqa_en,8,f1,4463,21852,8.6743,0.3954,0.3079,0.9996,0.0053,1.0,1.0,0.8,23.9224,1.0,5.3731,0.8,3.412,0.8,4.3584,0.8,4.3584,C0,1.0,C2,C2,C2
llama31_8b,multifieldqa_en,9,f1,3178,15563,8.257,0.3579,0.2618,0.9994,0.0068,0.0,1.0,0.0,17.0346,0.0,5.3312,0.0,3.412,0.0,3.1035,0.0,3.1035,C0,0.0,C1,C1,C1
llama31_8b,multifieldqa_en,10,f1,2108,8995,8.0773,0.4297,0.3283,0.999,0.0073,0.689655,1.0,0.382979,11.2992,0.689655,5.2995,0.689655,3.412,0.689655,2.0586,0.689655,2.0586,C0,0.689655,C2,C2,C2
llama31_8b,multifieldqa_en,11,f1,6202,31240,8.584,0.3354,0.2127,0.9997,0.0046,0.4,1.0,0.4,33.2437,0.4,5.3819,0.4,3.412,0.4,6.0566,0.4,6.0566,C0,0.4,C1,C1,C1
llama31_8b,multifieldqa_en,12,f1,4972,21982,8.6984,0.3497,0.2548,0.9996,0.0022,0.133333,1.0,0.24,26.6507,0.651163,5.3758,0.133333,3.412,0.1875,4.8555,0.121212,4.8555,C2,0.651163,C1,C1,C1
llama31_8b,multifieldqa_en,13,f1,14997,56541,8.4065,0.2042,0.0928,0.9998,0.0092,1.0,1.0,1.0,40.2012,1.0,5.4017,1.0,3.412,1.0,7.3242,1.0,7.3242,C0,1.0,C1,C1,C1
llama31_8b,multifieldqa_en,14,f1,3785,14403,9.4641,0.4404,0.3868,0.9994,0.0044,0.0,1.0,0.0,20.2882,0.0,5.3664,0.0,3.412,0.0,3.6963,0.0,3.6963,C0,0.0,C1,C1,C1
llama31_8b,multifieldqa_en,15,f1,9461,42138,9.0572,0.3951,0.2222,0.9998,0.0058,0.277778,1.0,0.333333,40.2012,0.344828,5.4085,0.277778,3.412,0.322581,7.3242,0.333333,7.3242,C2,0.344828,C1,C1,C1
llama31_8b,multifieldqa_en,16,f1,7656,33274,9.3051,0.4012,0.2701,0.9997,0.005,0.0,1.0,0.1,40.2012,0.0,5.4275,0.0,3.412,0.0,7.3242,0.0,7.3242,C1,0.1,C1,C1,C1
llama31_8b,multifieldqa_en,17,f1,3704,13757,7.6487,0.2999,0.1712,0.9993,0.0118,0.0,1.0,0.0,19.854,0.0,5.3535,0.0,3.412,0.0,3.6172,0.0,3.6172,C0,0.0,C1,C1,C1
llama31_8b,multifieldqa_en,18,f1,5300,22974,8.4297,0.3478,0.2072,0.9996,0.0047,0.222222,1.0,0.444444,28.4088,0.428571,5.3929,0.222222,3.412,0.375,5.1758,0.428571,5.1758,C1,0.444444,C1,C1,C1
llama31_8b,multifieldqa_en,19,f1,11048,44441,8.623,0.3246,0.1461,0.9998,0.0038,0.216216,1.0,0.222222,40.2012,0.216216,5.4151,0.222222,3.412,0.27027,7.3242,0.27027,7.3242,C4,0.27027,C1,C1,C1
llama31_8b,narrativeqa,0,f1,31373,127703,9.2856,0.3891,0.1576,0.9999,0.0184,0.47619,1.0,0.315789,40.2012,0.5,5.4074,0.47619,3.412,0.631579,7.3242,0.631579,7.3242,C4,0.631579,C4,C4,C4
llama31_8b,narrativeqa,1,f1,36248,157714,9.5496,0.3887,0.1602,0.9999,0.0198,0.117647,1.0,0.0,40.2012,0.117647,5.401,0.117647,3.412,0.117647,7.3242,0.111111,7.3242,C0,0.117647,C4,C4,C4
llama31_8b,narrativeqa,2,f1,13507,56169,9.049,0.4016,0.2137,0.9998,0.0192,0.117647,1.0,0.117647,40.2012,0.117647,5.4236,0.117647,3.412,0.117647,7.3242,0.117647,7.3242,C0,0.117647,C1,C1,C1
llama31_8b,narrativeqa,3,f1,16516,62691,9.2044,0.424,0.2147,0.9998,0.0201,0.133333,1.0,0.117647,40.2012,0.5,5.4129,0.133333,3.412,0.190476,7.3242,0.111111,7.3242,C2,0.5,C4,C4,C4
llama31_8b,narrativeqa,4,f1,46708,153856,8.9604,0.3571,0.1214,0.9999,0.0376,0.0,1.0,0.0,40.2012,0.0,5.3975,0.0,3.412,0.0,7.3242,0.0,7.3242,C0,0.0,C1,C1,C1
llama31_8b,narrativeqa,5,f1,37057,150571,9.2839,0.3741,0.1193,0.9999,0.0201,0.111111,1.0,0.105263,40.2012,0.105263,5.4095,0.105263,3.412,0.111111,7.3242,0.111111,7.3242,C0,0.111111,C4,C4,C1
llama31_8b,narrativeqa,6,f1,8050,34101,9.3906,0.4275,0.3063,0.9997,0.0259,0.0,1.0,0.0,40.2012,0.0,5.392,0.0,3.412,0.0,7.3242,0.0,7.3242,C0,0.0,C1,C1,C1
llama31_8b,narrativeqa,7,f1,11380,47169,9.3137,0.4168,0.2562,0.9998,0.0211,0.666667,1.0,0.666667,40.2012,0.666667,5.4171,0.666667,3.412,0.666667,7.3242,0.666667,7.3242,C0,0.666667,C1,C1,C1
llama31_8b,narrativeqa,8,f1,36233,157653,9.5497,0.3887,0.1603,0.9999,0.0198,0.5,1.0,0.5,40.2012,0.5,5.3999,0.5,3.412,0.5,7.3242,0.5,7.3242,C0,0.5,C1,C1,C1
llama31_8b,narrativeqa,9,f1,36241,157679,9.5495,0.3887,0.1603,0.9999,0.0198,0.5,1.0,0.5,40.2012,0.5,5.4005,0.5,3.412,0.5,7.3242,0.5,7.3242,C0,0.5,C1,C1,C1
llama31_8b,narrativeqa,10,f1,38183,133473,8.8186,0.3687,0.1113,0.9999,0.0283,1.0,1.0,0.666667,40.2012,1.0,5.4028,1.0,3.412,1.0,7.3242,1.0,7.3242,C0,1.0,C4,C4,C4
llama31_8b,narrativeqa,11,f1,31372,127699,9.2854,0.3891,0.1575,0.9999,0.0184,0.0,1.0,0.0,40.2012,0.0,5.4076,0.0,3.412,0.0,7.3242,0.0,7.3242,C0,0.0,C1,C1,C1
llama31_8b,narrativeqa,12,f1,11385,47216,9.3161,0.417,0.2566,0.9998,0.0211,0.0,1.0,0.0,40.2012,0.0,5.4171,0.0,3.412,0.0,7.3242,0.0,7.3242,C0,0.0,C1,C1,C1
llama31_8b,narrativeqa,13,f1,37057,150560,9.2834,0.3741,0.1193,0.9999,0.0201,0.0,1.0,0.0,40.2012,0.0,5.4095,0.0,3.412,0.0,7.3242,0.0,7.3242,C0,0.0,C1,C1,C1
llama31_8b,narrativeqa,14,f1,31384,127757,9.2851,0.3891,0.1575,0.9999,0.0183,0.0,1.0,0.0,40.2012,0.0,5.4075,0.0,3.412,0.0,7.3242,0.0,7.3242,C0,0.0,C1,C1,C1
llama31_8b,narrativeqa,15,f1,37059,150579,9.2837,0.374,0.1193,0.9999,0.0201,0.416667,1.0,0.210526,40.2012,0.26087,5.4092,0.416667,3.412,0.285714,7.3242,0.285714,7.3242,C0,0.416667,C3,C3,C3
llama31_8b,narrativeqa,16,f1,11381,47179,9.3144,0.4169,0.2564,0.9998,0.0211,0.4,1.0,0.25,40.2012,0.4,5.4171,0.4,3.412,0.4,7.3242,0.4,7.3242,C0,0.4,C4,C4,C4
llama31_8b,narrativeqa,17,f1,8054,34126,9.3898,0.4273,0.3061,0.9997,0.0259,0.666667,1.0,0.5,40.2012,0.4,5.392,0.666667,3.412,0.666667,7.3242,0.666667,7.3242,C0,0.666667,C4,C4,C4
llama31_8b,narrativeqa,18,f1,31418,134613,9.3844,0.3944,0.1648,0.9999,0.019,0.266667,1.0,0.266667,40.2012,0.25,5.3979,0.266667,3.412,0.266667,7.3242,0.266667,7.3242,C0,0.266667,C1,C1,C1
llama31_8b,narrativeqa,19,f1,19113,76470,8.9864,0.3937,0.1785,0.9999,0.0167,0.333333,1.0,0.333333,40.2012,0.333333,5.3984,0.333333,3.412,0.333333,7.3242,0.333333,7.3242,C0,0.333333,C1,C1,C1
llama31_8b,passage_count,0,count_em,15690,66383,8.8233,0.0991,0.0748,0.0041,0.0013,0.0,1.0,0.0,40.2012,0.0,5.3848,0.0,3.412,0.0,7.3242,0.0,7.3242,C0,0.0,C1,C1,C1
llama31_8b,passage_count,1,count_em,21256,96790,8.488,0.0536,0.0397,0.0028,0.001,0.0,1.0,0.0,40.2012,0.0,5.3761,0.0,3.412,0.0,7.3242,0.0,7.3242,C0,0.0,C1,C1,C1
llama31_8b,passage_count,2,count_em,18536,82313,9.3288,0.2315,0.1262,0.0033,0.0012,0.0,1.0,0.0,40.2012,0.0,5.3966,0.0,3.412,0.0,7.3242,0.0,7.3242,C0,0.0,C1,C1,C1
llama31_8b,passage_count,3,count_em,17304,81159,9.7033,0.3446,0.2163,0.8755,0.0009,0.0,1.0,0.0,40.2012,0.0,5.3881,0.0,3.412,0.0,7.3242,0.0,7.3242,C0,0.0,C1,C1,C1
llama31_8b,passage_count,4,count_em,20836,96082,9.6139,0.2716,0.1724,0.0028,0.0011,0.0,1.0,0.0,40.2012,0.0,5.394,0.0,3.412,0.0,7.3242,0.0,7.3242,C0,0.0,C1,C1,C1
llama31_8b,passage_count,5,count_em,11196,50472,9.4701,0.3389,0.2514,0.7383,0.0014,0.0,1.0,0.0,40.2012,0.0,5.4118,0.0,3.412,0.0,7.3242,0.0,7.3242,C0,0.0,C1,C1,C1
llama31_8b,passage_count,6,count_em,16511,78503,9.2245,0.2217,0.1368,0.0035,0.001,0.0,1.0,0.0,40.2012,0.0,5.3949,0.0,3.412,0.0,7.3242,0.0,7.3242,C0,0.0,C1,C1,C1
llama31_8b,passage_count,7,count_em,12868,60783,9.2372,0.2047,0.1543,0.0045,0.0012,0.0,1.0,0.0,40.2012,0.0,5.3928,0.0,3.412,0.0,7.3242,0.0,7.3242,C0,0.0,C1,C1,C1
llama31_8b,passage_count,8,count_em,17307,79574,8.6588,0.0863,0.0581,0.0034,0.001,0.0,1.0,0.0,40.2012,0.0,5.3763,0.0,3.412,0.0,7.3242,0.0,7.3242,C0,0.0,C1,C1,C1
llama31_8b,passage_count,9,count_em,11552,54444,8.5926,0.1037,0.0848,0.005,0.001,1.0,1.0,1.0,40.2012,1.0,5.3786,1.0,3.412,1.0,7.3242,1.0,7.3242,C0,1.0,C1,C1,C1
llama31_8b,passage_count,10,count_em,18085,82268,8.7851,0.1413,0.0849,0.7675,0.0011,0.0,1.0,0.0,40.2012,0.0,5.3818,0.0,3.412,0.0,7.3242,0.0,7.3242,C0,0.0,C1,C1,C1
llama31_8b,passage_count,11,count_em,12795,58382,9.4539,0.3231,0.2034,0.3194,0.0011,0.0,1.0,0.0,40.2012,0.0,5.4064,0.0,3.412,0.0,7.3242,0.0,7.3242,C0,0.0,C1,C1,C1
llama31_8b,passage_count,12,count_em,9166,40044,8.7163,0.1457,0.1233,0.0068,0.0014,0.0,1.0,0.0,40.2012,0.0,5.3766,0.0,3.412,0.0,7.3242,0.0,7.3242,C0,0.0,C1,C1,C1
llama31_8b,passage_count,13,count_em,17204,73884,8.4383,0.0728,0.0545,0.0037,0.0012,0.0,1.0,0.0,40.2012,0.0,5.3643,0.0,3.412,0.0,7.3242,0.0,7.3242,C0,0.0,C1,C1,C1
llama31_8b,passage_count,14,count_em,17229,75746,9.6663,0.2807,0.1846,0.9876,0.0013,0.0,1.0,0.0,40.2012,0.0,5.3989,0.0,3.412,0.0,7.3242,0.0,7.3242,C0,0.0,C1,C1,C1
llama31_8b,passage_count,15,count_em,7714,35076,9.0484,0.2584,0.2092,0.0078,0.0013,0.0,1.0,0.0,40.2012,0.0,5.3936,0.0,3.412,0.0,7.3242,0.0,7.3242,C0,0.0,C1,C1,C1
llama31_8b,passage_count,16,count_em,11199,53076,9.0566,0.2223,0.182,0.0051,0.0011,0.0,1.0,0.0,40.2012,0.0,5.3905,0.0,3.412,0.0,7.3242,0.0,7.3242,C0,0.0,C1,C1,C1
llama31_8b,passage_count,17,count_em,16775,73969,8.6787,0.0915,0.0625,0.0037,0.001,1.0,1.0,1.0,40.2012,1.0,5.3781,1.0,3.412,1.0,7.3242,1.0,7.3242,C0,1.0,C1,C1,C1
llama31_8b,passage_count,18,count_em,17101,75663,9.6157,0.3241,0.1894,0.6176,0.0011,0.0,1.0,0.0,40.2012,0.0,5.3991,0.0,3.412,0.0,7.3242,0.0,7.3242,C0,0.0,C1,C1,C1
llama31_8b,passage_count,19,count_em,15851,72937,9.4437,0.2935,0.1766,0.7509,0.001,0.0,1.0,0.0,40.2012,0.0,5.3876,0.0,3.412,0.0,7.3242,0.0,7.3242,C0,0.0,C1,C1,C1
llama31_8b,qasper,0,f1,3999,20581,8.4397,0.355,0.2751,0.9995,0.0033,0.315789,1.0,0.358974,21.4353,0.292683,5.344,0.3,3.412,0.27907,3.9053,0.27907,3.9053,C1,0.358974,C1,C1,C1
llama31_8b,qasper,1,f1,4592,22074,8.697,0.3531,0.248,0.9995,0.0028,0.413793,1.0,0.266667,24.6138,0.413793,5.369,0.413793,3.412,0.444444,4.4844,0.428571,4.4844,C4,0.444444,C2,C2,C2
llama31_8b,qasper,2,f1,3695,19082,8.4213,0.3517,0.2658,0.9995,0.0018,0.153846,1.0,0.166667,19.8058,0.25,5.3517,0.153846,3.412,0.153846,3.6084,0.153846,3.6084,C2,0.25,C1,C1,C1
llama31_8b,qasper,3,f1,3986,18806,8.7996,0.3728,0.2908,0.9995,0.003,0.352941,1.0,0.056338,21.3656,0.196078,5.3686,0.464286,3.412,0.431373,3.8926,0.208333,3.8926,C3,0.464286,C4,C4,C4
llama31_8b,qasper,4,f1,6965,34512,8.6029,0.3301,0.2152,0.9997,0.0024,0.243902,1.0,0.235294,37.3335,0.243902,5.3952,0.243902,3.412,0.243902,6.8018,0.243902,6.8018,C0,0.243902,C4,C1,C1
llama31_8b,qasper,5,f1,3573,16144,8.7414,0.393,0.2936,0.9994,0.0028,0.0,1.0,0.0,19.1518,0.0,5.3619,0.0,3.412,0.0,3.4893,0.0,3.4893,C0,0.0,C1,C1,C1
llama31_8b,qasper,6,f1,3628,16671,8.6023,0.3604,0.2696,0.9993,0.0027,0.461538,1.0,0.269231,19.4467,0.36,5.3548,0.461538,3.412,0.318182,3.543,0.311111,3.543,C0,0.461538,C3,C3,C3
llama31_8b,qasper,7,f1,5496,27249,8.4002,0.3177,0.2174,0.9996,0.0029,0.0,1.0,0.0,29.4594,0.0,5.3747,0.0,3.412,0.0,5.3672,0.0,5.3672,C0,0.0,C1,C1,C1
llama31_8b,qasper,8,f1,5733,27801,8.2917,0.2843,0.1833,0.9996,0.0023,1.0,1.0,1.0,30.7298,1.0,5.3762,1.0,3.412,1.0,5.5986,1.0,5.5986,C0,1.0,C1,C1,C1
llama31_8b,qasper,9,f1,5641,26744,8.7704,0.3251,0.2235,0.9996,0.0028,0.5,1.0,0.5,30.2366,0.5,5.3928,0.5,3.412,0.5,5.5088,0.5,5.5088,C0,0.5,C1,C1,C1
llama31_8b,qasper,10,f1,7516,31417,8.7211,0.3318,0.1813,0.9997,0.0029,1.0,1.0,0.181818,40.2012,0.888889,5.4002,1.0,3.412,0.608696,7.3242,0.608696,7.3242,C0,1.0,C3,C3,C3
llama31_8b,qasper,11,f1,5368,25709,8.6888,0.3506,0.2472,0.9996,0.0031,0.486486,1.0,0.168224,28.7733,0.439024,5.3881,0.486486,3.412,0.486486,5.2422,0.486486,5.2422,C0,0.486486,C4,C4,C2
llama31_8b,qasper,12,f1,4438,22129,8.6527,0.3723,0.2684,0.9995,0.0026,0.136364,1.0,0.105263,23.7884,0.135593,5.3609,0.136364,3.412,0.15,4.334,0.146341,4.334,C4,0.15,C2,C2,C2
llama31_8b,qasper,13,f1,2962,14178,8.674,0.4034,0.3336,0.9993,0.0033,0.333333,1.0,0.0,15.8768,0.266667,5.333,0.333333,3.412,0.285714,2.8926,0.285714,2.8926,C0,0.333333,C3,C3,C3
llama31_8b,qasper,14,f1,7191,34064,8.8178,0.334,0.2043,0.9997,0.003,0.085106,1.0,0.057143,38.5449,0.085106,5.3997,0.085106,3.412,0.085106,7.0225,0.085106,7.0225,C0,0.085106,C4,C4,C4
llama31_8b,qasper,15,f1,2722,13171,8.2975,0.3493,0.2686,0.9992,0.0029,0.375,1.0,0.073394,14.5903,0.342857,5.3373,0.333333,3.412,0.363636,2.6582,0.322581,2.6582,C0,0.375,C0,C4,C2
llama31_8b,qasper,16,f1,4948,22048,8.7302,0.3602,0.2381,0.9995,0.0025,0.461538,1.0,0.071429,26.5221,0.714286,5.3717,0.461538,3.412,0.428571,4.832,0.428571,4.832,C2,0.714286,C2,C2,C2
llama31_8b,qasper,17,f1,6646,32756,8.892,0.3376,0.2231,0.9997,0.0027,0.556962,1.0,0.376812,35.6236,0.408163,5.3902,0.536585,3.412,0.5,6.4902,0.5,6.4902,C0,0.556962,C0,C3,C3
llama31_8b,qasper,18,f1,2926,14962,8.1419,0.3369,0.2587,0.9993,0.0022,0.8,1.0,0.4,15.6838,0.8,5.3258,0.8,3.412,0.8,2.8574,0.8,2.8574,C0,0.8,C2,C2,C2
llama31_8b,qasper,19,f1,7947,39961,8.9078,0.3301,0.2101,0.9997,0.0019,0.105263,1.0,0.0,40.2012,0.068966,5.3999,0.142857,3.412,0.2,7.3242,0.2,7.3242,C4,0.2,C4,C4,C4
llama31_8b,qmsum,0,rouge1,10012,41672,7.545,0.272,0.096,0.9911,0.0142,0.329114,1.0,0.3125,40.2012,0.283951,5.3731,0.385093,3.412,0.363636,7.3242,0.382716,7.3242,C3,0.385093,C4,C4,C1
llama31_8b,qmsum,1,rouge1,15843,56671,7.5127,0.2885,0.0787,0.9998,0.0097,0.330097,1.0,0.489796,40.2012,0.306122,5.3816,0.352941,3.412,0.459459,7.3242,0.459459,7.3242,C1,0.489796,C1,C1,C1
llama31_8b,qmsum,2,rouge1,16874,60790,7.7147,0.308,0.0862,0.9999,0.0162,0.277778,1.0,0.337662,40.2012,0.21978,5.3887,0.2,3.412,0.269231,7.3242,0.245614,7.3242,C1,0.337662,C1,C1,C1
llama31_8b,qmsum,3,rouge1,26144,96263,7.5928,0.2853,0.0644,0.9999,0.0092,0.333333,1.0,0.290323,40.2012,0.40708,5.3901,0.319328,3.412,0.407407,7.3242,0.358974,7.3242,C4,0.407407,C4,C4,C4
llama31_8b,qmsum,4,rouge1,5567,22945,7.3895,0.2929,0.1349,0.9996,0.0139,0.311475,1.0,0.307692,29.84,0.310345,5.3564,0.330435,3.412,0.283019,5.4365,0.301887,5.4365,C3,0.330435,C2,C1,C1
llama31_8b,qmsum,5,rouge1,16137,71346,8.5491,0.3307,0.1246,0.9975,0.0024,0.276923,1.0,0.245614,40.2012,0.289855,5.4034,0.255319,3.412,0.35,7.3242,0.31746,7.3242,C4,0.35,C4,C4,C4
llama31_8b,qmsum,6,rouge1,10011,41676,7.5453,0.2723,0.0959,0.9998,0.0142,0.25974,1.0,0.282051,40.2012,0.25974,5.3729,0.307692,3.412,0.293333,7.3242,0.25974,7.3242,C3,0.307692,C1,C1,C1
llama31_8b,qmsum,7,rouge1,29990,143787,9.0664,0.3143,0.1189,0.9999,0.0028,0.394366,1.0,0.433333,40.2012,0.285714,5.3984,0.394366,3.412,0.303797,7.3242,0.333333,7.3242,C1,0.433333,C1,C1,C1
llama31_8b,qmsum,8,rouge1,18583,70557,7.8168,0.3149,0.0887,0.9932,0.0077,0.248588,1.0,0.263889,40.2012,0.21519,5.3922,0.207792,3.412,0.191083,7.3242,0.21519,7.3242,C1,0.263889,C1,C1,C1
llama31_8b,qmsum,9,rouge1,13005,61340,8.4906,0.325,0.1366,0.9892,0.0021,0.297872,1.0,0.378947,40.2012,0.292308,5.3993,0.365385,3.412,0.330435,7.3242,0.327586,7.3242,C1,0.378947,C1,C1,C1
llama31_8b,qmsum,10,rouge1,10088,40796,7.2656,0.2594,0.0857,0.946,0.0161,0.362069,1.0,0.178571,40.2012,0.368421,5.3681,0.373832,3.412,0.293578,7.3242,0.363636,7.3242,C3,0.373832,C5,C5,C5
llama31_8b,qmsum,11,rouge1,11253,40990,7.5729,0.3031,0.0953,0.9817,0.0086,0.217949,1.0,0.244444,40.2012,0.240602,5.3907,0.248276,3.412,0.239316,7.3242,0.309091,7.3242,C5,0.309091,C1,C1,C1
llama31_8b,qmsum,12,rouge1,8231,32494,7.1375,0.2571,0.0858,0.986,0.0146,0.34375,1.0,0.25,40.2012,0.333333,5.3683,0.347826,3.412,0.380165,7.3242,0.333333,7.3242,C4,0.380165,C4,C4,C4
llama31_8b,qmsum,13,rouge1,12531,52225,7.631,0.2842,0.106,0.9998,0.0152,0.264151,1.0,0.288462,40.2012,0.298246,5.3867,0.285714,3.412,0.264151,7.3242,0.315789,7.3242,C5,0.315789,C1,C1,C1
llama31_8b,qmsum,14,rouge1,18413,66906,7.5093,0.282,0.0679,0.9921,0.0104,0.189655,1.0,0.257426,40.2012,0.216667,5.3893,0.183486,3.412,0.230088,7.3242,0.245902,7.3242,C1,0.257426,C1,C1,C1
llama31_8b,qmsum,15,rouge1,13348,50567,6.8193,0.2331,0.07,0.9823,0.0187,0.180451,1.0,0.227273,40.2012,0.241135,5.3658,0.273381,3.412,0.295082,7.3242,0.366667,7.3242,C5,0.366667,C1,C1,C1
llama31_8b,qmsum,16,rouge1,25410,120528,9.0895,0.3251,0.1403,0.9999,0.003,0.237037,1.0,0.230769,40.2012,0.218978,5.4003,0.211268,3.412,0.256,7.3242,0.246154,7.3242,C4,0.256,C4,C1,C1
llama31_8b,qmsum,17,rouge1,12119,49902,7.5304,0.2706,0.089,0.9998,0.0134,0.387097,1.0,0.344828,40.2012,0.387755,5.3773,0.387755,3.412,0.442105,7.3242,0.469388,7.3242,C5,0.469388,C4,C4,C4
llama31_8b,qmsum,18,rouge1,18416,66930,7.5101,0.2821,0.068,0.9918,0.0104,0.190476,1.0,0.194444,40.2012,0.172414,5.3894,0.201681,3.412,0.222222,7.3242,0.183673,7.3242,C4,0.222222,C1,C1,C1
llama31_8b,qmsum,19,rouge1,5220,20018,6.724,0.2514,0.1084,0.9814,0.0191,0.210526,1.0,0.209302,27.98,0.164948,5.3432,0.224299,3.412,0.204082,5.0977,0.294737,5.0977,C5,0.294737,C1,C1,C1
llama31_8b,trec,0,accuracy,4956,22067,7.5377,0.316,0.2611,0.9997,0.0234,1.0,1.0,1.0,26.5649,1.0,5.3699,1.0,3.412,1.0,4.8398,1.0,4.8398,C0,1.0,C1,C1,C1
llama31_8b,trec,1,accuracy,7145,31651,7.5619,0.3048,0.2321,0.9998,0.0244,0.0,1.0,0.0,38.2983,0.0,5.3917,0.0,3.412,0.0,6.9775,0.0,6.9775,C0,0.0,C1,C1,C1
llama31_8b,trec,2,accuracy,10958,48491,7.7814,0.3009,0.2111,0.9999,0.0241,0.0,1.0,0.0,40.2012,0.0,5.399,0.0,3.412,0.0,7.3242,0.0,7.3242,C0,0.0,C1,C1,C1
llama31_8b,trec,3,accuracy,3338,14683,7.3828,0.3373,0.2846,0.9995,0.0236,1.0,1.0,1.0,17.8922,1.0,5.3402,1.0,3.412,1.0,3.2598,1.0,3.2598,C0,1.0,C1,C1,C1
llama31_8b,trec,4,accuracy,10064,44441,7.7338,0.3009,0.2204,0.9998,0.0242,0.0,1.0,0.0,40.2012,0.0,5.4009,0.0,3.412,0.0,7.3242,0.0,7.3242,C0,0.0,C1,C1,C1
llama31_8b,trec,5,accuracy,4316,18986,7.3006,0.309,0.2477,0.9996,0.0249,1.0,1.0,1.0,23.1344,1.0,5.3577,1.0,3.412,1.0,4.2148,1.0,4.2148,C0,1.0,C1,C1,C1
llama31_8b,trec,6,accuracy,2849,12633,7.3902,0.3374,0.2945,0.9994,0.0237,1.0,1.0,1.0,15.2711,1.0,5.3296,1.0,3.412,1.0,2.7822,1.0,2.7822,C0,1.0,C1,C1,C1
llama31_8b,trec,7,accuracy,9179,40923,7.6677,0.2964,0.2221,0.9998,0.024,1.0,1.0,1.0,40.2012,1.0,5.3982,1.0,3.412,1.0,7.3242,1.0,7.3242,C0,1.0,C1,C1,C1
llama31_8b,trec,8,accuracy,10565,46752,7.8126,0.3025,0.2216,0.9999,0.0238,1.0,1.0,1.0,40.2012,1.0,5.3996,1.0,3.412,1.0,7.3242,1.0,7.3242,C0,1.0,C1,C1,C1
llama31_8b,trec,9,accuracy,7817,34486,7.6659,0.3026,0.2318,0.9998,0.0239,1.0,1.0,1.0,40.2012,1.0,5.4041,1.0,3.412,1.0,7.3242,1.0,7.3242,C0,1.0,C1,C1,C1
llama31_8b,trec,10,accuracy,11030,48978,7.89,0.304,0.2194,0.9999,0.0231,1.0,1.0,1.0,40.2012,1.0,5.3993,1.0,3.412,1.0,7.3242,1.0,7.3242,C0,1.0,C1,C1,C1
llama31_8b,trec,11,accuracy,10282,45731,7.8247,0.3034,0.2211,0.9998,0.0235,1.0,1.0,1.0,40.2012,1.0,5.3982,1.0,3.412,1.0,7.3242,1.0,7.3242,C0,1.0,C1,C1,C1
llama31_8b,trec,12,accuracy,2774,12440,7.2091,0.3334,0.287,0.9994,0.0239,1.0,1.0,1.0,14.8691,1.0,5.324,1.0,3.412,1.0,2.709,1.0,2.709,C0,1.0,C1,C1,C1
llama31_8b,trec,13,accuracy,10041,44636,7.7657,0.3005,0.2226,0.9998,0.0237,0.0,1.0,0.0,40.2012,0.0,5.3996,0.0,3.412,0.0,7.3242,0.0,7.3242,C0,0.0,C1,C1,C1
llama31_8b,trec,14,accuracy,8470,37582,7.6394,0.3041,0.2262,0.9998,0.0242,1.0,1.0,1.0,40.2012,1.0,5.3987,1.0,3.412,1.0,7.3242,1.0,7.3242,C0,1.0,C1,C1,C1
llama31_8b,trec,15,accuracy,8883,39237,7.6557,0.3005,0.2194,0.9998,0.024,1.0,1.0,1.0,40.2012,1.0,5.3971,1.0,3.412,1.0,7.3242,1.0,7.3242,C0,1.0,C1,C1,C1
llama31_8b,trec,16,accuracy,8850,39057,7.7049,0.3051,0.2243,0.9998,0.0238,1.0,1.0,1.0,40.2012,1.0,5.3996,1.0,3.412,1.0,7.3242,1.0,7.3242,C0,1.0,C1,C1,C1
llama31_8b,trec,17,accuracy,6265,27941,7.6663,0.3159,0.2496,0.9997,0.0237,1.0,1.0,1.0,33.5814,1.0,5.3836,1.0,3.412,1.0,6.1182,1.0,6.1182,C0,1.0,C1,C1,C1
llama31_8b,trec,18,accuracy,5991,26687,7.5822,0.3149,0.2495,0.9997,0.0241,1.0,1.0,1.0,32.1127,1.0,5.3822,1.0,3.412,1.0,5.8506,1.0,5.8506,C0,1.0,C1,C1,C1
llama31_8b,trec,19,accuracy,11176,49551,7.73,0.2964,0.211,0.9999,0.0241,1.0,1.0,1.0,40.2012,1.0,5.3985,1.0,3.412,1.0,7.3242,1.0,7.3242,C0,1.0,C1,C1,C1
llama31_8b,triviaqa,0,f1,5506,23489,9.3091,0.4315,0.3482,0.9711,0.0139,1.0,1.0,1.0,29.513,1.0,5.3847,1.0,3.412,1.0,5.377,1.0,5.377,C0,1.0,C1,C1,C1
llama31_8b,triviaqa,1,f1,20031,85780,10.2352,0.4154,0.2659,0.9999,0.012,1.0,1.0,1.0,40.2012,1.0,5.414,1.0,3.412,1.0,7.3242,1.0,7.3242,C0,1.0,C1,C1,C1
llama31_8b,triviaqa,2,f1,12920,55689,9.8841,0.4137,0.2892,0.9998,0.0096,1.0,1.0,1.0,40.2012,1.0,5.401,1.0,3.412,1.0,7.3242,1.0,7.3242,C0,1.0,C1,C1,C1
llama31_8b,triviaqa,3,f1,11013,47493,9.7234,0.4216,0.2947,0.9998,0.0106,1.0,1.0,1.0,40.2012,1.0,5.4038,1.0,3.412,1.0,7.3242,1.0,7.3242,C0,1.0,C1,C1,C1
llama31_8b,triviaqa,4,f1,8326,36757,9.7764,0.4334,0.347,0.9997,0.0094,1.0,1.0,1.0,40.2012,1.0,5.398,1.0,3.412,1.0,7.3242,1.0,7.3242,C0,1.0,C1,C1,C1
llama31_8b,triviaqa,5,f1,10453,44556,9.8651,0.4275,0.3041,0.9998,0.0077,1.0,1.0,1.0,40.2012,1.0,5.4057,1.0,3.412,1.0,7.3242,1.0,7.3242,C0,1.0,C1,C1,C1
llama31_8b,triviaqa,6,f1,10376,40413,9.6745,0.4218,0.2876,0.9998,0.0199,1.0,1.0,1.0,40.2012,1.0,5.4014,1.0,3.412,1.0,7.3242,1.0,7.3242,C0,1.0,C1,C1,C1
llama31_8b,triviaqa,7,f1,11311,47275,9.8567,0.4253,0.302,0.9998,0.0141,1.0,1.0,0.148148,40.2012,1.0,5.4054,1.0,3.412,1.0,7.3242,1.0,7.3242,C0,1.0,C4,C4,C4
llama31_8b,triviaqa,8,f1,7724,31840,9.5544,0.4356,0.322,0.9997,0.0109,0.0,1.0,0.0,40.2012,0.0,5.4093,0.0,3.412,0.0,7.3242,0.0,7.3242,C0,0.0,C1,C1,C1
llama31_8b,triviaqa,9,f1,4342,16034,8.659,0.4387,0.3194,0.9994,0.0158,1.0,1.0,1.0,23.2738,1.0,5.3529,1.0,3.412,1.0,4.2402,1.0,4.2402,C0,1.0,C1,C1,C1
llama31_8b,triviaqa,10,f1,18145,76648,10.0678,0.4129,0.2681,0.9999,0.0121,1.0,1.0,1.0,40.2012,1.0,5.4064,1.0,3.412,1.0,7.3242,1.0,7.3242,C0,1.0,C1,C1,C1
llama31_8b,triviaqa,11,f1,11796,51154,9.8023,0.4091,0.292,0.9998,0.0106,1.0,1.0,1.0,40.2012,1.0,5.3993,1.0,3.412,1.0,7.3242,1.0,7.3242,C0,1.0,C1,C1,C1
llama31_8b,triviaqa,12,f1,19728,83538,10.0535,0.4093,0.2526,0.9999,0.0121,1.0,1.0,1.0,40.2012,1.0,5.403,1.0,3.412,1.0,7.3242,1.0,7.3242,C0,1.0,C1,C1,C1
llama31_8b,triviaqa,13,f1,3265,14180,9.0301,0.4352,0.3807,0.9993,0.0136,1.0,1.0,1.0,17.5009,1.0,5.3355,1.0,3.412,1.0,3.1885,1.0,3.1885,C0,1.0,C1,C1,C1
llama31_8b,triviaqa,14,f1,20796,87722,10.1281,0.4156,0.2575,0.9999,0.0102,1.0,1.0,0.0,40.2012,1.0,5.4174,1.0,3.412,1.0,7.3242,1.0,7.3242,C0,1.0,C4,C4,C4
llama31_8b,triviaqa,15,f1,4908,22747,9.2835,0.4253,0.3775,0.9996,0.0079,1.0,1.0,1.0,26.3077,1.0,5.366,1.0,3.412,1.0,4.793,1.0,4.793,C0,1.0,C1,C1,C1
llama31_8b,triviaqa,16,f1,10231,42226,9.7102,0.4236,0.2923,0.9998,0.0109,1.0,1.0,1.0,40.2012,1.0,5.3987,1.0,3.412,1.0,7.3242,1.0,7.3242,C0,1.0,C1,C1,C1
llama31_8b,triviaqa,17,f1,13960,57722,9.8074,0.3969,0.2583,0.9998,0.0128,1.0,1.0,1.0,40.2012,1.0,5.4061,1.0,3.412,1.0,7.3242,1.0,7.3242,C0,1.0,C1,C1,C1
llama31_8b,triviaqa,18,f1,14332,61082,9.9033,0.4151,0.2787,0.9998,0.0104,1.0,1.0,1.0,40.2012,1.0,5.4008,1.0,3.412,1.0,7.3242,1.0,7.3242,C0,1.0,C1,C1,C1
llama31_8b,triviaqa,19,f1,8168,35421,9.6464,0.4262,0.3249,0.9997,0.0103,1.0,1.0,1.0,40.2012,1.0,5.4025,1.0,3.412,1.0,7.3242,1.0,7.3242,C0,1.0,C1,C1,C1
