model,task,sample_idx,metric,seq_len_tokens,seq_len_chars,token_entropy,gzip_ratio,unique_token_ratio,question_position,newline_density,score_c0,cr_c0,kv_bytes_c0,kv_bytes_fp16_c0,score_c1,cr_c1,kv_bytes_c1,kv_bytes_fp16_c1,score_c2,cr_c2,kv_bytes_c2,kv_bytes_fp16_c2,score_c3,cr_c3,kv_bytes_c3,kv_bytes_fp16_c3,score_c4,cr_c4,kv_bytes_c4,kv_bytes_fp16_c4,score_c5,cr_c5,kv_bytes_c5,kv_bytes_fp16_c5,best_quality_config,best_quality_score,best_iso_tau_0.99,best_iso_tau_0.95,best_iso_tau_0.90
phi3,2wikimqa,0,qa_f1,8168,28692,9.0838,0.4218,0.2416,0.9997,0.0066,0.0,1.0,804519936.0,804519936.0,0.0,10.6788,75337728.0,804519936.0,0.0,4.6302,173755231.7,804519936.0,0.0,3.2115,250509024.0,804519936.0,0.0,3.761,213909504.0,804519936.0,0.0,3.761,213909504.0,804519936.0,C0,0.0,C1,C1,C1
phi3,2wikimqa,1,qa_f1,17806,62672,9.2774,0.3981,0.1838,0.9999,0.0057,0.0,1.0,804519936.0,804519936.0,0.0,10.6234,75730944.0,804519936.0,0.0,4.6261,173908936.7,804519936.0,0.0,3.3482,240285408.0,804519936.0,0.0,3.9498,203685888.0,804519936.0,0.0,3.9498,203685888.0,804519936.0,C0,0.0,C1,C1,C1
phi3,2wikimqa,2,qa_f1,4605,17129,8.5506,0.4018,0.2836,0.9995,0.0109,0.0,1.0,804519936.0,804519936.0,0.0,10.7349,74944512.0,804519936.0,0.0,4.6284,173821882.2,804519936.0,0.0,3.3264,241858272.0,804519936.0,0.0,3.9651,202899456.0,804519936.0,0.0,3.9195,205258752.0,804519936.0,C0,0.0,C1,C1,C1
phi3,2wikimqa,3,qa_f1,8182,26490,8.3222,0.3843,0.1798,0.9997,0.008,0.363636,1.0,804519936.0,804519936.0,0.5,10.1997,78876672.0,804519936.0,0.5,4.6255,173931192.6,804519936.0,0.363636,3.3318,241465056.0,804519936.0,0.5,3.8897,206831616.0,804519936.0,0.5,3.9046,206045184.0,804519936.0,C1,0.5,C1,C1,C1
phi3,2wikimqa,4,qa_f1,7993,30077,9.0498,0.4025,0.246,0.9997,0.0051,0.0,1.0,804519936.0,804519936.0,0.0,10.5685,76124160.0,804519936.0,0.0,4.6333,173639512.4,804519936.0,0.0,3.3427,240678624.0,804519936.0,0.0,3.9422,204079104.0,804519936.0,0.0,3.9422,204079104.0,804519936.0,C0,0.0,C1,C1,C1
phi3,2wikimqa,5,qa_f1,16853,63474,9.3287,0.3858,0.1916,0.9999,0.0045,0.0,1.0,804519936.0,804519936.0,0.0,10.6234,75730944.0,804519936.0,0.0,4.6227,174036299.9,804519936.0,0.0,3.3427,240678624.0,804519936.0,0.0,3.9422,204079104.0,804519936.0,0.0,3.9422,204079104.0,804519936.0,C0,0.0,C1,C1,C1
phi3,2wikimqa,6,qa_f1,13035,48092,9.2182,0.403,0.2133,0.9998,0.0044,0.0,1.0,804519936.0,804519936.0,0.0,10.5142,76517376.0,804519936.0,0.0,4.6301,173757898.8,804519936.0,0.0,3.3592,239498976.0,804519936.0,0.0,3.9651,202899456.0,804519936.0,0.0,3.9651,202899456.0,804519936.0,C0,0.0,C1,C1,C1
phi3,2wikimqa,7,qa_f1,7219,26363,8.8367,0.3937,0.2352,0.9997,0.0077,0.0,1.0,804519936.0,804519936.0,0.0,10.5142,76517376.0,804519936.0,0.0,4.6302,173756042.8,804519936.0,0.0,3.3049,243431136.0,804519936.0,0.0,3.8531,208797696.0,804519936.0,0.0,3.8531,208797696.0,804519936.0,C0,0.0,C1,C1,C1
phi3,2wikimqa,8,qa_f1,6684,22599,8.8354,0.4226,0.2564,0.9996,0.0102,0.0,1.0,804519936.0,804519936.0,0.0,10.5142,76517376.0,804519936.0,0.0,4.6257,173925106.9,804519936.0,0.0,3.3373,241071840.0,804519936.0,0.0,3.9346,204472320.0,804519936.0,0.0,3.9346,204472320.0,804519936.0,C0,0.0,C1,C1,C1
phi3,2wikimqa,9,qa_f1,10137,36479,9.4949,0.4232,0.2575,0.9998,0.0089,0.0,1.0,804519936.0,804519936.0,0.0,10.5142,76517376.0,804519936.0,0.0,4.6351,173571663.9,804519936.0,0.0,3.3373,241071840.0,804519936.0,0.0,3.9346,204472320.0,804519936.0,0.0,3.9346,204472320.0,804519936.0,C0,0.0,C1,C1,C1
phi3,2wikimqa,10,qa_f1,7588,26415,9.3065,0.4482,0.2909,0.9997,0.0083,0.0,1.0,804519936.0,804519936.0,0.0,10.6788,75337728.0,804519936.0,0.0,4.6303,173750382.7,804519936.0,0.0,3.3592,239498976.0,804519936.0,0.0,3.9651,202899456.0,804519936.0,0.0,3.9651,202899456.0,804519936.0,C0,0.0,C1,C1,C1
phi3,2wikimqa,11,qa_f1,7733,24808,9.0608,0.3527,0.2211,0.9996,0.0123,1.0,1.0,804519936.0,804519936.0,1.0,10.6234,75730944.0,804519936.0,1.0,4.6313,173712589.4,804519936.0,1.0,3.3482,240285408.0,804519936.0,1.0,3.9498,203685888.0,804519936.0,1.0,3.9498,203685888.0,804519936.0,C0,1.0,C1,C1,C1
phi3,2wikimqa,12,qa_f1,4993,16191,8.7184,0.4612,0.3168,0.9994,0.0146,0.8,1.0,804519936.0,804519936.0,0.8,10.7349,74944512.0,804519936.0,1.0,4.6103,174506441.5,804519936.0,0.8,3.3592,239498976.0,804519936.0,0.8,3.9651,202899456.0,804519936.0,0.8,3.9651,202899456.0,804519936.0,C2,1.0,C1,C1,C1
phi3,2wikimqa,13,qa_f1,16231,59643,9.0801,0.3694,0.1724,0.9998,0.005,0.0,1.0,804519936.0,804519936.0,0.0,10.6788,75337728.0,804519936.0,0.0,4.6219,174065742.8,804519936.0,0.0,3.3537,239892192.0,804519936.0,0.0,3.9574,203292672.0,804519936.0,0.0,3.9574,203292672.0,804519936.0,C0,0.0,C1,C1,C1
phi3,2wikimqa,14,qa_f1,7091,22292,8.9722,0.4388,0.242,0.9996,0.0082,0.0,1.0,804519936.0,804519936.0,0.0,10.4605,76910592.0,804519936.0,0.0,4.6215,174083587.8,804519936.0,0.0,3.3049,243431136.0,804519936.0,0.0,3.8971,206438400.0,804519936.0,0.0,3.8897,206831616.0,804519936.0,C0,0.0,C1,C1,C1
phi3,2wikimqa,15,qa_f1,5860,20096,7.8153,0.3382,0.1797,0.9996,0.0043,0.0,1.0,804519936.0,804519936.0,0.0,10.6788,75337728.0,804519936.0,0.0,4.6236,174002183.2,804519936.0,0.0,3.3482,240285408.0,804519936.0,0.0,3.9498,203685888.0,804519936.0,0.0,3.9498,203685888.0,804519936.0,C0,0.0,C1,C1,C1
phi3,2wikimqa,16,qa_f1,16595,61863,9.2581,0.3833,0.189,0.9999,0.0047,0.0,1.0,804519936.0,804519936.0,0.0,10.6788,75337728.0,804519936.0,0.0,4.6301,173759871.1,804519936.0,0.0,3.3373,241071840.0,804519936.0,0.0,3.9651,202899456.0,804519936.0,0.0,3.761,213909504.0,804519936.0,C0,0.0,C1,C1,C1
phi3,2wikimqa,17,qa_f1,6314,22652,9.033,0.4276,0.2932,0.9996,0.0079,0.0,1.0,804519936.0,804519936.0,0.0,9.8558,81629184.0,804519936.0,0.0,4.629,173799143.3,804519936.0,0.0,3.3264,241858272.0,804519936.0,0.0,3.875,207618048.0,804519936.0,0.0,3.875,207618048.0,804519936.0,C0,0.0,C1,C1,C1
phi3,2wikimqa,18,qa_f1,7177,24101,8.9108,0.4376,0.2745,0.9996,0.0093,0.0,1.0,804519936.0,804519936.0,0.0,10.6234,75730944.0,804519936.0,0.0,4.6246,173965047.8,804519936.0,0.0,3.3482,240285408.0,804519936.0,0.0,3.9498,203685888.0,804519936.0,0.0,3.9498,203685888.0,804519936.0,C0,0.0,C1,C1,C1
phi3,2wikimqa,19,qa_f1,10746,36831,8.9311,0.4129,0.2138,0.9998,0.0094,0.0,1.0,804519936.0,804519936.0,0.0,10.5142,76517376.0,804519936.0,0.086957,4.6253,173938395.3,804519936.0,0.181818,3.2115,250509024.0,804519936.0,0.0,3.761,213909504.0,804519936.0,0.0,3.761,213909504.0,804519936.0,C3,0.181818,C1,C1,C1
phi3,gov_report,0,rouge_l,12431,53640,8.4609,0.283,0.1228,0.6293,0.0001,0.217877,1.0,804519936.0,804519936.0,0.193732,2.9287,274698240.0,804519936.0,0.205556,4.6028,174791109.7,804519936.0,0.277333,1.8316,439252704.0,804519936.0,0.227848,1.998,402653184.0,804519936.0,0.187919,1.998,402653184.0,804519936.0,C3,0.277333,C4,C4,C2
phi3,gov_report,1,rouge_l,22021,92252,9.0279,0.3043,0.1217,0.9202,0.0001,0.216524,1.0,804519936.0,804519936.0,0.212219,4.0871,196841472.0,804519936.0,0.184524,4.6094,174538087.2,804519936.0,0.181818,2.0855,385775328.0,804519936.0,0.229167,1.998,402653184.0,804519936.0,0.270096,1.998,402653184.0,804519936.0,C5,0.270096,C4,C1,C1
phi3,gov_report,2,rouge_l,9907,38930,7.9861,0.2741,0.1215,,0.0002,0.397129,1.0,804519936.0,804519936.0,0.222222,2.9287,274698240.0,804519936.0,0.234286,4.5985,174954503.6,804519936.0,0.372796,1.8316,439252704.0,804519936.0,0.280802,1.998,402653184.0,804519936.0,0.337143,1.998,402653184.0,804519936.0,C0,0.397129,C0,C0,C3
phi3,gov_report,3,rouge_l,3194,13938,8.3534,0.3637,0.2621,,0.0005,0.296029,1.0,804519936.0,804519936.0,0.214953,2.9287,274698240.0,804519936.0,0.288732,4.5993,174920705.5,804519936.0,0.286885,1.8498,434927328.0,804519936.0,0.293194,1.998,402653184.0,804519936.0,0.29703,1.998,402653184.0,804519936.0,C5,0.29703,C4,C2,C2
phi3,gov_report,4,rouge_l,16443,65941,8.8002,0.3124,0.1325,0.6288,0.0001,0.274747,1.0,804519936.0,804519936.0,0.157044,2.9287,274698240.0,804519936.0,0.260684,4.6012,174848709.9,804519936.0,0.284519,1.8316,439252704.0,804519936.0,0.19802,1.998,402653184.0,804519936.0,0.202899,1.998,402653184.0,804519936.0,C3,0.284519,C3,C3,C2
phi3,gov_report,5,rouge_l,10767,43358,8.5397,0.2968,0.1357,,0.0002,0.368,1.0,804519936.0,804519936.0,0.279503,2.9287,274698240.0,804519936.0,0.351955,4.6007,174868169.7,804519936.0,0.345745,1.8316,439252704.0,804519936.0,0.310127,1.998,402653184.0,804519936.0,0.276094,1.998,402653184.0,804519936.0,C0,0.368,C0,C2,C2
phi3,gov_report,6,rouge_l,9617,46529,8.6552,0.2849,0.1542,0.8959,0.0002,0.356828,1.0,804519936.0,804519936.0,0.161137,2.9287,274698240.0,804519936.0,0.315315,4.6048,174714254.9,804519936.0,0.334076,1.8316,439252704.0,804519936.0,0.171429,1.998,402653184.0,804519936.0,0.236504,1.998,402653184.0,804519936.0,C0,0.356828,C0,C0,C3
phi3,gov_report,7,rouge_l,7469,34367,8.4166,0.29,0.1612,,0.0002,0.264151,1.0,804519936.0,804519936.0,0.253638,2.9287,274698240.0,804519936.0,0.307692,4.609,174552948.2,804519936.0,0.295276,1.8316,439252704.0,804519936.0,0.211982,1.998,402653184.0,804519936.0,0.279379,1.998,402653184.0,804519936.0,C2,0.307692,C2,C2,C2
phi3,gov_report,8,rouge_l,3450,14349,7.895,0.3348,0.2087,,0.0005,0.365256,1.0,804519936.0,804519936.0,0.198547,2.9287,274698240.0,804519936.0,0.493392,4.5955,175067955.8,804519936.0,0.37149,1.8316,439252704.0,804519936.0,0.297767,1.998,402653184.0,804519936.0,0.262467,1.998,402653184.0,804519936.0,C2,0.493392,C2,C2,C2
phi3,gov_report,9,rouge_l,24607,102565,8.852,0.2931,0.1011,,0.0001,0.22084,1.0,804519936.0,804519936.0,0.197044,2.9287,274698240.0,804519936.0,0.20743,4.5942,175118054.4,804519936.0,0.182986,1.8316,439252704.0,804519936.0,0.163478,1.998,402653184.0,804519936.0,0.146953,1.998,402653184.0,804519936.0,C0,0.22084,C0,C0,C2
phi3,gov_report,10,rouge_l,7193,32826,8.6567,0.3445,0.2169,0.2857,0.0002,0.208589,1.0,804519936.0,804519936.0,0.202797,3.3075,243240960.0,804519936.0,0.203704,4.6099,174518453.6,804519936.0,0.210909,2.1951,366507744.0,804519936.0,0.184615,1.998,402653184.0,804519936.0,0.222222,1.998,402653184.0,804519936.0,C5,0.222222,C3,C2,C2
phi3,gov_report,11,rouge_l,4950,19201,8.1364,0.3423,0.1867,,0.0004,0.296137,1.0,804519936.0,804519936.0,0.234483,2.9287,274698240.0,804519936.0,0.276786,4.6035,174764489.6,804519936.0,0.37587,1.8316,439252704.0,804519936.0,0.251232,1.998,402653184.0,804519936.0,0.256659,1.998,402653184.0,804519936.0,C3,0.37587,C3,C3,C2
phi3,gov_report,12,rouge_l,7811,38155,8.8445,0.3184,0.2029,,0.0002,0.273171,1.0,804519936.0,804519936.0,0.174603,4.3477,185044992.0,804519936.0,0.291667,4.5933,175149633.8,804519936.0,0.2891,1.954,411727584.0,804519936.0,0.248062,1.998,402653184.0,804519936.0,0.185393,1.998,402653184.0,804519936.0,C2,0.291667,C2,C2,C2
phi3,gov_report,13,rouge_l,5634,24989,8.2752,0.3122,0.188,,0.0003,0.274038,1.0,804519936.0,804519936.0,0.16285,2.9287,274698240.0,804519936.0,0.285714,4.5984,174957050.8,804519936.0,0.321782,2.0336,395605728.0,804519936.0,0.177778,1.998,402653184.0,804519936.0,0.183844,1.998,402653184.0,804519936.0,C3,0.321782,C2,C2,C2
phi3,gov_report,14,rouge_l,6764,27046,8.7397,0.3681,0.2222,0.9979,0.0003,0.30303,1.0,804519936.0,804519936.0,0.162037,2.9287,274698240.0,804519936.0,0.235294,4.6072,174621463.5,804519936.0,0.253898,2.0057,401110752.0,804519936.0,0.187643,1.998,402653184.0,804519936.0,0.208738,1.998,402653184.0,804519936.0,C0,0.30303,C0,C0,C0
phi3,gov_report,15,rouge_l,6762,30185,8.8434,0.3677,0.249,0.993,0.0002,0.246479,1.0,804519936.0,804519936.0,0.199203,3.9226,205099008.0,804519936.0,0.23301,4.6095,174534930.5,804519936.0,0.184502,2.1904,367294176.0,804519936.0,0.19708,1.998,402653184.0,804519936.0,0.202429,1.998,402653184.0,804519936.0,C0,0.246479,C0,C0,C2
phi3,gov_report,16,rouge_l,4960,22425,8.5551,0.3415,0.2492,0.9084,0.0003,0.281915,1.0,804519936.0,804519936.0,0.28125,3.7777,212963328.0,804519936.0,0.290503,4.5993,174924050.2,804519936.0,0.285714,1.8316,439252704.0,804519936.0,0.295302,2.4891,323223552.0,804519936.0,0.267123,1.998,402653184.0,804519936.0,C4,0.295302,C2,C2,C2
phi3,gov_report,17,rouge_l,20700,95443,8.6994,0.2647,0.105,0.949,0.0001,0.317673,1.0,804519936.0,804519936.0,0.181818,2.9287,274698240.0,804519936.0,0.248175,4.6041,174740303.2,804519936.0,0.281481,1.8873,426276576.0,804519936.0,0.219718,1.998,402653184.0,804519936.0,0.186441,1.998,402653184.0,804519936.0,C0,0.317673,C0,C0,C0
phi3,gov_report,18,rouge_l,5441,22492,8.2413,0.3152,0.1823,,0.0003,0.407821,1.0,804519936.0,804519936.0,0.318937,2.9287,274698240.0,804519936.0,0.371069,4.606,174669459.2,804519936.0,0.405714,1.8316,439252704.0,804519936.0,0.297297,1.998,402653184.0,804519936.0,0.337748,1.998,402653184.0,804519936.0,C0,0.407821,C3,C3,C2
phi3,gov_report,19,rouge_l,3320,15225,8.3874,0.3663,0.2777,,0.0005,0.300781,1.0,804519936.0,804519936.0,0.175869,2.9287,274698240.0,804519936.0,0.262425,4.6071,174627459.2,804519936.0,0.325956,1.8961,424310496.0,804519936.0,0.186788,1.998,402653184.0,804519936.0,0.214452,1.998,402653184.0,804519936.0,C3,0.325956,C3,C3,C3
phi3,hotpotqa,0,qa_f1,13564,54414,9.3472,0.3765,0.2018,0.9998,0.0039,0.333333,1.0,804519936.0,804519936.0,0.333333,10.5685,76124160.0,804519936.0,0.333333,4.6368,173508173.0,804519936.0,0.333333,3.3427,240678624.0,804519936.0,0.333333,3.9422,204079104.0,804519936.0,0.333333,3.9422,204079104.0,804519936.0,C0,0.333333,C1,C1,C1
phi3,hotpotqa,1,qa_f1,18986,72455,9.295,0.3635,0.1748,0.9999,0.003,0.333333,1.0,804519936.0,804519936.0,0.333333,10.4072,77303808.0,804519936.0,0.333333,4.6266,173891149.3,804519936.0,0.333333,3.3264,241858272.0,804519936.0,0.333333,3.9195,205258752.0,804519936.0,0.333333,3.9195,205258752.0,804519936.0,C0,0.333333,C1,C1,C1
phi3,hotpotqa,2,qa_f1,13323,48472,9.3623,0.4002,0.2114,0.9998,0.0059,0.4,1.0,804519936.0,804519936.0,0.2,9.3598,85954560.0,804519936.0,0.2,4.6319,173691935.1,804519936.0,0.4,3.3482,240285408.0,804519936.0,0.2,3.761,213909504.0,804519936.0,0.4,3.9498,203685888.0,804519936.0,C0,0.4,C5,C5,C5
phi3,hotpotqa,3,qa_f1,19618,77553,9.5243,0.3832,0.1946,0.9999,0.0046,0.0,1.0,804519936.0,804519936.0,0.0,9.7617,82415616.0,804519936.0,0.0,4.6195,174155753.4,804519936.0,0.0,3.2576,246970080.0,804519936.0,0.0,3.8243,210370560.0,804519936.0,0.0,3.8243,210370560.0,804519936.0,C0,0.0,C1,C1,C1
phi3,hotpotqa,4,qa_f1,19955,80361,8.0245,0.2523,0.1286,0.9999,0.0402,0.666667,1.0,804519936.0,804519936.0,0.666667,10.6788,75337728.0,804519936.0,0.666667,4.6301,173757413.8,804519936.0,0.666667,3.3537,239892192.0,804519936.0,0.666667,3.9574,203292672.0,804519936.0,0.666667,3.9574,203292672.0,804519936.0,C0,0.666667,C1,C1,C1
phi3,hotpotqa,5,qa_f1,5724,19649,8.5988,0.4065,0.2416,0.9995,0.0062,0.666667,1.0,804519936.0,804519936.0,1.0,10.7349,74944512.0,804519936.0,0.666667,4.6337,173624658.5,804519936.0,0.666667,3.3592,239498976.0,804519936.0,0.333333,3.9651,202899456.0,804519936.0,1.0,3.9651,202899456.0,804519936.0,C1,1.0,C1,C1,C1
phi3,hotpotqa,6,qa_f1,19778,75436,9.3576,0.3785,0.1664,0.9999,0.004,0.0,1.0,804519936.0,804519936.0,0.0,10.8487,74158080.0,804519936.0,0.0,4.6309,173730131.0,804519936.0,0.0,3.3702,238712544.0,804519936.0,0.0,3.9805,202113024.0,804519936.0,0.0,3.9805,202113024.0,804519936.0,C0,0.0,C1,C1,C1
phi3,hotpotqa,7,qa_f1,16188,58965,9.4485,0.3994,0.2006,0.9998,0.005,0.0,1.0,804519936.0,804519936.0,0.0,10.6234,75730944.0,804519936.0,0.0,4.6376,173479510.6,804519936.0,0.0,3.3264,241858272.0,804519936.0,0.0,3.9498,203685888.0,804519936.0,0.0,3.9498,203685888.0,804519936.0,C0,0.0,C1,C1,C1
phi3,hotpotqa,8,qa_f1,11692,42966,9.4947,0.4149,0.2525,0.9998,0.0056,0.0,1.0,804519936.0,804519936.0,0.0,10.6234,75730944.0,804519936.0,0.0,4.6347,173587366.6,804519936.0,0.0,3.3482,240285408.0,804519936.0,0.0,3.9498,203685888.0,804519936.0,0.0,3.9498,203685888.0,804519936.0,C0,0.0,C1,C1,C1
phi3,hotpotqa,9,qa_f1,13815,47315,8.5928,0.3591,0.1527,0.9998,0.0066,0.4,1.0,804519936.0,804519936.0,0.4,10.6234,75730944.0,804519936.0,0.4,4.6217,174075186.1,804519936.0,0.4,3.3482,240285408.0,804519936.0,0.4,3.9498,203685888.0,804519936.0,0.4,3.9498,203685888.0,804519936.0,C0,0.4,C1,C1,C1
phi3,hotpotqa,10,qa_f1,18775,67481,9.1655,0.393,0.1847,0.9999,0.0047,0.0,1.0,804519936.0,804519936.0,0.0,10.7349,74944512.0,804519936.0,0.4,4.6402,173381657.0,804519936.0,0.4,3.3537,239892192.0,804519936.0,0.0,3.9651,202899456.0,804519936.0,0.0,3.9651,202899456.0,804519936.0,C2,0.4,C1,C1,C1
phi3,hotpotqa,11,qa_f1,19579,76568,9.3464,0.37,0.1813,0.9999,0.0039,0.25,1.0,804519936.0,804519936.0,0.25,10.6788,75337728.0,804519936.0,0.25,4.6227,174036317.2,804519936.0,0.25,3.3537,239892192.0,804519936.0,0.25,3.9574,203292672.0,804519936.0,0.25,3.9574,203292672.0,804519936.0,C0,0.25,C1,C1,C1
phi3,hotpotqa,12,qa_f1,4227,16166,8.9987,0.4285,0.3281,0.9994,0.0067,0.0,1.0,804519936.0,804519936.0,0.0,10.7349,74944512.0,804519936.0,0.0,4.6215,174081448.5,804519936.0,0.0,3.3427,240678624.0,804519936.0,0.0,3.9651,202899456.0,804519936.0,0.0,3.9651,202899456.0,804519936.0,C0,0.0,C1,C1,C1
phi3,hotpotqa,13,qa_f1,16031,61276,9.2292,0.3763,0.1871,0.9999,0.0043,0.266667,1.0,804519936.0,804519936.0,0.266667,9.8558,81629184.0,804519936.0,0.285714,4.6219,174067552.5,804519936.0,0.266667,3.268,246183648.0,804519936.0,0.266667,3.8386,209584128.0,804519936.0,0.0,3.8459,209190912.0,804519936.0,C2,0.285714,C1,C1,C1
phi3,hotpotqa,14,qa_f1,16242,48910,9.1788,0.4153,0.1963,0.9998,0.0082,0.0,1.0,804519936.0,804519936.0,0.0,10.5685,76124160.0,804519936.0,0.0,4.6254,173935540.9,804519936.0,0.0,3.3427,240678624.0,804519936.0,0.0,3.9422,204079104.0,804519936.0,0.0,3.9422,204079104.0,804519936.0,C0,0.0,C1,C1,C1
phi3,hotpotqa,15,qa_f1,17465,62696,9.2358,0.3783,0.1738,0.9999,0.0062,0.0,1.0,804519936.0,804519936.0,0.0,10.7915,74551296.0,804519936.0,0.0,4.6184,174199032.8,804519936.0,0.0,3.3647,239105760.0,804519936.0,0.0,3.9728,202506240.0,804519936.0,0.0,3.9728,202506240.0,804519936.0,C0,0.0,C1,C1,C1
phi3,hotpotqa,16,qa_f1,13054,44633,8.8228,0.3814,0.1789,0.9998,0.0071,0.0,1.0,804519936.0,804519936.0,0.0,10.3546,77697024.0,804519936.0,0.0,4.6272,173865719.2,804519936.0,0.0,3.321,242251488.0,804519936.0,0.0,3.912,205651968.0,804519936.0,0.0,3.9574,203292672.0,804519936.0,C0,0.0,C1,C1,C1
phi3,hotpotqa,17,qa_f1,18658,72591,9.6424,0.3882,0.2057,0.9999,0.0034,0.0,1.0,804519936.0,804519936.0,0.0,10.0494,80056320.0,804519936.0,0.0,4.6282,173831577.0,804519936.0,0.0,3.3373,241071840.0,804519936.0,0.0,3.8971,206438400.0,804519936.0,0.0,3.8971,206438400.0,804519936.0,C0,0.0,C1,C1,C1
phi3,hotpotqa,18,qa_f1,18915,69660,9.1353,0.3726,0.1578,0.9999,0.0033,0.5,1.0,804519936.0,804519936.0,0.0,10.8487,74158080.0,804519936.0,0.5,4.6344,173596686.5,804519936.0,0.5,3.3537,239892192.0,804519936.0,0.5,3.9574,203292672.0,804519936.0,0.5,3.9574,203292672.0,804519936.0,C0,0.5,C2,C2,C2
phi3,hotpotqa,19,qa_f1,17313,69032,9.3504,0.3848,0.1983,0.9999,0.004,0.666667,1.0,804519936.0,804519936.0,0.666667,10.7349,74944512.0,804519936.0,0.666667,4.6244,173972983.7,804519936.0,0.666667,3.3592,239498976.0,804519936.0,0.666667,3.9651,202899456.0,804519936.0,0.666667,3.9651,202899456.0,804519936.0,C0,0.666667,C1,C1,C1
phi3,multi_news,0,rouge_l,3200,12628,8.3113,0.3998,0.3081,0.8747,0.001,0.204918,1.0,804519936.0,804519936.0,0.187755,2.9287,274698240.0,804519936.0,0.244604,4.6099,174518634.4,804519936.0,0.186047,1.8316,439252704.0,804519936.0,0.132231,1.998,402653184.0,804519936.0,0.169811,1.998,402653184.0,804519936.0,C2,0.244604,C2,C2,C2
phi3,multi_news,1,rouge_l,3522,13328,8.1746,0.3761,0.2641,0.69,0.0011,0.244514,1.0,804519936.0,804519936.0,0.199313,2.9287,274698240.0,804519936.0,0.218978,4.6169,174255680.4,804519936.0,0.286765,2.2631,355497696.0,804519936.0,0.200772,2.5575,314572800.0,804519936.0,0.211679,1.998,402653184.0,804519936.0,C3,0.286765,C3,C3,C3
phi3,multi_news,2,rouge_l,1013,3710,7.6225,0.4417,0.388,,0.003,0.388235,1.0,586285056.0,586285056.0,0.27907,2.1873,274698240.0,600834048.0,0.40118,4.5908,129591672.6,594935808.0,0.3769,1.9445,297870464.0,579207168.0,0.291391,1.5538,357826560.0,556007424.0,0.287625,1.584,339345408.0,537526272.0,C2,0.40118,C2,C2,C2
phi3,multi_news,3,rouge_l,4918,18731,7.4752,0.3172,0.2025,0.9764,0.0006,0.15534,1.0,804519936.0,804519936.0,0.175732,2.9287,274698240.0,804519936.0,0.188925,4.6118,174449993.0,804519936.0,0.191419,1.8316,439252704.0,804519936.0,0.220408,1.998,402653184.0,804519936.0,0.197309,1.998,402653184.0,804519936.0,C4,0.220408,C2,C2,C2
phi3,multi_news,4,rouge_l,3593,13401,8.5164,0.428,0.3103,0.6453,0.001,0.193029,1.0,804519936.0,804519936.0,0.171598,3.6693,219254784.0,804519936.0,0.181319,4.6216,174077125.3,804519936.0,0.193732,2.0418,394032864.0,804519936.0,0.21118,1.998,402653184.0,804519936.0,0.170347,1.998,402653184.0,804519936.0,C4,0.21118,C3,C3,C2
phi3,multi_news,5,rouge_l,4637,18395,8.6592,0.4005,0.2838,0.8686,0.0009,0.181818,1.0,804519936.0,804519936.0,0.180758,3.9377,204312576.0,804519936.0,0.182353,4.6143,174352575.7,804519936.0,0.19337,2.1178,379877088.0,804519936.0,0.188235,1.998,402653184.0,804519936.0,0.180124,1.998,402653184.0,804519936.0,C3,0.19337,C2,C2,C2
phi3,multi_news,6,rouge_l,1502,5610,8.0866,0.4419,0.3755,0.7381,0.002,0.209366,1.0,784072704.0,784072704.0,0.146479,2.9898,260542464.0,778960896.0,0.186047,4.62,155413577.1,718012416.0,0.222222,2.1318,368174016.0,784859136.0,0.179272,1.9697,402653184.0,793116672.0,0.135484,2.1493,339738624.0,730202112.0,C3,0.222222,C3,C3,C3
phi3,multi_news,7,rouge_l,4511,18745,8.5106,0.3706,0.2687,0.8836,0.0006,0.224066,1.0,804519936.0,804519936.0,0.206897,2.9287,274698240.0,804519936.0,0.228814,4.6109,174482630.5,804519936.0,0.225352,2.5995,309491424.0,804519936.0,0.225225,1.998,402653184.0,804519936.0,0.200873,1.998,402653184.0,804519936.0,C2,0.228814,C2,C2,C2
phi3,multi_news,8,rouge_l,2676,10063,7.8708,0.3696,0.253,,0.0013,0.347059,1.0,804519936.0,804519936.0,0.221374,2.9287,274698240.0,804519936.0,0.338658,4.6025,174801795.6,804519936.0,0.305085,2.0791,386954976.0,804519936.0,0.283401,1.998,402653184.0,804519936.0,0.271605,1.998,402653184.0,804519936.0,C0,0.347059,C0,C2,C2
phi3,multi_news,9,rouge_l,1366,5082,8.0878,0.4583,0.4151,0.9603,0.0022,0.276056,1.0,686161920.0,686161920.0,0.174699,2.6926,274698240.0,739639296.0,0.239264,4.6216,150086505.4,693633024.0,0.277174,2.1297,335475456.0,714473472.0,0.216802,1.8369,402653184.0,739639296.0,0.237838,1.8418,400293888.0,737280000.0,C3,0.277174,C3,C3,C3
phi3,multi_news,10,rouge_l,8916,34688,8.9032,0.3478,0.2075,,0.0004,0.259587,1.0,804519936.0,804519936.0,0.222222,2.9287,274698240.0,804519936.0,0.305085,4.6161,174286399.5,804519936.0,0.295455,1.9192,419198688.0,804519936.0,0.319728,1.998,402653184.0,804519936.0,0.287625,1.998,402653184.0,804519936.0,C4,0.319728,C2,C2,C2
phi3,multi_news,11,rouge_l,2310,8923,7.8661,0.3751,0.281,,0.0012,0.346863,1.0,804519936.0,804519936.0,0.311111,4.2134,190943232.0,804519936.0,0.343284,4.6138,174371091.7,804519936.0,0.343284,2.1069,381843168.0,804519936.0,0.393305,1.998,402653184.0,804519936.0,0.327273,1.998,402653184.0,804519936.0,C4,0.393305,C4,C2,C2
phi3,multi_news,12,rouge_l,3239,13280,8.0551,0.3243,0.2368,,0.001,0.24812,1.0,804519936.0,804519936.0,0.213115,2.9287,274698240.0,804519936.0,0.304687,4.6174,174234709.0,804519936.0,0.274648,1.9246,418019040.0,804519936.0,0.297674,1.998,402653184.0,804519936.0,0.25,1.998,402653184.0,804519936.0,C2,0.304687,C2,C2,C2
phi3,multi_news,13,rouge_l,3557,14203,8.0919,0.3576,0.2452,,0.0009,0.277056,1.0,804519936.0,804519936.0,0.17757,2.9287,274698240.0,804519936.0,0.23569,4.6024,174802696.1,804519936.0,0.278317,1.8684,430601952.0,804519936.0,0.236842,1.998,402653184.0,804519936.0,0.225225,1.998,402653184.0,804519936.0,C3,0.278317,C3,C3,C3
phi3,multi_news,14,rouge_l,1060,3980,7.6884,0.4372,0.4019,,0.0028,0.263323,1.0,569376768.0,569376768.0,0.186441,2.2545,274698240.0,619315200.0,0.210843,4.5941,130270777.4,598474752.0,0.233533,2.0052,292574368.0,586678272.0,0.199313,1.6326,342491136.0,559153152.0,0.217009,1.5381,402653184.0,619315200.0,C0,0.263323,C0,C0,C0
phi3,multi_news,15,rouge_l,3279,12552,8.1923,0.3785,0.2736,,0.0009,0.265861,1.0,804519936.0,804519936.0,0.183051,2.9287,274698240.0,804519936.0,0.277108,4.6064,174652162.6,804519936.0,0.221557,1.9282,417232608.0,804519936.0,0.207692,1.998,402653184.0,804519936.0,0.195312,1.998,402653184.0,804519936.0,C2,0.277108,C2,C2,C2
phi3,multi_news,16,rouge_l,2424,8902,7.9847,0.4151,0.2921,0.3315,0.0012,0.21164,1.0,804519936.0,804519936.0,0.139073,2.9287,274698240.0,804519936.0,0.225722,4.6142,174358936.7,804519936.0,0.229947,1.8316,439252704.0,804519936.0,0.212329,1.998,402653184.0,804519936.0,0.184211,1.998,402653184.0,804519936.0,C3,0.229947,C2,C2,C2
phi3,multi_news,17,rouge_l,1846,7308,8.2636,0.4353,0.3857,,0.0015,0.2263,1.0,804519936.0,804519936.0,0.20155,3.3729,238522368.0,804519936.0,0.231293,4.6182,174207515.1,804519936.0,0.242236,2.0432,393749856.0,804519936.0,0.222222,1.998,402653184.0,804519936.0,0.196491,1.998,402653184.0,804519936.0,C3,0.242236,C2,C2,C2
phi3,multi_news,18,rouge_l,5268,22086,8.546,0.3711,0.2532,0.9707,0.0005,0.214511,1.0,804519936.0,804519936.0,0.14841,2.9287,274698240.0,804519936.0,0.259036,4.6052,174696310.0,804519936.0,0.2,2.1558,373192416.0,804519936.0,0.197279,1.998,402653184.0,804519936.0,0.210145,1.998,402653184.0,804519936.0,C2,0.259036,C2,C2,C2
phi3,multi_news,19,rouge_l,1778,6950,7.6331,0.3736,0.2773,0.2747,0.0019,0.409722,1.0,804519936.0,804519936.0,0.107383,3.1448,255823872.0,804519936.0,0.363636,4.6176,174229531.0,804519936.0,0.417508,2.2244,361671936.0,804519936.0,0.231076,1.998,402653184.0,804519936.0,0.324528,2.5704,312999936.0,804519936.0,C3,0.417508,C3,C3,C3
phi3,multifieldqa_en,0,qa_f1,1878,5225,7.1765,0.454,0.2694,0.9983,0.0188,1.0,1.0,741998592.0,741998592.0,1.0,9.7524,76124160.0,742391808.0,0.75,4.6319,160109923.4,741605376.0,0.75,3.3584,220818688.0,741605376.0,0.75,3.648,203292672.0,741605376.0,0.75,3.648,203292672.0,741605376.0,C0,1.0,C1,C1,C1
phi3,multifieldqa_en,1,qa_f1,3571,14071,8.3318,0.3913,0.2817,0.9994,0.0068,1.0,1.0,804519936.0,804519936.0,1.0,10.7349,74944512.0,804519936.0,1.0,4.6408,173359853.1,804519936.0,1.0,3.3592,239498976.0,804519936.0,1.0,3.9651,202899456.0,804519936.0,1.0,3.9651,202899456.0,804519936.0,C0,1.0,C1,C1,C1
phi3,multifieldqa_en,2,qa_f1,11105,45349,9.0407,0.2622,0.1568,0.9998,0.0015,0.142857,1.0,804519936.0,804519936.0,0.2,10.1491,79269888.0,804519936.0,0.133333,4.6187,174187536.3,804519936.0,0.142857,3.2628,246576864.0,804519936.0,0.133333,3.8459,209190912.0,804519936.0,0.142857,3.8315,209977344.0,804519936.0,C1,0.2,C1,C1,C1
phi3,multifieldqa_en,3,qa_f1,8203,31608,8.2448,0.3094,0.1485,0.9997,0.003,0.285714,1.0,804519936.0,804519936.0,0.285714,10.6788,75337728.0,804519936.0,0.285714,4.6418,173318884.8,804519936.0,0.571429,3.3482,240285408.0,804519936.0,0.571429,3.9498,203685888.0,804519936.0,0.571429,3.9498,203685888.0,804519936.0,C3,0.571429,C1,C1,C1
phi3,multifieldqa_en,4,qa_f1,9042,33949,9.1804,0.3893,0.2213,0.9997,0.0111,0.285714,1.0,804519936.0,804519936.0,0.4,10.6234,75730944.0,804519936.0,0.285714,4.6313,173713503.1,804519936.0,0.285714,3.3318,241465056.0,804519936.0,0.285714,3.9271,204865536.0,804519936.0,0.285714,3.9271,204865536.0,804519936.0,C1,0.4,C1,C1,C1
phi3,multifieldqa_en,5,qa_f1,7601,19528,7.8461,0.3644,0.1349,0.9995,0.0277,0.461538,1.0,804519936.0,804519936.0,0.62069,9.8085,82022400.0,804519936.0,0.384615,4.617,174250992.9,804519936.0,0.181818,3.2996,243824352.0,804519936.0,0.461538,3.8677,208011264.0,804519936.0,0.461538,3.8677,208011264.0,804519936.0,C1,0.62069,C1,C1,C1
phi3,multifieldqa_en,6,qa_f1,6807,20826,8.119,0.3338,0.1478,0.9996,0.0181,0.216216,1.0,804519936.0,804519936.0,0.4,9.9035,81235968.0,804519936.0,0.636364,4.6262,173904887.8,804519936.0,0.216216,3.1522,255227616.0,804519936.0,0.333333,3.8101,211156992.0,804519936.0,0.333333,3.8101,211156992.0,804519936.0,C2,0.636364,C1,C1,C1
phi3,multifieldqa_en,7,qa_f1,5714,6000,7.0608,0.3659,0.0791,,0.0018,0.0,1.0,804519936.0,804519936.0,0.0,10.6788,75337728.0,804519936.0,0.0,4.6034,174767254.0,804519936.0,0.0,3.3537,239892192.0,804519936.0,0.0,3.9574,203292672.0,804519936.0,0.0,3.9574,203292672.0,804519936.0,C0,0.0,C1,C1,C1
phi3,multifieldqa_en,8,qa_f1,5428,21852,8.6892,0.3954,0.2732,0.9996,0.0053,0.8,1.0,804519936.0,804519936.0,0.8,10.4072,77303808.0,804519936.0,0.8,4.6309,173730260.6,804519936.0,0.8,3.3264,241858272.0,804519936.0,0.8,3.9195,205258752.0,804519936.0,0.8,3.9195,205258752.0,804519936.0,C0,0.8,C1,C1,C1
phi3,multifieldqa_en,9,qa_f1,3546,15563,8.2025,0.3579,0.2456,0.9994,0.0068,0.285714,1.0,804519936.0,804519936.0,0.285714,10.6788,75337728.0,804519936.0,0.285714,4.6297,173772932.1,804519936.0,0.285714,3.3537,239892192.0,804519936.0,0.307692,3.9651,202899456.0,804519936.0,0.307692,3.9651,202899456.0,804519936.0,C4,0.307692,C1,C1,C1
phi3,multifieldqa_en,10,qa_f1,2316,8995,8.2001,0.4297,0.3338,0.999,0.0073,0.241379,1.0,804519936.0,804519936.0,0.258065,9.624,83595264.0,804519936.0,0.714286,4.6459,173166491.9,804519936.0,0.241379,3.0579,263091936.0,804519936.0,0.740741,3.875,207618048.0,804519936.0,0.740741,3.875,207618048.0,804519936.0,C4,0.740741,C1,C1,C1
phi3,multifieldqa_en,11,qa_f1,6927,31240,8.6076,0.3354,0.1946,0.9997,0.0046,0.454545,1.0,804519936.0,804519936.0,0.5,9.9035,81235968.0,804519936.0,0.454545,4.6297,173771968.9,804519936.0,0.454545,3.2576,246970080.0,804519936.0,0.454545,3.8243,210370560.0,804519936.0,0.454545,3.8243,210370560.0,804519936.0,C1,0.5,C1,C1,C1
phi3,multifieldqa_en,12,qa_f1,6075,21982,8.5643,0.3497,0.2058,0.9996,0.0022,0.206897,1.0,804519936.0,804519936.0,0.410256,9.0694,88707072.0,804519936.0,0.210526,4.628,173835641.3,804519936.0,0.216216,3.2015,251295456.0,804519936.0,0.25641,3.7404,215089152.0,804519936.0,0.324324,3.761,213909504.0,804519936.0,C1,0.410256,C1,C1,C1
phi3,multifieldqa_en,13,qa_f1,17787,56541,7.9245,0.2042,0.0711,0.9998,0.0092,0.0,1.0,804519936.0,804519936.0,0.0,8.1646,98537472.0,804519936.0,0.0,4.6146,174343946.0,804519936.0,0.0,3.3592,239498976.0,804519936.0,0.0,3.9651,202899456.0,804519936.0,0.0,3.9651,202899456.0,804519936.0,C0,0.0,C1,C1,C1
phi3,multifieldqa_en,14,qa_f1,5690,14403,7.6309,0.4404,0.1858,0.9994,0.0044,0.0,1.0,804519936.0,804519936.0,0.0,10.1997,78876672.0,804519936.0,0.0,4.6219,174065084.6,804519936.0,0.0,3.2421,248149728.0,804519936.0,0.0,3.8971,206438400.0,804519936.0,0.0,3.8971,206438400.0,804519936.0,C0,0.0,C1,C1,C1
phi3,multifieldqa_en,15,qa_f1,11019,42138,9.0855,0.3951,0.1968,0.9998,0.0058,0.571429,1.0,804519936.0,804519936.0,0.5,9.2331,87134208.0,804519936.0,0.571429,4.6307,173736954.5,804519936.0,0.571429,3.2421,248149728.0,804519936.0,0.551724,3.7819,212729856.0,804519936.0,0.410256,3.6799,218628096.0,804519936.0,C0,0.571429,C2,C2,C2
phi3,multifieldqa_en,16,qa_f1,9145,33274,9.0349,0.4012,0.221,0.9997,0.005,0.0,1.0,804519936.0,804519936.0,0.0,10.4605,76910592.0,804519936.0,0.333333,4.6337,173622191.4,804519936.0,0.0,3.3482,240285408.0,804519936.0,0.0,3.9498,203685888.0,804519936.0,0.0,3.9498,203685888.0,804519936.0,C2,0.333333,C1,C1,C1
phi3,multifieldqa_en,17,qa_f1,3936,13757,7.5537,0.2999,0.1646,0.9993,0.0118,0.0,1.0,804519936.0,804519936.0,0.181818,8.6113,93425664.0,804519936.0,0.0,4.6117,174453669.2,804519936.0,0.0,3.0579,263091936.0,804519936.0,0.190476,3.6341,221380608.0,804519936.0,0.210526,3.6341,221380608.0,804519936.0,C5,0.210526,C1,C1,C1
phi3,multifieldqa_en,18,qa_f1,5787,22974,8.3382,0.3478,0.1871,0.9996,0.0047,0.204082,1.0,804519936.0,804519936.0,0.25,8.7215,92246016.0,804519936.0,0.2,4.6403,173375798.2,804519936.0,0.208333,3.0579,263091936.0,804519936.0,0.196078,3.5521,226492416.0,804519936.0,0.277778,3.6799,218628096.0,804519936.0,C5,0.277778,C1,C1,C1
phi3,multifieldqa_en,19,qa_f1,12334,44441,8.4331,0.3246,0.1252,0.9998,0.0038,0.411765,1.0,804519936.0,804519936.0,0.368421,8.9897,89493504.0,804519936.0,0.4,4.6138,174373540.4,804519936.0,0.4,3.1717,253654752.0,804519936.0,0.27451,3.5521,226492416.0,804519936.0,0.4375,3.7473,214695936.0,804519936.0,C5,0.4375,C5,C2,C2
phi3,narrativeqa,0,qa_f1,35533,127703,9.1441,0.3891,0.1224,0.9999,0.0184,0.105263,1.0,804519936.0,804519936.0,0.105263,9.8085,82022400.0,804519936.0,0.117647,4.6426,173290579.3,804519936.0,0.105263,3.2524,247363296.0,804519936.0,0.111111,3.8531,208797696.0,804519936.0,0.105263,3.8172,210763776.0,804519936.0,C2,0.117647,C1,C1,C1
phi3,narrativeqa,1,qa_f1,41636,157714,9.3542,0.3887,0.1185,0.9999,0.0198,0.153846,1.0,804519936.0,804519936.0,0.166667,10.3024,78090240.0,804519936.0,0.133333,4.6416,173328538.2,804519936.0,0.133333,3.2943,244217568.0,804519936.0,0.1,3.803,211550208.0,804519936.0,0.086957,3.7819,212729856.0,804519936.0,C1,0.166667,C1,C1,C1
phi3,narrativeqa,2,qa_f1,15179,56169,8.967,0.4016,0.1836,0.9998,0.0192,0.0,1.0,804519936.0,804519936.0,0.0,10.5685,76124160.0,804519936.0,0.0,4.6408,173359445.7,804519936.0,0.0,3.3427,240678624.0,804519936.0,0.0,3.9422,204079104.0,804519936.0,0.0,3.9422,204079104.0,804519936.0,C0,0.0,C1,C1,C1
phi3,narrativeqa,3,qa_f1,18620,62691,9.0208,0.424,0.1744,0.9998,0.0201,0.210526,1.0,804519936.0,804519936.0,0.222222,9.0694,88707072.0,804519936.0,0.166667,4.6352,173567070.3,804519936.0,0.210526,3.2524,247363296.0,804519936.0,0.148148,3.7132,216662016.0,804519936.0,0.148148,3.7132,216662016.0,804519936.0,C1,0.222222,C1,C1,C1
phi3,narrativeqa,4,qa_f1,64933,153856,7.6585,0.3571,0.0715,0.9999,0.0376,0.0,1.0,804519936.0,804519936.0,0.0,10.7349,74944512.0,804519936.0,0.0,4.6147,174338794.2,804519936.0,0.0,3.3592,239498976.0,804519936.0,0.0,3.9651,202899456.0,804519936.0,0.0,3.9574,203292672.0,804519936.0,C0,0.0,C1,C1,C1
phi3,narrativeqa,5,qa_f1,41882,150571,9.0279,0.3741,0.0873,0.9999,0.0201,0.125,1.0,804519936.0,804519936.0,0.133333,10.1491,79269888.0,804519936.0,0.133333,4.6426,173291137.1,804519936.0,0.125,3.3049,243431136.0,804519936.0,0.133333,3.912,205651968.0,804519936.0,0.125,3.8824,207224832.0,804519936.0,C1,0.133333,C1,C1,C1
phi3,narrativeqa,6,qa_f1,9840,34101,8.8763,0.4275,0.2163,0.9997,0.0259,0.0,1.0,804519936.0,804519936.0,0.0,10.6788,75337728.0,804519936.0,0.0,4.6375,173480836.5,804519936.0,0.0,3.3537,239892192.0,804519936.0,0.0,3.9574,203292672.0,804519936.0,0.0,3.9574,203292672.0,804519936.0,C0,0.0,C1,C1,C1
phi3,narrativeqa,7,qa_f1,13127,47169,9.1604,0.4168,0.2145,0.9998,0.0211,0.0,1.0,804519936.0,804519936.0,0.0,10.6234,75730944.0,804519936.0,0.0,4.6437,173248095.3,804519936.0,0.0,3.3482,240285408.0,804519936.0,0.0,3.9498,203685888.0,804519936.0,0.0,3.9498,203685888.0,804519936.0,C0,0.0,C1,C1,C1
phi3,narrativeqa,8,qa_f1,41619,157653,9.3545,0.3887,0.1186,0.9999,0.0198,0.5,1.0,804519936.0,804519936.0,0.5,10.6788,75337728.0,804519936.0,0.5,4.6417,173324748.6,804519936.0,0.5,3.3537,239892192.0,804519936.0,0.5,3.9574,203292672.0,804519936.0,0.5,3.9574,203292672.0,804519936.0,C0,0.5,C1,C1,C1
phi3,narrativeqa,9,qa_f1,41626,157679,9.3544,0.3887,0.1186,0.9999,0.0198,0.0,1.0,804519936.0,804519936.0,0.0,10.7349,74944512.0,804519936.0,0.0,4.6416,173329820.5,804519936.0,0.0,3.3592,239498976.0,804519936.0,0.0,3.9651,202899456.0,804519936.0,0.0,3.9651,202899456.0,804519936.0,C0,0.0,C1,C1,C1
phi3,narrativeqa,10,qa_f1,44674,133473,8.4876,0.3687,0.0848,0.9999,0.0283,1.0,1.0,804519936.0,804519936.0,0.0,10.7915,74551296.0,804519936.0,0.666667,4.6346,173590015.6,804519936.0,1.0,3.3318,241465056.0,804519936.0,0.666667,3.9651,202899456.0,804519936.0,1.0,3.9271,204865536.0,804519936.0,C0,1.0,C5,C5,C5
phi3,narrativeqa,11,qa_f1,35531,127699,9.144,0.3891,0.1224,0.9999,0.0184,0.0,1.0,804519936.0,804519936.0,0.0,10.8487,74158080.0,804519936.0,0.0,4.6416,173329005.6,804519936.0,0.0,3.3702,238712544.0,804519936.0,0.0,3.9805,202113024.0,804519936.0,0.0,3.9805,202113024.0,804519936.0,C0,0.0,C1,C1,C1
phi3,narrativeqa,12,qa_f1,13132,47216,9.1629,0.417,0.2147,0.9998,0.0211,0.0,1.0,804519936.0,804519936.0,0.0,10.5685,76124160.0,804519936.0,0.0,4.6435,173255779.7,804519936.0,0.0,3.3318,241465056.0,804519936.0,0.0,3.9498,203685888.0,804519936.0,0.0,3.9271,204865536.0,804519936.0,C0,0.0,C1,C1,C1
phi3,narrativeqa,13,qa_f1,41884,150560,9.0274,0.3741,0.0873,0.9999,0.0201,0.222222,1.0,804519936.0,804519936.0,0.222222,10.5685,76124160.0,804519936.0,0.4,4.6432,173267991.6,804519936.0,0.222222,3.3482,240285408.0,804519936.0,0.222222,3.9498,203685888.0,804519936.0,0.222222,3.9498,203685888.0,804519936.0,C2,0.4,C1,C1,C1
phi3,narrativeqa,14,qa_f1,35545,127757,9.1438,0.3891,0.1223,0.9999,0.0183,0.0,1.0,804519936.0,804519936.0,0.0,10.0494,80056320.0,804519936.0,0.0,4.6479,173093159.0,804519936.0,0.0,3.289,244610784.0,804519936.0,0.0,3.8677,208011264.0,804519936.0,0.0,3.8677,208011264.0,804519936.0,C0,0.0,C1,C1,C1
phi3,narrativeqa,15,qa_f1,41884,150579,9.0278,0.374,0.0873,0.9999,0.0201,0.133333,1.0,804519936.0,804519936.0,0.190476,10.1491,79269888.0,804519936.0,0.117647,4.6427,173286670.8,804519936.0,0.133333,3.321,242251488.0,804519936.0,0.133333,3.912,205651968.0,804519936.0,0.133333,3.912,205651968.0,804519936.0,C1,0.190476,C1,C1,C1
phi3,narrativeqa,16,qa_f1,13127,47179,9.1615,0.4169,0.2147,0.9998,0.0211,0.0,1.0,804519936.0,804519936.0,0.0,10.6788,75337728.0,804519936.0,0.0,4.6437,173251409.7,804519936.0,0.0,3.3537,239892192.0,804519936.0,0.0,3.9574,203292672.0,804519936.0,0.0,3.9574,203292672.0,804519936.0,C0,0.0,C1,C1,C1
phi3,narrativeqa,17,qa_f1,9844,34126,8.8759,0.4273,0.2161,0.9997,0.0259,0.0,1.0,804519936.0,804519936.0,0.5,10.6234,75730944.0,804519936.0,0.0,4.6373,173489337.4,804519936.0,0.0,3.2628,246576864.0,804519936.0,0.0,3.9271,204865536.0,804519936.0,0.0,3.9346,204472320.0,804519936.0,C1,0.5,C1,C1,C1
phi3,narrativeqa,18,qa_f1,35450,134613,9.2399,0.3944,0.124,0.9999,0.019,0.105263,1.0,804519936.0,804519936.0,0.266667,10.3024,78090240.0,804519936.0,0.266667,4.6344,173597728.1,804519936.0,0.105263,3.2943,244217568.0,804519936.0,0.266667,3.912,205651968.0,804519936.0,0.266667,3.912,205651968.0,804519936.0,C1,0.266667,C1,C1,C1
phi3,narrativeqa,19,qa_f1,20925,76470,8.9716,0.3937,0.1544,0.9999,0.0167,0.0,1.0,804519936.0,804519936.0,0.5,10.7349,74944512.0,804519936.0,0.0,4.6364,173523167.3,804519936.0,0.0,3.3427,240678624.0,804519936.0,0.0,3.9422,204079104.0,804519936.0,0.0,3.9422,204079104.0,804519936.0,C1,0.5,C1,C1,C1
phi3,passage_count,0,count,18175,66383,8.7846,0.0991,0.0646,0.0041,0.0013,0.0,1.0,804519936.0,804519936.0,0.0,10.7915,74551296.0,804519936.0,0.0,4.62,174136707.4,804519936.0,0.0,3.2115,250509024.0,804519936.0,0.0,3.761,213909504.0,804519936.0,0.0,3.761,213909504.0,804519936.0,C0,0.0,C1,C1,C1
phi3,passage_count,1,count,24901,96790,8.6585,0.0536,0.036,0.0028,0.001,0.0,1.0,804519936.0,804519936.0,0.0,9.3598,85954560.0,804519936.0,0.0,4.625,173950467.4,804519936.0,0.0,3.2115,250509024.0,804519936.0,0.0,3.761,213909504.0,804519936.0,0.0,3.761,213909504.0,804519936.0,C0,0.0,C1,C1,C1
phi3,passage_count,2,count,21380,82313,9.3204,0.2315,0.1105,0.0033,0.0012,0.0,1.0,804519936.0,804519936.0,0.0,10.7915,74551296.0,804519936.0,0.0,4.6177,174227123.5,804519936.0,0.0,3.2115,250509024.0,804519936.0,0.0,3.761,213909504.0,804519936.0,0.0,3.761,213909504.0,804519936.0,C0,0.0,C1,C1,C1
phi3,passage_count,3,count,19895,81159,9.723,0.3446,0.1812,0.8755,0.0009,0.0,1.0,804519936.0,804519936.0,0.0,9.9517,80842752.0,804519936.0,0.0,4.6165,174270712.1,804519936.0,0.0,3.2576,246970080.0,804519936.0,0.0,3.8243,210370560.0,804519936.0,0.0,3.8531,208797696.0,804519936.0,C0,0.0,C1,C1,C1
phi3,passage_count,4,count,24145,96082,9.607,0.2716,0.1446,0.0028,0.0011,0.0,1.0,804519936.0,804519936.0,0.0,9.3598,85954560.0,804519936.0,0.0,4.6272,173868478.1,804519936.0,0.0,3.2115,250509024.0,804519936.0,0.0,3.761,213909504.0,804519936.0,0.0,3.761,213909504.0,804519936.0,C0,0.0,C1,C1,C1
phi3,passage_count,5,count,12955,50472,9.4495,0.3389,0.2144,0.7383,0.0014,0.0,1.0,804519936.0,804519936.0,0.0,10.7915,74551296.0,804519936.0,0.0,4.6136,174378806.1,804519936.0,0.0,3.3647,239105760.0,804519936.0,0.0,3.9728,202506240.0,804519936.0,0.0,3.9728,202506240.0,804519936.0,C0,0.0,C1,C1,C1
phi3,passage_count,6,count,18872,78503,9.301,0.2217,0.1214,0.0035,0.001,0.0,1.0,804519936.0,804519936.0,0.0,10.7915,74551296.0,804519936.0,0.0,4.6279,173839876.9,804519936.0,0.0,3.3647,239105760.0,804519936.0,0.0,3.9728,202506240.0,804519936.0,0.0,3.9728,202506240.0,804519936.0,C0,0.0,C1,C1,C1
phi3,passage_count,7,count,14980,60783,9.3172,0.2047,0.1364,0.0045,0.0012,0.0,1.0,804519936.0,804519936.0,0.0,10.7915,74551296.0,804519936.0,0.0,4.629,173798458.9,804519936.0,0.0,3.2115,250509024.0,804519936.0,0.0,3.9728,202506240.0,804519936.0,0.0,3.9728,202506240.0,804519936.0,C0,0.0,C1,C1,C1
phi3,passage_count,8,count,19941,79574,8.7301,0.0863,0.0519,0.0034,0.001,0.0,1.0,804519936.0,804519936.0,0.0,10.7915,74551296.0,804519936.0,0.0,4.6278,173844027.7,804519936.0,0.0,3.2115,250509024.0,804519936.0,0.0,3.9728,202506240.0,804519936.0,0.0,3.9728,202506240.0,804519936.0,C0,0.0,C1,C1,C1
phi3,passage_count,9,count,13189,54444,8.7765,0.1037,0.0797,0.005,0.001,0.0,1.0,804519936.0,804519936.0,0.0,9.9035,81235968.0,804519936.0,0.0,4.6134,174389222.1,804519936.0,0.0,3.2732,245790432.0,804519936.0,0.0,3.8677,208011264.0,804519936.0,0.0,3.8677,208011264.0,804519936.0,C0,0.0,C1,C1,C1
phi3,passage_count,10,count,20293,82268,8.9121,0.1413,0.0779,0.7675,0.0011,0.0,1.0,804519936.0,804519936.0,0.0,10.7915,74551296.0,804519936.0,0.0,4.6323,173674416.4,804519936.0,0.0,3.2115,250509024.0,804519936.0,0.0,3.761,213909504.0,804519936.0,0.0,3.761,213909504.0,804519936.0,C0,0.0,C1,C1,C1
phi3,passage_count,11,count,14681,58382,9.4822,0.3231,0.1791,0.3194,0.0011,0.0,1.0,804519936.0,804519936.0,0.0,9.3598,85954560.0,804519936.0,0.0,4.6191,174173100.2,804519936.0,0.0,3.2472,247756512.0,804519936.0,0.0,3.761,213909504.0,804519936.0,0.0,3.761,213909504.0,804519936.0,C0,0.0,C1,C1,C1
phi3,passage_count,12,count,10596,40044,8.764,0.1457,0.1095,0.0068,0.0014,0.1,1.0,804519936.0,804519936.0,0.1,9.3598,85954560.0,804519936.0,0.0,4.6152,174319122.3,804519936.0,0.1,3.2115,250509024.0,804519936.0,0.1,3.761,213909504.0,804519936.0,0.1,3.761,213909504.0,804519936.0,C0,0.1,C1,C1,C1
phi3,passage_count,13,count,19776,73884,8.6351,0.0728,0.0504,0.0037,0.0012,0.1,1.0,804519936.0,804519936.0,0.1,9.3598,85954560.0,804519936.0,1.0,4.6116,174454943.8,804519936.0,0.1,3.2115,250509024.0,804519936.0,0.1,3.761,213909504.0,804519936.0,0.0,3.7889,212336640.0,804519936.0,C2,1.0,C1,C1,C1
phi3,passage_count,14,count,19973,75746,9.6083,0.2807,0.1538,0.9876,0.0013,0.0,1.0,804519936.0,804519936.0,0.0,10.1491,79269888.0,804519936.0,0.0,4.6268,173882185.5,804519936.0,0.0,3.3647,239105760.0,804519936.0,0.0,3.9728,202506240.0,804519936.0,0.0,3.9728,202506240.0,804519936.0,C0,0.0,C1,C1,C1
phi3,passage_count,15,count,8954,35076,9.1385,0.2584,0.1886,0.0078,0.0013,0.0,1.0,804519936.0,804519936.0,0.0,9.3598,85954560.0,804519936.0,0.0,4.6382,173455868.8,804519936.0,0.0,3.2115,250509024.0,804519936.0,0.0,3.761,213909504.0,804519936.0,0.0,3.761,213909504.0,804519936.0,C0,0.0,C1,C1,C1
phi3,passage_count,16,count,13067,53076,9.1651,0.2223,0.1597,0.0051,0.0011,0.0,1.0,804519936.0,804519936.0,0.0,10.7915,74551296.0,804519936.0,0.0,4.6243,173975920.0,804519936.0,0.0,3.2115,250509024.0,804519936.0,0.0,3.9728,202506240.0,804519936.0,0.0,3.761,213909504.0,804519936.0,C0,0.0,C1,C1,C1
phi3,passage_count,17,count,19452,73969,8.7622,0.0915,0.0559,0.0037,0.001,0.0,1.0,804519936.0,804519936.0,0.0,10.7915,74551296.0,804519936.0,0.0,4.6232,174018429.5,804519936.0,0.0,3.3647,239105760.0,804519936.0,0.0,3.9728,202506240.0,804519936.0,0.0,3.9728,202506240.0,804519936.0,C0,0.0,C1,C1,C1
phi3,passage_count,18,count,19677,75663,9.6018,0.3241,0.1607,0.6176,0.0011,0.0,1.0,804519936.0,804519936.0,0.0,10.7915,74551296.0,804519936.0,0.0,4.6218,174069251.2,804519936.0,0.0,3.3647,239105760.0,804519936.0,0.0,3.9728,202506240.0,804519936.0,0.0,3.9728,202506240.0,804519936.0,C0,0.0,C1,C1,C1
phi3,passage_count,19,count,18293,72937,9.475,0.2935,0.1486,0.7509,0.001,0.0,1.0,804519936.0,804519936.0,0.0,10.7915,74551296.0,804519936.0,0.0,4.608,174591411.1,804519936.0,0.0,3.2472,247756512.0,804519936.0,0.0,3.9728,202506240.0,804519936.0,0.0,3.761,213909504.0,804519936.0,C0,0.0,C1,C1,C1
phi3,qasper,0,qa_f1,4587,20581,8.4733,0.355,0.2463,0.9995,0.0033,0.0,1.0,804519936.0,804519936.0,0.0,10.5142,76517376.0,804519936.0,0.0,4.6306,173738839.6,804519936.0,0.0,3.3373,241071840.0,804519936.0,0.0,3.9346,204472320.0,804519936.0,0.0,3.9346,204472320.0,804519936.0,C0,0.0,C1,C1,C1
phi3,qasper,1,qa_f1,5131,22074,8.6933,0.3531,0.2257,0.9995,0.0028,0.0,1.0,804519936.0,804519936.0,0.0,10.5142,76517376.0,804519936.0,0.0,4.6309,173729767.0,804519936.0,0.0,3.3537,239892192.0,804519936.0,0.0,3.9574,203292672.0,804519936.0,0.0,3.8971,206438400.0,804519936.0,C0,0.0,C1,C1,C1
phi3,qasper,2,qa_f1,4182,19082,8.4705,0.3517,0.2434,0.9995,0.0018,0.0,1.0,804519936.0,804519936.0,0.0,10.7349,74944512.0,804519936.0,0.0,4.6331,173647603.6,804519936.0,0.0,3.3592,239498976.0,804519936.0,0.0,3.9651,202899456.0,804519936.0,0.0,3.9651,202899456.0,804519936.0,C0,0.0,C1,C1,C1
phi3,qasper,3,qa_f1,4717,18806,8.7281,0.3728,0.243,0.9995,0.003,0.470588,1.0,804519936.0,804519936.0,0.066667,10.3024,78090240.0,804519936.0,0.45283,4.6331,173647488.0,804519936.0,0.1875,3.1915,252081888.0,804519936.0,0.095238,3.8604,208404480.0,804519936.0,0.142857,3.8459,209190912.0,804519936.0,C0,0.470588,C0,C2,C2
phi3,qasper,4,qa_f1,8013,34512,8.6273,0.3301,0.1881,0.9997,0.0024,0.0,1.0,804519936.0,804519936.0,0.0,10.7349,74944512.0,804519936.0,0.0,4.6388,173432789.2,804519936.0,0.0,3.3592,239498976.0,804519936.0,0.0,3.9651,202899456.0,804519936.0,0.0,3.9651,202899456.0,804519936.0,C0,0.0,C1,C1,C1
phi3,qasper,5,qa_f1,4030,16144,8.6759,0.393,0.263,0.9994,0.0028,0.0,1.0,804519936.0,804519936.0,0.0,9.8085,82022400.0,804519936.0,0.0,4.6304,173746364.4,804519936.0,0.0,3.2784,245397216.0,804519936.0,0.0,3.8459,209190912.0,804519936.0,0.0,3.8459,209190912.0,804519936.0,C0,0.0,C1,C1,C1
phi3,qasper,6,qa_f1,4236,16671,8.499,0.3604,0.2288,0.9993,0.0027,0.195122,1.0,804519936.0,804519936.0,0.157895,10.4605,76910592.0,804519936.0,0.195122,4.6338,173618773.6,804519936.0,0.195122,3.2576,246970080.0,804519936.0,0.210526,3.8824,207224832.0,804519936.0,0.210526,3.8824,207224832.0,804519936.0,C4,0.210526,C2,C2,C2
phi3,qasper,7,qa_f1,6314,27249,8.3081,0.3177,0.1943,0.9996,0.0029,1.0,1.0,804519936.0,804519936.0,1.0,10.7349,74944512.0,804519936.0,1.0,4.6291,173797801.9,804519936.0,1.0,3.3592,239498976.0,804519936.0,1.0,3.9651,202899456.0,804519936.0,1.0,3.9651,202899456.0,804519936.0,C0,1.0,C1,C1,C1
phi3,qasper,8,qa_f1,6613,27801,8.2565,0.2843,0.1615,0.9996,0.0023,1.0,1.0,804519936.0,804519936.0,1.0,10.8487,74158080.0,804519936.0,1.0,4.6328,173656838.8,804519936.0,1.0,3.3702,238712544.0,804519936.0,1.0,3.9805,202113024.0,804519936.0,1.0,3.9805,202113024.0,804519936.0,C0,1.0,C1,C1,C1
phi3,qasper,9,qa_f1,6263,26744,8.7342,0.3251,0.2015,0.9996,0.0028,0.0,1.0,804519936.0,804519936.0,1.0,10.7349,74944512.0,804519936.0,1.0,4.6355,173556842.3,804519936.0,0.0,3.2784,245397216.0,804519936.0,0.0,3.768,213516288.0,804519936.0,0.0,3.768,213516288.0,804519936.0,C1,1.0,C1,C1,C1
phi3,qasper,10,qa_f1,8333,31417,8.687,0.3318,0.1634,0.9997,0.0029,0.0,1.0,804519936.0,804519936.0,0.0,10.7349,74944512.0,804519936.0,0.0,4.6314,173709920.5,804519936.0,0.0,3.3592,239498976.0,804519936.0,0.0,3.9651,202899456.0,804519936.0,0.0,3.9651,202899456.0,804519936.0,C0,0.0,C1,C1,C1
phi3,qasper,11,qa_f1,6438,25709,8.5352,0.3506,0.2046,0.9996,0.0031,0.0,1.0,804519936.0,804519936.0,0.0,10.7349,74944512.0,804519936.0,0.0,4.6376,173479509.1,804519936.0,0.0,3.3592,239498976.0,804519936.0,0.0,3.9651,202899456.0,804519936.0,0.0,3.9651,202899456.0,804519936.0,C0,0.0,C1,C1,C1
phi3,qasper,12,qa_f1,5026,22129,8.6998,0.3723,0.2445,0.9995,0.0026,0.0,1.0,804519936.0,804519936.0,0.0,10.7349,74944512.0,804519936.0,0.0,4.6292,173793582.6,804519936.0,0.0,3.3592,239498976.0,804519936.0,0.0,3.9651,202899456.0,804519936.0,0.0,3.9651,202899456.0,804519936.0,C0,0.0,C1,C1,C1
phi3,qasper,13,qa_f1,3450,14178,8.6453,0.4034,0.2887,0.9993,0.0033,0.086957,1.0,804519936.0,804519936.0,0.083333,10.4605,76910592.0,804519936.0,0.206897,4.628,173837702.9,804519936.0,0.086957,3.3049,243431136.0,804519936.0,0.08,3.8604,208404480.0,804519936.0,0.08,3.8531,208797696.0,804519936.0,C2,0.206897,C2,C1,C1
phi3,qasper,14,qa_f1,8215,34064,8.7693,0.334,0.1795,0.9997,0.003,0.0,1.0,804519936.0,804519936.0,0.0,10.7349,74944512.0,804519936.0,0.0,4.6396,173401133.0,804519936.0,0.0,3.3592,239498976.0,804519936.0,0.0,3.9651,202899456.0,804519936.0,0.0,3.9651,202899456.0,804519936.0,C0,0.0,C1,C1,C1
phi3,qasper,15,qa_f1,3191,13171,8.2346,0.3493,0.2303,0.9992,0.0029,0.210526,1.0,804519936.0,804519936.0,0.111111,10.099,79663104.0,804519936.0,0.222222,4.6459,173169318.7,804519936.0,0.210526,3.3049,243431136.0,804519936.0,0.5,3.8824,207224832.0,804519936.0,0.47619,3.8824,207224832.0,804519936.0,C4,0.5,C2,C2,C2
phi3,qasper,16,qa_f1,5532,22048,8.7101,0.3602,0.2137,0.9995,0.0025,0.222222,1.0,804519936.0,804519936.0,0.0,10.7349,74944512.0,804519936.0,0.222222,4.6334,173634305.2,804519936.0,0.222222,3.3427,240678624.0,804519936.0,0.0,3.9574,203292672.0,804519936.0,0.0,3.9574,203292672.0,804519936.0,C0,0.222222,C2,C2,C2
phi3,qasper,17,qa_f1,7524,32756,8.8946,0.3376,0.1999,0.9997,0.0027,0.0,1.0,804519936.0,804519936.0,0.0,10.7349,74944512.0,804519936.0,0.0,4.6343,173601191.9,804519936.0,0.0,3.3592,239498976.0,804519936.0,0.0,3.9651,202899456.0,804519936.0,0.0,3.9651,202899456.0,804519936.0,C0,0.0,C1,C1,C1
phi3,qasper,18,qa_f1,3355,14962,8.1749,0.3369,0.2358,0.9993,0.0022,0.0,1.0,804519936.0,804519936.0,0.5,10.099,79663104.0,804519936.0,0.0,4.631,173725887.1,804519936.0,0.0,3.3373,241071840.0,804519936.0,0.0,3.9346,204472320.0,804519936.0,0.0,3.9346,204472320.0,804519936.0,C1,0.5,C1,C1,C1
phi3,qasper,19,qa_f1,9134,39961,8.8485,0.3301,0.18,0.9997,0.0019,0.0,1.0,804519936.0,804519936.0,0.0,10.3024,78090240.0,804519936.0,0.0,4.6329,173653844.0,804519936.0,0.0,3.3427,240678624.0,804519936.0,0.0,3.9498,203685888.0,804519936.0,0.0,3.9498,203685888.0,804519936.0,C0,0.0,C1,C1,C1
phi3,qmsum,0,rouge_l,11744,41672,7.4061,0.272,0.0837,0.9911,0.0142,0.15894,1.0,804519936.0,804519936.0,0.19697,7.2145,111513600.0,804519936.0,0.232258,4.5959,175050207.0,804519936.0,0.172185,2.7986,287471328.0,804519936.0,0.191083,3.0675,262275072.0,804519936.0,0.163265,1.998,402653184.0,804519936.0,C2,0.232258,C1,C1,C1
phi3,qmsum,1,rouge_l,17514,56671,7.4834,0.2885,0.0735,0.9998,0.0097,0.225806,1.0,804519936.0,804519936.0,0.24,9.4901,84774912.0,804519936.0,0.3125,4.6182,174207587.5,804519936.0,0.222222,2.9778,270169824.0,804519936.0,0.25,3.5769,224919552.0,804519936.0,0.322581,3.6406,220987392.0,804519936.0,C5,0.322581,C1,C1,C1
phi3,qmsum,2,rouge_l,18645,60790,7.6354,0.308,0.08,0.9999,0.0162,0.258824,1.0,804519936.0,804519936.0,0.238095,8.3649,96178176.0,804519936.0,0.214286,4.6038,174752365.3,804519936.0,0.258824,3.0398,264664800.0,804519936.0,0.23913,3.4214,235143168.0,804519936.0,0.21978,3.3987,236716032.0,804519936.0,C0,0.258824,C3,C3,C1
phi3,qmsum,3,rouge_l,28791,96263,7.5653,0.2853,0.0597,0.9999,0.0092,0.226804,1.0,804519936.0,804519936.0,0.16092,2.9287,274698240.0,804519936.0,0.22,4.6186,174190597.2,804519936.0,0.22449,3.0085,267417312.0,804519936.0,0.191489,3.4915,230424576.0,804519936.0,0.114943,3.5459,226885632.0,804519936.0,C0,0.226804,C0,C2,C2
phi3,qmsum,4,rouge_l,6556,22945,7.3355,0.2929,0.1228,0.9996,0.0139,0.210526,1.0,804519936.0,804519936.0,0.254545,7.2658,110727168.0,804519936.0,0.215686,4.6092,174545305.6,804519936.0,0.224299,3.0353,265058016.0,804519936.0,0.291262,3.4678,231997440.0,804519936.0,0.24,3.5769,224919552.0,804519936.0,C4,0.291262,C1,C1,C1
phi3,qmsum,5,rouge_l,18108,71346,8.571,0.3307,0.112,0.9975,0.0024,0.194444,1.0,804519936.0,804519936.0,0.216667,6.7171,119771136.0,804519936.0,0.190476,4.6176,174227505.0,804519936.0,0.245902,2.7387,293762784.0,804519936.0,0.25,3.1429,255983616.0,804519936.0,0.193548,1.998,402653184.0,804519936.0,C4,0.25,C1,C1,C1
phi3,qmsum,6,rouge_l,11743,41676,7.4066,0.2723,0.0837,0.9998,0.0142,0.186667,1.0,804519936.0,804519936.0,0.253165,8.6844,92639232.0,804519936.0,0.195122,4.598,174971374.1,804519936.0,0.25,3.0308,265451232.0,804519936.0,0.181818,3.7404,215089152.0,804519936.0,0.184211,3.7473,214695936.0,804519936.0,C1,0.253165,C1,C1,C1
phi3,qmsum,7,rouge_l,34548,143787,9.1416,0.3143,0.1003,0.9999,0.0028,0.295082,1.0,804519936.0,804519936.0,0.313725,9.3172,86347776.0,804519936.0,0.333333,4.6147,174340322.9,804519936.0,0.301887,3.1865,252475104.0,804519936.0,0.428571,3.7132,216662016.0,804519936.0,0.428571,3.7132,216662016.0,804519936.0,C4,0.428571,C1,C1,C1
phi3,qmsum,8,rouge_l,20137,70557,7.7899,0.3149,0.0839,0.9932,0.0077,0.129032,1.0,804519936.0,804519936.0,0.142857,6.7393,119377920.0,804519936.0,0.175182,4.6116,174454889.8,804519936.0,0.225166,2.8257,284718816.0,804519936.0,0.150685,3.1574,254803968.0,804519936.0,0.157895,3.1047,259129344.0,804519936.0,C3,0.225166,C1,C1,C1
phi3,qmsum,9,rouge_l,14432,61340,8.5859,0.325,0.1287,0.9892,0.0021,0.276923,1.0,804519936.0,804519936.0,0.208696,6.7393,119377920.0,804519936.0,0.248276,4.6118,174446307.2,804519936.0,0.239437,2.6228,306738912.0,804519936.0,0.217391,3.0629,262668288.0,804519936.0,0.164835,1.998,402653184.0,804519936.0,C0,0.276923,C0,C0,C0
phi3,qmsum,10,rouge_l,12176,40796,7.1649,0.2594,0.0748,0.946,0.0161,0.195804,1.0,804519936.0,804519936.0,0.191304,6.8521,117411840.0,804519936.0,0.218182,4.6032,174775538.8,804519936.0,0.195804,2.6673,301627104.0,804519936.0,0.195489,3.1094,258736128.0,804519936.0,0.195489,3.0629,262668288.0,804519936.0,C2,0.218182,C2,C1,C1
phi3,qmsum,11,rouge_l,12331,40990,7.5517,0.3031,0.0914,0.9817,0.0086,0.123288,1.0,804519936.0,804519936.0,0.2,6.0967,131960832.0,804519936.0,0.108108,4.6108,174485594.4,804519936.0,0.128,2.7796,289437408.0,804519936.0,0.148148,3.3762,238288896.0,804519936.0,0.168224,3.393,237109248.0,804519936.0,C1,0.2,C1,C1,C1
phi3,qmsum,12,rouge_l,9874,32494,7.0415,0.2571,0.0741,0.986,0.0146,0.181818,1.0,804519936.0,804519936.0,0.220472,5.674,141791232.0,804519936.0,0.208,4.5976,174988217.3,804519936.0,0.184615,2.735,294156000.0,804519936.0,0.255639,3.0767,261488640.0,804519936.0,0.280702,3.2476,247726080.0,804519936.0,C5,0.280702,C1,C1,C1
phi3,qmsum,13,rouge_l,14832,52225,7.5206,0.2842,0.0933,0.9998,0.0152,0.247934,1.0,804519936.0,804519936.0,0.247423,7.8815,102076416.0,804519936.0,0.205607,4.6045,174724781.7,804519936.0,0.247788,2.8101,286291680.0,804519936.0,0.19469,3.3107,243007488.0,804519936.0,0.220183,3.2947,244187136.0,804519936.0,C0,0.247934,C1,C1,C1
phi3,qmsum,14,rouge_l,20507,66906,7.4211,0.282,0.0621,0.9921,0.0104,0.285714,1.0,804519936.0,804519936.0,0.176471,6.6952,120164352.0,804519936.0,0.192982,4.6112,174469057.4,804519936.0,0.280374,2.8936,278034144.0,804519936.0,0.160714,3.1919,252051456.0,804519936.0,0.259259,3.3486,240254976.0,804519936.0,C0,0.285714,C0,C3,C5
phi3,qmsum,15,rouge_l,16078,50567,6.7591,0.2331,0.0616,0.9823,0.0187,0.203704,1.0,804519936.0,804519936.0,0.125,6.9452,115838976.0,804519936.0,0.140351,4.5954,175069245.8,804519936.0,0.181818,2.7241,295335648.0,804519936.0,0.152381,3.3541,239861760.0,804519936.0,0.137255,3.41,235929600.0,804519936.0,C0,0.203704,C0,C0,C0
phi3,qmsum,16,rouge_l,29057,120528,9.1833,0.3251,0.1188,0.9999,0.003,0.192982,1.0,804519936.0,804519936.0,0.263158,7.7035,104435712.0,804519936.0,0.185185,4.6217,174073243.8,804519936.0,0.181818,3.1043,259159776.0,804519936.0,0.204082,3.6148,222560256.0,804519936.0,0.204082,3.6148,222560256.0,804519936.0,C1,0.263158,C1,C1,C1
phi3,qmsum,17,rouge_l,14403,49902,7.447,0.2706,0.0786,0.9998,0.0134,0.149533,1.0,804519936.0,804519936.0,0.238095,8.1646,98537472.0,804519936.0,0.186047,4.6121,174437106.2,804519936.0,0.285714,3.1522,255227616.0,804519936.0,0.206897,3.6085,222953472.0,804519936.0,0.225,3.6732,219021312.0,804519936.0,C3,0.285714,C1,C1,C1
phi3,qmsum,18,rouge_l,20510,66930,7.4218,0.2821,0.0622,0.9918,0.0104,0.216216,1.0,804519936.0,804519936.0,0.205607,6.1516,130781184.0,804519936.0,0.20202,4.6121,174436887.3,804519936.0,0.211538,2.8063,286684896.0,804519936.0,0.193548,3.3107,243007488.0,804519936.0,0.282828,3.2019,251265024.0,804519936.0,C5,0.282828,C5,C1,C1
phi3,qmsum,19,rouge_l,6226,20018,6.6605,0.2514,0.0951,0.9814,0.0191,0.137255,1.0,804519936.0,804519936.0,0.181818,8.0363,100110336.0,804519936.0,0.161616,4.5975,174991066.0,804519936.0,0.131148,2.6989,298088160.0,804519936.0,0.142857,3.258,246939648.0,804519936.0,0.186047,3.4503,233177088.0,804519936.0,C5,0.186047,C1,C1,C1
phi3,trec,0,classification,5659,22067,7.6254,0.316,0.2447,0.9997,0.0234,1.0,1.0,804519936.0,804519936.0,1.0,8.1646,98537472.0,804519936.0,1.0,4.6185,174194440.1,804519936.0,1.0,3.0579,263091936.0,804519936.0,1.0,3.5521,226492416.0,804519936.0,1.0,3.5521,226492416.0,804519936.0,C0,1.0,C1,C1,C1
phi3,trec,1,classification,8193,31651,7.6468,0.3048,0.2135,0.9998,0.0244,0.0,1.0,804519936.0,804519936.0,0.0,8.1646,98537472.0,804519936.0,0.0,4.618,174212895.6,804519936.0,0.0,3.0579,263091936.0,804519936.0,0.0,3.5521,226492416.0,804519936.0,0.0,3.5521,226492416.0,804519936.0,C0,0.0,C1,C1,C1
phi3,trec,2,classification,12529,48491,7.8454,0.3009,0.1888,0.9999,0.0241,0.0,1.0,804519936.0,804519936.0,0.0,8.1646,98537472.0,804519936.0,0.0,4.6178,174221731.6,804519936.0,0.0,3.0579,263091936.0,804519936.0,0.0,3.5521,226492416.0,804519936.0,0.0,3.5521,226492416.0,804519936.0,C0,0.0,C1,C1,C1
phi3,trec,3,classification,3792,14683,7.4511,0.3373,0.2698,0.9995,0.0236,1.0,1.0,804519936.0,804519936.0,1.0,8.1646,98537472.0,804519936.0,1.0,4.6178,174221074.9,804519936.0,1.0,3.0579,263091936.0,804519936.0,1.0,3.5521,226492416.0,804519936.0,1.0,3.5521,226492416.0,804519936.0,C0,1.0,C1,C1,C1
phi3,trec,4,classification,11586,44441,7.8192,0.3009,0.197,0.9998,0.0242,0.0,1.0,804519936.0,804519936.0,0.0,8.1646,98537472.0,804519936.0,0.0,4.6163,174277086.5,804519936.0,0.0,3.0579,263091936.0,804519936.0,0.0,3.5521,226492416.0,804519936.0,0.0,3.5521,226492416.0,804519936.0,C0,0.0,C1,C1,C1
phi3,trec,5,classification,4912,18986,7.3812,0.309,0.2321,0.9996,0.0249,1.0,1.0,804519936.0,804519936.0,1.0,8.1646,98537472.0,804519936.0,1.0,4.6174,174235348.6,804519936.0,1.0,3.0579,263091936.0,804519936.0,1.0,3.5521,226492416.0,804519936.0,1.0,3.5521,226492416.0,804519936.0,C0,1.0,C1,C1,C1
phi3,trec,6,classification,3248,12633,7.5027,0.3374,0.2879,0.9994,0.0237,0.0,1.0,804519936.0,804519936.0,0.0,8.1646,98537472.0,804519936.0,0.0,4.6192,174168381.2,804519936.0,0.0,3.0579,263091936.0,804519936.0,0.0,3.5521,226492416.0,804519936.0,0.0,3.5521,226492416.0,804519936.0,C0,0.0,C1,C1,C1
phi3,trec,7,classification,10569,40923,7.7685,0.2964,0.1988,0.9998,0.024,1.0,1.0,804519936.0,804519936.0,1.0,8.1646,98537472.0,804519936.0,1.0,4.6194,174161054.3,804519936.0,1.0,3.0579,263091936.0,804519936.0,1.0,3.5521,226492416.0,804519936.0,1.0,3.5521,226492416.0,804519936.0,C0,1.0,C1,C1,C1
phi3,trec,8,classification,12109,46752,7.8662,0.3025,0.1947,0.9999,0.0238,1.0,1.0,804519936.0,804519936.0,1.0,8.1646,98537472.0,804519936.0,1.0,4.6213,174088419.0,804519936.0,1.0,3.0579,263091936.0,804519936.0,1.0,3.5521,226492416.0,804519936.0,1.0,3.5521,226492416.0,804519936.0,C0,1.0,C1,C1,C1
phi3,trec,9,classification,8959,34486,7.7388,0.3026,0.2091,0.9998,0.0239,1.0,1.0,804519936.0,804519936.0,1.0,8.1646,98537472.0,804519936.0,1.0,4.619,174174383.3,804519936.0,1.0,3.0579,263091936.0,804519936.0,1.0,3.5521,226492416.0,804519936.0,1.0,3.5521,226492416.0,804519936.0,C0,1.0,C1,C1,C1
phi3,trec,10,classification,12649,48978,7.956,0.304,0.1941,0.9999,0.0231,1.0,1.0,804519936.0,804519936.0,1.0,8.1646,98537472.0,804519936.0,1.0,4.6171,174247675.2,804519936.0,1.0,3.0579,263091936.0,804519936.0,1.0,3.5521,226492416.0,804519936.0,1.0,3.5521,226492416.0,804519936.0,C0,1.0,C1,C1,C1
phi3,trec,11,classification,11785,45731,7.8926,0.3034,0.1958,0.9998,0.0235,1.0,1.0,804519936.0,804519936.0,1.0,8.1646,98537472.0,804519936.0,1.0,4.6163,174277109.5,804519936.0,1.0,3.0579,263091936.0,804519936.0,1.0,3.5521,226492416.0,804519936.0,1.0,3.5521,226492416.0,804519936.0,C0,1.0,C1,C1,C1
phi3,trec,12,classification,3191,12440,7.3655,0.3334,0.2833,0.9994,0.0239,0.0,1.0,804519936.0,804519936.0,0.0,8.1646,98537472.0,804519936.0,0.0,4.6199,174142403.0,804519936.0,0.0,3.0579,263091936.0,804519936.0,0.0,3.5521,226492416.0,804519936.0,0.0,3.5521,226492416.0,804519936.0,C0,0.0,C1,C1,C1
phi3,trec,13,classification,11544,44636,7.8476,0.3005,0.1989,0.9998,0.0237,0.0,1.0,804519936.0,804519936.0,0.0,8.1646,98537472.0,804519936.0,0.0,4.6174,174238009.7,804519936.0,0.0,3.0579,263091936.0,804519936.0,0.0,3.5521,226492416.0,804519936.0,0.0,3.5521,226492416.0,804519936.0,C0,0.0,C1,C1,C1
phi3,trec,14,classification,9770,37582,7.7466,0.3041,0.2036,0.9998,0.0242,1.0,1.0,804519936.0,804519936.0,0.0,8.1646,98537472.0,804519936.0,1.0,4.617,174253435.4,804519936.0,1.0,3.0579,263091936.0,804519936.0,1.0,3.5521,226492416.0,804519936.0,1.0,3.5521,226492416.0,804519936.0,C0,1.0,C2,C2,C2
phi3,trec,15,classification,10228,39237,7.7527,0.3005,0.1993,0.9998,0.024,1.0,1.0,804519936.0,804519936.0,1.0,8.1646,98537472.0,804519936.0,1.0,4.6218,174070378.3,804519936.0,1.0,3.0579,263091936.0,804519936.0,1.0,3.5521,226492416.0,804519936.0,1.0,3.5521,226492416.0,804519936.0,C0,1.0,C1,C1,C1
phi3,trec,16,classification,10141,39057,7.788,0.3051,0.2037,0.9998,0.0238,1.0,1.0,804519936.0,804519936.0,1.0,8.1646,98537472.0,804519936.0,1.0,4.6198,174145697.8,804519936.0,1.0,3.0579,263091936.0,804519936.0,1.0,3.5521,226492416.0,804519936.0,1.0,3.5521,226492416.0,804519936.0,C0,1.0,C1,C1,C1
phi3,trec,17,classification,7226,27941,7.7544,0.3159,0.2265,0.9997,0.0237,1.0,1.0,804519936.0,804519936.0,1.0,8.1646,98537472.0,804519936.0,1.0,4.6163,174278042.7,804519936.0,1.0,3.0579,263091936.0,804519936.0,1.0,3.5521,226492416.0,804519936.0,1.0,3.5521,226492416.0,804519936.0,C0,1.0,C1,C1,C1
phi3,trec,18,classification,6890,26687,7.6812,0.3149,0.2306,0.9997,0.0241,1.0,1.0,804519936.0,804519936.0,1.0,8.1646,98537472.0,804519936.0,1.0,4.614,174365723.5,804519936.0,1.0,3.0579,263091936.0,804519936.0,1.0,3.5521,226492416.0,804519936.0,1.0,3.5521,226492416.0,804519936.0,C0,1.0,C1,C1,C1
phi3,trec,19,classification,12802,49551,7.8017,0.2964,0.188,0.9999,0.0241,0.0,1.0,804519936.0,804519936.0,0.0,8.1646,98537472.0,804519936.0,0.0,4.6205,174119581.4,804519936.0,0.0,3.0579,263091936.0,804519936.0,0.0,3.5521,226492416.0,804519936.0,0.0,3.5521,226492416.0,804519936.0,C0,0.0,C1,C1,C1
phi3,triviaqa,0,qa_f1,6625,23489,9.0855,0.4315,0.2892,0.9711,0.0139,1.0,1.0,804519936.0,804519936.0,1.0,9.3598,85954560.0,804519936.0,1.0,4.6181,174211666.7,804519936.0,1.0,3.2115,250509024.0,804519936.0,1.0,3.761,213909504.0,804519936.0,1.0,3.761,213909504.0,804519936.0,C0,1.0,C1,C1,C1
phi3,triviaqa,1,qa_f1,23890,85780,9.9234,0.4154,0.2025,0.9999,0.012,1.0,1.0,804519936.0,804519936.0,1.0,9.3598,85954560.0,804519936.0,1.0,4.6236,174001364.3,804519936.0,1.0,3.2115,250509024.0,804519936.0,1.0,3.761,213909504.0,804519936.0,1.0,3.761,213909504.0,804519936.0,C0,1.0,C1,C1,C1
phi3,triviaqa,2,qa_f1,15623,55689,9.6065,0.4137,0.2249,0.9998,0.0096,1.0,1.0,804519936.0,804519936.0,1.0,9.3598,85954560.0,804519936.0,1.0,4.6248,173959568.2,804519936.0,1.0,3.2115,250509024.0,804519936.0,1.0,3.761,213909504.0,804519936.0,1.0,3.761,213909504.0,804519936.0,C0,1.0,C1,C1,C1
phi3,triviaqa,3,qa_f1,13263,47493,9.4741,0.4216,0.2376,0.9998,0.0106,0.444444,1.0,804519936.0,804519936.0,0.444444,9.3598,85954560.0,804519936.0,0.444444,4.619,174176982.8,804519936.0,0.444444,3.2115,250509024.0,804519936.0,0.444444,3.761,213909504.0,804519936.0,0.444444,3.761,213909504.0,804519936.0,C0,0.444444,C1,C1,C1
phi3,triviaqa,4,qa_f1,10044,36757,9.6179,0.4334,0.2845,0.9997,0.0094,1.0,1.0,804519936.0,804519936.0,1.0,9.3598,85954560.0,804519936.0,1.0,4.6161,174287503.3,804519936.0,1.0,3.2115,250509024.0,804519936.0,1.0,3.761,213909504.0,804519936.0,1.0,3.761,213909504.0,804519936.0,C0,1.0,C1,C1,C1
phi3,triviaqa,5,qa_f1,12399,44556,9.6,0.4275,0.2424,0.9998,0.0077,1.0,1.0,804519936.0,804519936.0,1.0,9.3598,85954560.0,804519936.0,1.0,4.6226,174041651.4,804519936.0,1.0,3.2115,250509024.0,804519936.0,1.0,3.761,213909504.0,804519936.0,1.0,3.761,213909504.0,804519936.0,C0,1.0,C1,C1,C1
phi3,triviaqa,6,qa_f1,12295,40413,9.3678,0.4218,0.2262,0.9998,0.0199,1.0,1.0,804519936.0,804519936.0,1.0,9.3598,85954560.0,804519936.0,1.0,4.6228,174034773.1,804519936.0,1.0,3.2115,250509024.0,804519936.0,1.0,3.761,213909504.0,804519936.0,1.0,3.761,213909504.0,804519936.0,C0,1.0,C1,C1,C1
phi3,triviaqa,7,qa_f1,13481,47275,9.5256,0.4253,0.239,0.9998,0.0141,1.0,1.0,804519936.0,804519936.0,1.0,9.3598,85954560.0,804519936.0,1.0,4.6174,174236816.9,804519936.0,1.0,3.2115,250509024.0,804519936.0,1.0,3.761,213909504.0,804519936.0,1.0,3.761,213909504.0,804519936.0,C0,1.0,C1,C1,C1
phi3,triviaqa,8,qa_f1,8998,31840,9.3424,0.4356,0.2698,0.9997,0.0109,1.0,1.0,804519936.0,804519936.0,1.0,9.3598,85954560.0,804519936.0,1.0,4.6243,173976179.0,804519936.0,1.0,3.2115,250509024.0,804519936.0,1.0,3.761,213909504.0,804519936.0,1.0,3.761,213909504.0,804519936.0,C0,1.0,C1,C1,C1
phi3,triviaqa,9,qa_f1,5415,16034,8.1945,0.4387,0.2587,0.9994,0.0158,1.0,1.0,804519936.0,804519936.0,1.0,9.3598,85954560.0,804519936.0,1.0,4.6272,173865775.6,804519936.0,1.0,3.2115,250509024.0,804519936.0,1.0,3.761,213909504.0,804519936.0,1.0,3.761,213909504.0,804519936.0,C0,1.0,C1,C1,C1
phi3,triviaqa,10,qa_f1,21532,76648,9.7259,0.4129,0.2046,0.9999,0.0121,1.0,1.0,804519936.0,804519936.0,1.0,9.3598,85954560.0,804519936.0,1.0,4.6204,174121640.7,804519936.0,1.0,3.2115,250509024.0,804519936.0,1.0,3.761,213909504.0,804519936.0,1.0,3.761,213909504.0,804519936.0,C0,1.0,C1,C1,C1
phi3,triviaqa,11,qa_f1,14194,51154,9.4986,0.4091,0.2323,0.9998,0.0106,1.0,1.0,804519936.0,804519936.0,1.0,9.3598,85954560.0,804519936.0,1.0,4.6133,174390619.0,804519936.0,1.0,3.2115,250509024.0,804519936.0,1.0,3.761,213909504.0,804519936.0,1.0,3.761,213909504.0,804519936.0,C0,1.0,C1,C1,C1
phi3,triviaqa,12,qa_f1,23310,83538,9.715,0.4093,0.1954,0.9999,0.0121,1.0,1.0,804519936.0,804519936.0,1.0,9.3598,85954560.0,804519936.0,1.0,4.6298,173769187.2,804519936.0,1.0,3.2115,250509024.0,804519936.0,1.0,3.761,213909504.0,804519936.0,1.0,3.761,213909504.0,804519936.0,C0,1.0,C1,C1,C1
phi3,triviaqa,13,qa_f1,3951,14180,8.868,0.4352,0.3199,0.9993,0.0136,1.0,1.0,804519936.0,804519936.0,1.0,9.3598,85954560.0,804519936.0,1.0,4.6176,174227224.7,804519936.0,1.0,3.2115,250509024.0,804519936.0,1.0,3.761,213909504.0,804519936.0,1.0,3.761,213909504.0,804519936.0,C0,1.0,C1,C1,C1
phi3,triviaqa,14,qa_f1,25062,87722,9.7681,0.4156,0.1915,0.9999,0.0102,1.0,1.0,804519936.0,804519936.0,1.0,9.3598,85954560.0,804519936.0,1.0,4.61,174516533.7,804519936.0,1.0,3.2115,250509024.0,804519936.0,1.0,3.761,213909504.0,804519936.0,1.0,3.761,213909504.0,804519936.0,C0,1.0,C1,C1,C1
phi3,triviaqa,15,qa_f1,5908,22747,9.2722,0.4253,0.3202,0.9996,0.0079,1.0,1.0,804519936.0,804519936.0,1.0,9.3598,85954560.0,804519936.0,1.0,4.6171,174249169.7,804519936.0,1.0,3.2115,250509024.0,804519936.0,1.0,3.761,213909504.0,804519936.0,1.0,3.761,213909504.0,804519936.0,C0,1.0,C1,C1,C1
phi3,triviaqa,16,qa_f1,12211,42226,9.4206,0.4236,0.2344,0.9998,0.0109,1.0,1.0,804519936.0,804519936.0,1.0,9.3598,85954560.0,804519936.0,1.0,4.6255,173932382.6,804519936.0,1.0,3.2115,250509024.0,804519936.0,1.0,3.761,213909504.0,804519936.0,1.0,3.761,213909504.0,804519936.0,C0,1.0,C1,C1,C1
phi3,triviaqa,17,qa_f1,16508,57722,9.4085,0.3969,0.2017,0.9998,0.0128,1.0,1.0,804519936.0,804519936.0,1.0,9.3598,85954560.0,804519936.0,1.0,4.6129,174405206.1,804519936.0,1.0,3.2115,250509024.0,804519936.0,1.0,3.761,213909504.0,804519936.0,1.0,3.761,213909504.0,804519936.0,C0,1.0,C1,C1,C1
phi3,triviaqa,18,qa_f1,17193,61082,9.5762,0.4151,0.2175,0.9998,0.0104,1.0,1.0,804519936.0,804519936.0,1.0,9.3598,85954560.0,804519936.0,1.0,4.6252,173943238.1,804519936.0,1.0,3.2115,250509024.0,804519936.0,1.0,3.761,213909504.0,804519936.0,1.0,3.761,213909504.0,804519936.0,C0,1.0,C1,C1,C1
phi3,triviaqa,19,qa_f1,9719,35421,9.3678,0.4262,0.2615,0.9997,0.0103,1.0,1.0,804519936.0,804519936.0,1.0,9.3598,85954560.0,804519936.0,1.0,4.6206,174116599.0,804519936.0,1.0,3.2115,250509024.0,804519936.0,1.0,3.761,213909504.0,804519936.0,1.0,3.761,213909504.0,804519936.0,C0,1.0,C1,C1,C1
llama3,2wikimqa,0,qa_f1,7070,28692,9.2384,0.4218,0.2836,0.9997,0.0066,0.0,1.0,929431552.0,929431552.0,0.0,36.4305,25501696.0,929038336.0,0.0,4.6189,201223569.5,929431552.0,0.0,3.3977,273548832.0,929431552.0,0.0,6.8008,136839168.0,930611200.0,0.0,6.8512,135659520.0,929431552.0,C0,0.0,C1,C1,C1
llama3,2wikimqa,1,qa_f1,14710,62672,9.5357,0.3981,0.2328,0.9999,0.0057,0.0,1.0,983302144.0,983302144.0,0.0,39.7852,24715264.0,983302144.0,0.0,4.6246,212624476.5,983302144.0,0.0,3.4087,288468992.0,983302144.0,0.0,7.3119,134479872.0,983302144.0,0.0,7.3119,134479872.0,983302144.0,C0,0.0,C1,C1,C1
llama3,2wikimqa,2,qa_f1,4009,17129,8.6992,0.4018,0.3173,0.9995,0.0109,0.0,1.0,527040512.0,527040512.0,0.0,21.3245,24715264.0,527040512.0,0.0,4.5884,114863566.2,527040512.0,0.0,3.4057,154753056.0,527040512.0,0.0,3.9191,134479872.0,527040512.0,0.0,3.9191,134479872.0,527040512.0,C0,0.0,C1,C1,C1
llama3,2wikimqa,3,qa_f1,6890,26490,8.6988,0.3843,0.2244,0.9997,0.008,0.666667,1.0,905969664.0,905969664.0,0.666667,34.8102,26025984.0,905969664.0,0.666667,4.6154,196292721.9,905969664.0,0.666667,3.3971,266686464.0,905969664.0,0.666667,6.6718,135790592.0,905969664.0,0.666667,6.6718,135790592.0,905969664.0,C0,0.666667,C1,C1,C1
llama3,2wikimqa,4,qa_f1,7010,30077,9.1558,0.4025,0.2845,0.9997,0.0051,0.0,1.0,920649728.0,920649728.0,0.0,37.2396,24715264.0,920387584.0,0.0,4.6209,199235380.4,920649728.0,0.0,3.4066,270256608.0,920649728.0,0.0,6.8327,134742016.0,920649728.0,0.0,6.8441,134479872.0,920387584.0,C0,0.0,C1,C1,C1
llama3,2wikimqa,5,qa_f1,14559,63474,9.451,0.3858,0.2337,0.9999,0.0045,1.0,1.0,983433216.0,983433216.0,1.0,39.5806,24846336.0,983433216.0,1.0,4.6225,212750931.1,983433216.0,1.0,3.4076,288600064.0,983433216.0,1.0,7.3057,134610944.0,983433216.0,1.0,7.3057,134610944.0,983433216.0,C0,1.0,C1,C1,C1
llama3,2wikimqa,6,qa_f1,10916,48092,9.3894,0.403,0.2615,0.9998,0.0044,1.0,1.0,983564288.0,983564288.0,1.0,39.3782,24977408.0,983564288.0,1.0,4.6277,212540581.8,983564288.0,1.0,3.4065,288731136.0,983564288.0,1.0,7.2996,134742016.0,983564288.0,1.0,7.2996,134742016.0,983564288.0,C0,1.0,C1,C1,C1
llama3,2wikimqa,7,qa_f1,6227,26363,8.9573,0.3937,0.2685,0.9997,0.0077,1.0,1.0,817758208.0,817758208.0,1.0,33.0872,24715264.0,817758208.0,1.0,4.6114,177332153.1,817758208.0,1.0,3.4084,239926560.0,817758208.0,1.0,6.0809,134479872.0,817758208.0,1.0,6.0809,134479872.0,817758208.0,C0,1.0,C1,C1,C1
llama3,2wikimqa,8,qa_f1,5479,22599,9.1511,0.4226,0.3209,0.9996,0.0102,0.0,1.0,719716352.0,719716352.0,0.0,29.1203,24715264.0,719716352.0,0.0,4.6023,156382090.9,719716352.0,0.0,3.4083,211167392.0,719716352.0,0.0,5.3519,134479872.0,719716352.0,0.0,5.3519,134479872.0,719716352.0,C0,0.0,C1,C1,C1
llama3,2wikimqa,9,qa_f1,8532,36479,9.5704,0.4232,0.3131,0.9998,0.0089,1.0,1.0,983826432.0,983826432.0,1.0,38.9796,25239552.0,983826432.0,0.8,4.6246,212849205.6,984350720.0,1.0,3.4043,288993280.0,983826432.0,1.0,7.2874,135004160.0,983826432.0,1.0,7.2874,135004160.0,983826432.0,C0,1.0,C1,C1,C1
llama3,2wikimqa,10,qa_f1,6391,26415,9.4373,0.4482,0.3472,0.9997,0.0083,1.0,1.0,839647232.0,839647232.0,1.0,33.4408,25108480.0,839647232.0,1.0,4.62,181742558.8,839647232.0,1.0,3.4033,246714816.0,839647232.0,1.0,6.2255,134873088.0,839647232.0,1.0,6.2255,134873088.0,839647232.0,C0,1.0,C1,C1,C1
llama3,2wikimqa,11,qa_f1,6360,24808,9.2092,0.3527,0.2704,0.9996,0.0123,0.857143,1.0,835846144.0,835846144.0,0.857143,32.9454,25370624.0,835846144.0,0.857143,4.6067,181439922.1,835846144.0,0.857143,3.4021,245686752.0,835846144.0,0.857143,6.1853,135135232.0,835846144.0,0.857143,6.1853,135135232.0,835846144.0,C0,0.857143,C1,C1,C1
llama3,2wikimqa,12,qa_f1,3984,16191,9.0796,0.4612,0.3898,0.9994,0.0146,0.0,1.0,524288000.0,524288000.0,0.0,20.7725,25239552.0,524288000.0,0.0,4.5893,114155612.8,523894784.0,0.0,3.3969,154342432.0,524288000.0,0.0,3.8835,135004160.0,524288000.0,0.0,3.8835,135004160.0,524288000.0,C0,0.0,C1,C1,C1
llama3,2wikimqa,13,qa_f1,13857,59643,9.3056,0.3694,0.2105,0.9998,0.005,0.0,1.0,983695360.0,983695360.0,0.0,39.1778,25108480.0,983695360.0,0.0,4.6268,212610203.9,983695360.0,0.0,3.4054,288862208.0,983695360.0,0.0,7.2935,134873088.0,983695360.0,0.0,7.2935,134873088.0,983695360.0,C0,0.0,C1,C1,C1
llama3,2wikimqa,14,qa_f1,5994,22292,9.2193,0.4388,0.2995,0.9996,0.0082,0.5,1.0,787480576.0,787480576.0,0.5,31.5277,24977408.0,787480576.0,0.5,4.6011,171150203.5,787480576.0,0.5,3.4059,231213152.0,787480576.0,0.5,5.8444,134742016.0,787480576.0,0.5,5.8444,134742016.0,787480576.0,C0,0.5,C1,C1,C1
llama3,2wikimqa,15,qa_f1,5071,20096,7.9043,0.3382,0.2041,0.9996,0.0043,0.0,1.0,666501120.0,666501120.0,0.0,26.6842,24977408.0,666501120.0,0.0,4.5939,145082581.1,666501120.0,0.0,3.4044,195778528.0,666501120.0,0.0,4.9465,134742016.0,666501120.0,0.0,4.9465,134742016.0,666501120.0,C0,0.0,C1,C1,C1
llama3,2wikimqa,16,qa_f1,14271,61863,9.4106,0.3833,0.231,0.9999,0.0047,0.0,1.0,985661440.0,985661440.0,0.0,36.9272,26681344.0,985268224.0,0.0,4.6232,213198431.1,985661440.0,0.0,3.3892,290828288.0,985661440.0,0.0,7.2031,136839168.0,985661440.0,0.0,7.2031,136839168.0,985661440.0,C0,0.0,C1,C1,C1
llama3,2wikimqa,17,qa_f1,5211,22652,9.2454,0.4276,0.3514,0.9996,0.0079,0.0,1.0,688390144.0,688390144.0,0.0,27.1444,25239552.0,685113344.0,0.0,4.6026,149566535.6,688390144.0,0.0,3.3617,204815264.0,688521216.0,0.0,4.9744,138412032.0,688521216.0,0.0,4.9744,138412032.0,688521216.0,C0,0.0,C1,C1,C1
llama3,2wikimqa,18,qa_f1,5788,24101,9.2209,0.4376,0.343,0.9996,0.0093,0.0,1.0,760217600.0,760217600.0,0.0,30.759,24715264.0,760217600.0,0.0,4.605,165084996.2,760217600.0,0.0,3.4073,223116416.0,760217600.0,0.0,5.653,134479872.0,760217600.0,0.0,5.653,134479872.0,760217600.0,C0,0.0,C1,C1,C1
llama3,2wikimqa,19,qa_f1,9035,36831,9.3129,0.4129,0.2614,0.9998,0.0094,1.0,1.0,983564288.0,983564288.0,1.0,39.3782,24977408.0,983564288.0,1.0,4.6158,213084554.5,983564288.0,1.0,3.4065,288731136.0,983564288.0,1.0,7.2996,134742016.0,983564288.0,1.0,7.2996,134742016.0,983564288.0,C0,1.0,C1,C1,C1
llama3,gov_report,0,rouge_l,10697,53640,8.4731,0.283,0.1465,0.6293,0.0001,0.303406,1.0,1021050880.0,1021050880.0,0.206452,18.7699,53944320.0,1012531200.0,0.297872,4.6097,220165555.6,1014890496.0,0.259494,3.1648,320974848.0,1015808000.0,0.228571,5.8802,173932544.0,1022754816.0,0.247492,6.2908,160432128.0,1009254400.0,C0,0.303406,C0,C2,C2
llama3,gov_report,1,rouge_l,18663,92252,9.0928,0.3043,0.1485,0.9202,0.0001,0.485714,1.0,1031143424.0,1031143424.0,0.201389,20.7894,48439296.0,1007026176.0,0.359862,4.6239,220678431.1,1020395520.0,0.494444,3.0636,336703488.0,1031536640.0,0.222222,6.248,161742848.0,1010565120.0,0.228188,6.0912,166723584.0,1015545856.0,C3,0.494444,C3,C3,C3
llama3,gov_report,2,rouge_l,7737,38930,8.184,0.2741,0.1638,,0.0002,0.332518,1.0,1029308416.0,1029308416.0,0.214286,18.2258,55648256.0,1014235136.0,0.35567,4.6199,221692156.6,1024196608.0,0.41206,3.0725,335261696.0,1030094848.0,0.259459,5.9854,170262528.0,1019084800.0,0.311224,5.6792,181403648.0,1030225920.0,C3,0.41206,C2,C2,C5
llama3,gov_report,3,rouge_l,2656,13938,8.2162,0.3637,0.2925,,0.0005,0.38247,1.0,389939200.0,389939200.0,0.208333,7.3322,51322880.0,376307712.0,0.439024,4.5724,85912326.1,392822784.0,0.382812,2.6905,146098560.0,393084928.0,0.292035,2.2611,170655744.0,385875968.0,0.334728,2.2383,173801472.0,389021696.0,C2,0.439024,C2,C2,C2
llama3,gov_report,4,rouge_l,13262,65941,8.8999,0.3124,0.1706,0.6288,0.0001,0.246637,1.0,1019871232.0,1019871232.0,0.15122,17.2318,59056128.0,1017643008.0,0.263636,4.6296,220065628.4,1018822656.0,0.228028,3.1481,323465216.0,1018298368.0,0.173913,6.4057,157024256.0,1005846528.0,0.178824,5.8839,173801472.0,1022623744.0,C2,0.263636,C2,C2,C2
llama3,gov_report,5,rouge_l,8962,43358,8.4292,0.2968,0.1599,,0.0002,0.282958,1.0,1020395520.0,1020395520.0,0.249158,19.4421,51978240.0,1010565120.0,0.298413,4.6203,220706637.4,1019740160.0,0.283871,3.1343,325562368.0,1020395520.0,0.286689,6.1561,164626432.0,1013448704.0,0.246667,6.0752,167247872.0,1016070144.0,C2,0.298413,C4,C4,C4
llama3,gov_report,6,rouge_l,8151,46529,8.5585,0.2849,0.1759,0.8959,0.0002,0.393365,1.0,1024196608.0,1024196608.0,0.156658,15.8477,64561152.0,1023148032.0,0.386473,4.6268,219406211.4,1015152640.0,0.403893,3.1516,322940928.0,1017774080.0,0.190024,5.8949,173408256.0,1022230528.0,0.24,5.8473,175112192.0,1023934464.0,C3,0.403893,C3,C2,C2
llama3,gov_report,7,rouge_l,6381,34367,8.2872,0.29,0.1783,,0.0002,0.254042,1.0,872546304.0,872546304.0,0.14554,15.4436,56303616.0,869531648.0,0.297674,4.6116,189379147.1,873332736.0,0.337029,3.1047,281337216.0,873463808.0,0.235566,5.0783,172490752.0,875954176.0,0.254386,5.1001,171573248.0,875036672.0,C3,0.337029,C5,C5,C5
llama3,gov_report,8,rouge_l,2810,14349,7.8916,0.3348,0.2456,,0.0005,0.36044,1.0,417333248.0,417333248.0,0.163043,8.0307,49094656.0,394264576.0,0.342723,4.5661,89416735.4,408289280.0,0.363636,2.6472,158542304.0,419692544.0,0.251781,2.3245,177733632.0,413138944.0,0.246973,2.3826,170262528.0,405667840.0,C3,0.363636,C3,C2,C2
llama3,gov_report,9,rouge_l,20394,102565,8.8963,0.2931,0.1259,,0.0001,0.223333,1.0,1021837312.0,1021837312.0,0.185738,15.3806,66658304.0,1025245184.0,0.258278,4.6238,221759431.9,1025376256.0,0.23946,3.1325,325824512.0,1020657664.0,0.167558,6.1849,163708928.0,1012531200.0,0.210702,5.6826,181272576.0,1030094848.0,C2,0.258278,C2,C2,C5
llama3,gov_report,10,rouge_l,6081,32826,8.5808,0.3445,0.2529,0.2857,0.0002,0.227941,1.0,833224704.0,833224704.0,0.205128,15.8516,52109312.0,826015744.0,0.203008,4.6143,180491028.1,832831488.0,0.262172,3.1168,266579328.0,830865408.0,0.229885,4.934,168820736.0,832962560.0,0.202335,5.0568,163708928.0,827850752.0,C3,0.262172,C4,C4,C4
llama3,gov_report,11,rouge_l,4186,19201,8.1371,0.3423,0.2121,,0.0004,0.381974,1.0,594804736.0,594804736.0,0.239468,7.5884,79765504.0,605290496.0,0.395402,4.589,128844494.2,591265792.0,0.320542,2.8913,205543328.0,594280448.0,0.220264,3.212,187957248.0,603717632.0,0.282353,3.4532,169476096.0,585236480.0,C2,0.395402,C2,C2,C2
llama3,gov_report,12,rouge_l,6736,38155,8.6379,0.3184,0.2199,,0.0002,0.306122,1.0,920518656.0,920518656.0,0.180791,17.2137,53026816.0,912785408.0,0.293671,4.6185,199735332.4,922484736.0,0.310078,3.112,295923616.0,920911872.0,0.227147,5.4151,169869312.0,919863296.0,0.212034,5.5341,165412864.0,915406848.0,C3,0.310078,C3,C2,C2
llama3,gov_report,13,rouge_l,4632,24989,8.109,0.3122,0.2118,,0.0003,0.351706,1.0,644087808.0,644087808.0,0.216374,12.496,50798592.0,634781696.0,0.352941,4.5921,140516445.4,645267456.0,0.351706,3.0072,214226752.0,644218880.0,0.244898,3.7162,174587904.0,648806400.0,0.262211,3.7203,174325760.0,648544256.0,C2,0.352941,C2,C2,C2
llama3,gov_report,14,rouge_l,5712,27046,8.6594,0.3681,0.2509,0.9979,0.0003,0.242857,1.0,784334848.0,784334848.0,0.075067,16.7006,46211072.0,771751936.0,0.316027,4.6119,172968246.0,797704192.0,0.297483,2.9019,278732128.0,808845312.0,0.178313,4.7434,164495360.0,780271616.0,0.20979,4.5537,173277184.0,789053440.0,C2,0.316027,C2,C2,C2
llama3,gov_report,15,rouge_l,5718,30185,8.7252,0.3677,0.2854,0.993,0.0002,0.245487,1.0,791937024.0,791937024.0,0.181132,13.2717,59187200.0,785514496.0,0.257812,4.6075,171540366.6,790364160.0,0.240283,3.015,263359136.0,794034176.0,0.176471,4.7215,165675008.0,782237696.0,0.234043,4.6018,171180032.0,787742720.0,C2,0.257812,C2,C2,C2
llama3,gov_report,16,rouge_l,4218,22425,8.4086,0.3415,0.275,0.9084,0.0003,0.339623,1.0,611319808.0,611319808.0,0.270677,11.7324,49356800.0,579076096.0,0.349693,4.5931,129527914.2,594935808.0,0.332378,2.8349,213424800.0,605028352.0,0.282828,3.507,167510016.0,587464704.0,0.285714,3.5031,167772160.0,587726848.0,C2,0.349693,C2,C2,C2
llama3,gov_report,17,rouge_l,18156,95443,8.6124,0.2647,0.1212,0.949,0.0001,0.26776,1.0,1012006912.0,1012006912.0,0.225275,20.0176,50405376.0,1008992256.0,0.252577,4.6179,221135740.2,1021181952.0,0.257703,3.142,324382720.0,1019215872.0,0.300792,5.9587,171180032.0,1020002304.0,0.265193,6.1073,166199296.0,1015021568.0,C4,0.300792,C5,C5,C5
llama3,gov_report,18,rouge_l,4627,22492,8.203,0.3152,0.2083,,0.0003,0.416667,1.0,657063936.0,657063936.0,0.364261,10.2034,63381504.0,646709248.0,0.435821,4.5986,141714573.5,651689984.0,0.43871,3.0191,212729120.0,642252800.0,0.403909,3.7986,169213952.0,642777088.0,0.39726,3.7986,169213952.0,642777088.0,C3,0.43871,C2,C2,C2
llama3,gov_report,19,rouge_l,2818,15225,8.2116,0.3663,0.3034,,0.0005,0.357143,1.0,405667840.0,405667840.0,0.118812,8.0333,49225728.0,395444224.0,0.311404,4.5713,89343498.4,408420352.0,0.351464,2.7499,149666464.0,411566080.0,0.1875,2.4775,160038912.0,396492800.0,0.192593,2.5046,157155328.0,393609216.0,C0,0.357143,C0,C3,C3
llama3,hotpotqa,0,qa_f1,11345,54414,9.3786,0.3765,0.2538,0.9998,0.0039,0.333333,1.0,983826432.0,983826432.0,0.333333,38.9796,25239552.0,983826432.0,0.333333,4.6283,212569478.9,983826432.0,0.333333,3.4043,288993280.0,983826432.0,0.333333,7.2874,135004160.0,983826432.0,0.333333,7.2874,135004160.0,983826432.0,C0,0.333333,C1,C1,C1
llama3,hotpotqa,1,qa_f1,16253,72455,9.3354,0.3635,0.2117,0.9999,0.003,1.0,1.0,983957504.0,983957504.0,0.666667,38.7833,25370624.0,983957504.0,0.666667,4.6332,212370051.5,983957504.0,1.0,3.4032,289124352.0,983957504.0,1.0,7.2813,135135232.0,983957504.0,1.0,7.2813,135135232.0,983957504.0,C0,1.0,C4,C4,C4
llama3,hotpotqa,2,qa_f1,11033,48472,9.5235,0.4002,0.2607,0.9998,0.0059,0.4,1.0,983564288.0,983564288.0,0.4,39.3782,24977408.0,983564288.0,0.4,4.6228,212763911.2,983564288.0,0.4,3.4065,288731136.0,983564288.0,0.4,7.2996,134742016.0,983564288.0,0.4,7.2996,134742016.0,983564288.0,C0,0.4,C1,C1,C1
llama3,hotpotqa,3,qa_f1,16339,77553,9.7124,0.3832,0.2529,0.9999,0.0046,0.0,1.0,983433216.0,983433216.0,0.0,39.5806,24846336.0,983433216.0,0.0,4.617,213003359.5,983433216.0,0.0,3.4076,288600064.0,983433216.0,0.0,7.3057,134610944.0,983433216.0,0.0,7.3057,134610944.0,983433216.0,C0,0.0,C1,C1,C1
llama3,hotpotqa,4,qa_f1,16243,80361,8.8794,0.2523,0.1606,0.9999,0.0402,0.5,1.0,984350720.0,984350720.0,0.5,38.2067,25763840.0,984350720.0,0.666667,4.6189,212973154.0,983695360.0,0.5,3.4,289517568.0,984350720.0,0.666667,7.2935,134873088.0,983695360.0,0.666667,7.2935,134873088.0,983695360.0,C2,0.666667,C1,C1,C1
llama3,hotpotqa,5,qa_f1,5046,19649,8.6993,0.4065,0.2782,0.9995,0.0062,1.0,1.0,663224320.0,663224320.0,1.0,26.4196,25108480.0,663355392.0,1.0,4.5989,144240769.6,663355392.0,1.0,3.4039,194843616.0,663224320.0,1.0,4.9184,134873088.0,663355392.0,1.0,4.9184,134873088.0,663355392.0,C0,1.0,C1,C1,C1
llama3,hotpotqa,6,qa_f1,16368,75436,9.4145,0.3785,0.2102,0.9999,0.004,0.0,1.0,983171072.0,983171072.0,0.0,39.992,24584192.0,983171072.0,0.0,4.6308,212309887.2,983171072.0,0.0,3.4098,288337920.0,983171072.0,0.0,7.318,134348800.0,983171072.0,0.0,7.318,134348800.0,983171072.0,C0,0.0,C1,C1,C1
llama3,hotpotqa,7,qa_f1,13519,58965,9.6631,0.3994,0.2516,0.9998,0.005,0.0,1.0,983957504.0,983957504.0,0.0,38.7833,25370624.0,983957504.0,0.0,4.6202,212968110.4,983957504.0,0.0,3.4032,289124352.0,983957504.0,0.0,7.2813,135135232.0,983957504.0,0.0,7.2813,135135232.0,983957504.0,C0,0.0,C1,C1,C1
llama3,hotpotqa,8,qa_f1,9709,42966,9.6744,0.4149,0.3151,0.9998,0.0056,0.5,1.0,983695360.0,983695360.0,0.5,39.1778,25108480.0,983695360.0,0.5,4.6217,212841772.5,983695360.0,0.5,3.4054,288862208.0,983695360.0,0.5,7.2935,134873088.0,983695360.0,0.5,7.2935,134873088.0,983695360.0,C0,0.5,C1,C1,C1
llama3,hotpotqa,9,qa_f1,11220,47315,8.8959,0.3591,0.1946,0.9998,0.0066,1.0,1.0,983695360.0,983695360.0,0.666667,39.3782,24977408.0,983564288.0,1.0,4.6162,213095645.5,983695360.0,1.0,3.4054,288862208.0,983695360.0,1.0,7.2935,134873088.0,983695360.0,1.0,7.2935,134873088.0,983695360.0,C0,1.0,C4,C4,C4
llama3,hotpotqa,10,qa_f1,15466,67481,9.4427,0.393,0.2435,0.9999,0.0047,1.0,1.0,983433216.0,983433216.0,0.666667,39.7852,24715264.0,983302144.0,1.0,4.6266,212562304.4,983433216.0,1.0,3.4076,288600064.0,983433216.0,1.0,7.3057,134610944.0,983433216.0,1.0,7.3057,134610944.0,983433216.0,C0,1.0,C4,C4,C4
llama3,hotpotqa,11,qa_f1,15969,76568,9.4284,0.37,0.2278,0.9999,0.0039,0.666667,1.0,983957504.0,983957504.0,0.0,39.3782,24977408.0,983564288.0,0.666667,4.6204,212960379.2,983957504.0,0.666667,3.4032,289124352.0,983957504.0,0.666667,7.2813,135135232.0,983957504.0,0.666667,7.2813,135135232.0,983957504.0,C0,0.666667,C4,C4,C4
llama3,hotpotqa,12,qa_f1,3507,16166,9.0833,0.4285,0.3884,0.9994,0.0067,1.0,1.0,461242368.0,461242368.0,1.0,18.6622,24715264.0,461242368.0,1.0,4.5781,100749736.7,461242368.0,1.0,3.4051,135455552.0,461242368.0,1.0,3.4298,134479872.0,461242368.0,1.0,3.4298,134479872.0,461242368.0,C0,1.0,C1,C1,C1
llama3,hotpotqa,13,qa_f1,13481,61276,9.3435,0.3763,0.2268,0.9999,0.0043,0.0,1.0,983433216.0,983433216.0,0.0,39.5806,24846336.0,983433216.0,0.0,4.619,212910316.1,983433216.0,0.0,3.4076,288600064.0,983433216.0,0.0,7.3057,134610944.0,983433216.0,0.0,7.3057,134610944.0,983433216.0,C0,0.0,C1,C1,C1
llama3,hotpotqa,14,qa_f1,13330,48910,9.6626,0.4153,0.2658,0.9998,0.0082,0.0,1.0,985268224.0,985268224.0,0.0,37.6474,26157056.0,984743936.0,0.0,4.6177,213367993.0,985268224.0,0.0,3.3924,290435072.0,985268224.0,0.0,7.2209,136445952.0,985268224.0,0.0,7.2209,136445952.0,985268224.0,C0,0.0,C1,C1,C1
llama3,hotpotqa,15,qa_f1,14429,62696,9.4936,0.3783,0.2263,0.9999,0.0062,0.666667,1.0,983302144.0,983302144.0,0.666667,39.7852,24715264.0,983302144.0,0.666667,4.6163,213008048.2,983302144.0,0.666667,3.4087,288468992.0,983302144.0,0.666667,7.3119,134479872.0,983302144.0,0.666667,7.3119,134479872.0,983302144.0,C0,0.666667,C1,C1,C1
llama3,hotpotqa,16,qa_f1,10884,44633,9.1698,0.3814,0.2242,0.9998,0.0071,0.0,1.0,983695360.0,983695360.0,0.0,39.1778,25108480.0,983695360.0,0.0,4.6238,212746681.2,983695360.0,0.0,3.4054,288862208.0,983695360.0,0.0,7.2935,134873088.0,983695360.0,0.0,7.2935,134873088.0,983695360.0,C0,0.0,C1,C1,C1
llama3,hotpotqa,17,qa_f1,15393,72591,9.7743,0.3882,0.2658,0.9999,0.0034,0.0,1.0,983957504.0,983957504.0,0.0,38.9796,25239552.0,983826432.0,0.0,4.6222,212849561.5,983826432.0,0.0,3.4043,288993280.0,983826432.0,0.0,7.2813,135135232.0,983957504.0,0.0,7.2813,135135232.0,983957504.0,C0,0.0,C1,C1,C1
llama3,hotpotqa,18,qa_f1,16111,69660,9.2338,0.3726,0.1978,0.9999,0.0033,0.0,1.0,983564288.0,983564288.0,0.0,39.3782,24977408.0,983564288.0,0.0,4.6191,212934043.6,983564288.0,0.0,3.4065,288731136.0,983564288.0,0.0,7.3119,134479872.0,983302144.0,0.0,7.3119,134479872.0,983302144.0,C0,0.0,C1,C1,C1
llama3,hotpotqa,19,qa_f1,14628,69032,9.4605,0.3848,0.2467,0.9999,0.004,1.0,1.0,983302144.0,983302144.0,1.0,39.7852,24715264.0,983302144.0,1.0,4.6143,213098265.9,983302144.0,1.0,3.4087,288468992.0,983302144.0,1.0,7.3119,134479872.0,983302144.0,1.0,7.3119,134479872.0,983302144.0,C0,1.0,C1,C1,C1
llama3,multi_news,0,rouge_l,2662,12628,8.1994,0.3998,0.34,0.8747,0.001,0.198529,1.0,386793472.0,386793472.0,0.18543,5.2229,77144064.0,402915328.0,0.162791,4.5683,83778667.1,382730240.0,0.210526,2.563,158381408.0,405929984.0,0.202429,2.1638,185597952.0,401604608.0,0.15917,2.202,179699712.0,395706368.0,C3,0.210526,C3,C3,C1
llama3,multi_news,1,rouge_l,2973,13328,8.0942,0.3761,0.293,0.69,0.0011,0.283828,1.0,431357952.0,431357952.0,0.090395,5.0031,91561984.0,458096640.0,0.270627,4.5711,94768240.4,433192960.0,0.290541,2.7727,155856064.0,432144384.0,0.23569,2.4576,176160768.0,432930816.0,0.216216,2.4533,176685056.0,433455104.0,C3,0.290541,C3,C2,C2
llama3,multi_news,2,rouge_l,843,3710,7.5069,0.4417,0.4211,,0.003,0.396396,1.0,163708928.0,163708928.0,0.228758,2.2397,70459392.0,157810688.0,0.33033,4.4993,36676820.5,165019648.0,0.353312,1.9652,81837728.0,160825344.0,0.396396,1.0,163708928.0,163708928.0,0.396396,1.0,163708928.0,163708928.0,C0,0.396396,C0,C0,C0
llama3,multi_news,3,rouge_l,3932,18731,7.3592,0.3172,0.2368,0.9764,0.0006,0.200669,1.0,565706752.0,565706752.0,0.240283,9.3722,58793984.0,551026688.0,0.248408,4.5961,123426560.6,567279616.0,0.238267,2.9286,189359936.0,554565632.0,0.214765,3.0695,184811520.0,567279616.0,0.194805,3.116,180748288.0,563216384.0,C2,0.248408,C1,C1,C1
llama3,multi_news,4,rouge_l,2987,13401,8.4979,0.428,0.3525,0.6453,0.001,0.173669,1.0,439615488.0,439615488.0,0.190184,6.6827,64823296.0,433192960.0,0.202186,4.5801,97642839.1,447217664.0,0.214834,2.6179,171583840.0,449183744.0,0.211144,2.4572,177471488.0,436076544.0,0.219178,2.4103,183369728.0,441974784.0,C5,0.219178,C1,C1,C1
llama3,multi_news,5,rouge_l,3864,18395,8.5728,0.4005,0.3165,0.8686,0.0009,0.26087,1.0,546963456.0,546963456.0,0.20178,8.1523,67575808.0,550895616.0,0.294118,4.5882,122182644.4,560594944.0,0.283422,2.826,196516416.0,555352064.0,0.252809,3.1253,175767552.0,549322752.0,0.236915,3.0563,181665792.0,555220992.0,C2,0.294118,C2,C2,C2
llama3,multi_news,6,rouge_l,1241,5610,7.9327,0.4419,0.4085,0.7381,0.002,0.228188,1.0,194248704.0,194248704.0,0.19244,3.3943,58269696.0,197787648.0,0.214925,4.5256,44630752.4,201981952.0,0.236025,2.3417,86366656.0,202244096.0,0.216718,1.1705,174456832.0,204210176.0,0.223642,1.1735,171442176.0,201195520.0,C3,0.236025,C3,C3,C2
llama3,multi_news,7,rouge_l,3825,18745,8.3485,0.3706,0.2897,0.8836,0.0006,0.266129,1.0,532152320.0,532152320.0,0.216216,16.893,30089216.0,508297216.0,0.303279,4.5866,115795508.4,531103744.0,0.264,3.0078,176969792.0,532283392.0,0.214559,2.9866,185466880.0,553910272.0,0.202532,3.1623,170393600.0,538836992.0,C2,0.303279,C2,C2,C2
llama3,multi_news,8,rouge_l,2218,10063,7.8031,0.3696,0.2836,,0.0013,0.371257,1.0,343277568.0,343277568.0,0.216,6.1608,51847168.0,319422464.0,0.392982,4.5608,72192529.6,329252864.0,0.383234,2.4801,139418272.0,345767936.0,0.380282,1.9191,171704320.0,329515008.0,0.381295,1.9297,169738240.0,327548928.0,C2,0.392982,C2,C2,C2
llama3,multi_news,9,rouge_l,1153,5082,7.908,0.4583,0.4345,0.9603,0.0022,0.261333,1.0,203030528.0,203030528.0,0.170213,2.8063,70852608.0,198836224.0,0.214085,4.5242,43746451.1,197918720.0,0.289406,2.0981,98018016.0,205651968.0,0.289474,1.0961,189530112.0,207749120.0,0.272727,1.0993,183500800.0,201719808.0,C4,0.289474,C3,C3,C3
llama3,multi_news,10,rouge_l,7439,34688,9.0028,0.3478,0.2496,,0.0004,0.29003,1.0,1021050880.0,1021050880.0,0.238806,17.0474,59318272.0,1011220480.0,0.292835,4.624,219509261.6,1015021568.0,0.272446,3.0881,330470976.0,1020526592.0,0.272997,5.5665,184418304.0,1026555904.0,0.255452,5.573,184156160.0,1026293760.0,C2,0.292835,C2,C2,C4
llama3,multi_news,11,rouge_l,1932,8923,7.747,0.3751,0.3059,,0.0012,0.310954,1.0,301989888.0,301989888.0,0.258333,4.4791,66134016.0,296222720.0,0.334495,4.5485,66912160.5,304349184.0,0.271429,2.5276,117712704.0,297533440.0,0.303502,1.6902,174325760.0,294649856.0,0.256198,1.71,169476096.0,289800192.0,C2,0.334495,C2,C2,C2
llama3,multi_news,12,rouge_l,2629,13280,7.8939,0.3243,0.267,,0.001,0.260563,1.0,392298496.0,392298496.0,0.209386,5.4788,71770112.0,393216000.0,0.307692,4.5702,85924349.1,392691712.0,0.279863,2.6275,150200480.0,394657792.0,0.254545,2.131,187170816.0,398852096.0,0.299213,2.1594,182583296.0,394264576.0,C2,0.307692,C2,C2,C2
llama3,multi_news,13,rouge_l,2978,14203,7.9905,0.3576,0.2754,,0.0009,0.267559,1.0,444989440.0,444989440.0,0.254237,7.1092,60104704.0,427294720.0,0.289855,4.5739,94337466.0,431489024.0,0.303448,2.6966,163120864.0,439877632.0,0.253521,2.4039,183369728.0,440795136.0,0.25,2.4613,176160768.0,433586176.0,C3,0.303448,C2,C1,C1
llama3,multi_news,14,rouge_l,874,3980,7.6021,0.4372,0.4405,,0.0028,0.238411,1.0,156237824.0,156237824.0,0.162712,2.3795,66265088.0,157679616.0,0.272109,4.4941,33773120.9,151781376.0,0.257235,2.0586,77360768.0,159252480.0,0.235669,1.0,156499968.0,156499968.0,0.235669,1.0,156499968.0,156499968.0,C2,0.272109,C2,C2,C2
llama3,multi_news,15,rouge_l,2736,12552,8.047,0.3785,0.2979,,0.0009,0.267974,1.0,399769600.0,399769600.0,0.216216,5.779,70197248.0,405667840.0,0.281346,4.5757,89631540.6,410124288.0,0.30581,2.6467,154464160.0,408813568.0,0.291525,2.3065,172752896.0,398458880.0,0.289562,2.2947,174325760.0,400031744.0,C3,0.30581,C2,C2,C2
llama3,multi_news,16,rouge_l,2044,8902,7.9208,0.4151,0.3283,0.3315,0.0012,0.234604,1.0,316538880.0,316538880.0,0.208696,4.5264,69410816.0,314179584.0,0.303342,4.5651,71780085.2,327680000.0,0.24375,2.5962,119148640.0,309329920.0,0.192192,1.763,176947200.0,311951360.0,0.229412,1.7546,178913280.0,313917440.0,C2,0.303342,C2,C2,C2
llama3,multi_news,17,rouge_l,1572,7308,8.1072,0.4353,0.4097,,0.0015,0.285714,1.0,254017536.0,254017536.0,0.193309,3.7331,66920448.0,249823232.0,0.226667,4.5427,55888916.4,253886464.0,0.239203,2.3363,109624064.0,256114688.0,0.24911,1.413,177078272.0,250216448.0,0.222222,1.387,189005824.0,262144000.0,C0,0.285714,C0,C0,C0
llama3,multi_news,18,rouge_l,4538,22086,8.4441,0.3711,0.2757,0.9707,0.0005,0.264463,1.0,653787136.0,653787136.0,0.207612,9.8546,64561152.0,636223488.0,0.229412,4.5953,140619053.8,646184960.0,0.227129,2.9252,218838144.0,640155648.0,0.275229,3.4489,188612608.0,650510336.0,0.241486,3.5262,182845440.0,644743168.0,C4,0.275229,C4,C4,C5
llama3,multi_news,19,rouge_l,1527,6950,7.5228,0.3736,0.298,0.2747,0.0019,0.427586,1.0,240648192.0,240648192.0,0.191235,4.0792,57483264.0,234487808.0,0.439716,4.5353,52194127.9,236716032.0,0.407143,2.4738,96537888.0,238813184.0,0.427586,1.3925,171311104.0,238551040.0,0.402878,1.3928,171180032.0,238419968.0,C2,0.439716,C2,C2,C2
llama3,multifieldqa_en,0,qa_f1,1529,5225,7.6562,0.454,0.3362,0.9983,0.0188,0.75,1.0,202244096.0,202244096.0,0.75,8.0971,24977408.0,202244096.0,0.75,4.53,44645409.6,202244096.0,0.75,3.3831,59781280.0,202244096.0,0.75,1.501,134742016.0,202244096.0,0.75,1.501,134742016.0,202244096.0,C0,0.75,C1,C1,C1
llama3,multifieldqa_en,1,qa_f1,3037,14071,8.3041,0.3913,0.3112,0.9994,0.0068,1.0,1.0,399769600.0,399769600.0,1.0,16.0897,24846336.0,399769600.0,1.0,4.5782,87320886.6,399769600.0,1.0,3.4027,117485920.0,399769600.0,1.0,2.9698,134610944.0,399769600.0,1.0,2.9698,134610944.0,399769600.0,C0,1.0,C1,C1,C1
llama3,multifieldqa_en,2,qa_f1,9520,45349,9.0305,0.2622,0.1791,0.9998,0.0015,1.0,1.0,983302144.0,983302144.0,1.0,39.7852,24715264.0,983302144.0,1.0,4.6343,212179373.2,983302144.0,1.0,3.4087,288468992.0,983302144.0,1.0,7.3119,134479872.0,983302144.0,1.0,7.3119,134479872.0,983302144.0,C0,1.0,C1,C1,C1
llama3,multifieldqa_en,3,qa_f1,7393,31608,8.3178,0.3094,0.1658,0.9997,0.003,0.75,1.0,971243520.0,971243520.0,1.0,37.9009,25632768.0,971505664.0,0.888889,4.6323,209723731.2,971505664.0,0.75,3.4035,285365920.0,971243520.0,0.888889,7.1752,135397376.0,971505664.0,1.0,7.1752,135397376.0,971505664.0,C1,1.0,C1,C1,C1
llama3,multifieldqa_en,4,qa_f1,7479,33949,9.2387,0.3893,0.2805,0.9997,0.0111,0.5,1.0,982122496.0,982122496.0,0.5,39.3204,24977408.0,982122496.0,0.5,4.6245,212347133.0,981991424.0,0.5,3.4064,288319648.0,982122496.0,0.5,7.2889,134742016.0,982122496.0,0.5,7.2889,134742016.0,982122496.0,C0,0.5,C1,C1,C1
llama3,multifieldqa_en,5,qa_f1,6599,19528,8.42,0.3644,0.177,0.9995,0.0277,0.56,1.0,867696640.0,867696640.0,0.56,33.5084,25894912.0,867696640.0,0.56,4.6152,188008582.8,867696640.0,0.56,3.3973,255410816.0,867696640.0,0.56,6.3961,135659520.0,867696640.0,0.56,6.3961,135659520.0,867696640.0,C0,0.56,C1,C1,C1
llama3,multifieldqa_en,6,qa_f1,6288,20826,8.3493,0.3338,0.1625,0.9996,0.0181,0.428571,1.0,829423616.0,829423616.0,0.444444,31.4715,26288128.0,827326464.0,0.413793,4.6269,179318524.5,829685760.0,0.428571,3.3703,246140032.0,829554688.0,0.705882,6.0858,135921664.0,827195392.0,0.705882,6.0858,135921664.0,827195392.0,C4,0.705882,C1,C1,C1
llama3,multifieldqa_en,7,qa_f1,3684,6000,7.881,0.3659,0.1707,,0.0018,1.0,1.0,484442112.0,484442112.0,1.0,19.6009,24715264.0,484442112.0,1.0,4.5684,106042640.9,484442112.0,1.0,3.4066,142205984.0,484442112.0,1.0,3.6023,134479872.0,484442112.0,1.0,3.6023,134479872.0,484442112.0,C0,1.0,C1,C1,C1
llama3,multifieldqa_en,8,qa_f1,4463,21852,8.6743,0.3954,0.3079,0.9996,0.0053,1.0,1.0,586547200.0,586547200.0,1.0,23.7322,24715264.0,586547200.0,1.0,4.5963,127613384.1,586547200.0,1.0,3.4077,172124288.0,586547200.0,1.0,4.3616,134479872.0,586547200.0,1.0,4.3616,134479872.0,586547200.0,C0,1.0,C1,C1,C1
llama3,multifieldqa_en,9,qa_f1,3178,15563,8.257,0.3579,0.2618,0.9994,0.0068,0.285714,1.0,418381824.0,418381824.0,0.285714,16.7504,24977408.0,418381824.0,0.285714,4.5769,91412075.5,418381824.0,0.285714,3.4009,123021024.0,418381824.0,0.285714,3.1051,134742016.0,418381824.0,0.285714,3.1051,134742016.0,418381824.0,C0,0.285714,C1,C1,C1
llama3,multifieldqa_en,10,qa_f1,2108,8995,8.0773,0.4297,0.3283,0.999,0.0073,0.285714,1.0,278265856.0,278265856.0,0.461538,10.7763,25894912.0,279052288.0,0.285714,4.5548,61093171.5,278265856.0,0.285714,3.3898,82089216.0,278265856.0,0.285714,2.0632,134873088.0,278265856.0,0.285714,2.0632,134873088.0,278265856.0,C1,0.461538,C1,C1,C1
llama3,multifieldqa_en,11,qa_f1,6202,31240,8.584,0.3354,0.2127,0.9997,0.0046,0.454545,1.0,816447488.0,816447488.0,0.454545,30.5999,26681344.0,816447488.0,0.454545,4.6139,176953781.1,816447488.0,0.454545,3.3883,240957728.0,816447488.0,0.454545,5.9837,136445952.0,816447488.0,0.454545,5.9837,136445952.0,816447488.0,C0,0.454545,C1,C1,C1
llama3,multifieldqa_en,12,qa_f1,4972,21982,8.6984,0.3497,0.2548,0.9996,0.0022,0.222222,1.0,654835712.0,654835712.0,0.1875,24.3284,26943488.0,655491072.0,0.222222,4.6101,142042924.0,654835712.0,0.222222,3.3884,193256192.0,654835712.0,0.1875,4.7948,136708096.0,655491072.0,0.1875,4.7948,136708096.0,655491072.0,C0,0.222222,C2,C2,C2
llama3,multifieldqa_en,13,qa_f1,14997,56541,8.4065,0.2042,0.0928,0.9998,0.0092,1.0,1.0,983171072.0,983171072.0,1.0,39.992,24584192.0,983171072.0,1.0,4.6276,212456048.4,983171072.0,1.0,3.4098,288337920.0,983171072.0,1.0,7.318,134348800.0,983171072.0,1.0,7.318,134348800.0,983171072.0,C0,1.0,C1,C1,C1
llama3,multifieldqa_en,14,qa_f1,3785,14403,9.4641,0.4404,0.3868,0.9994,0.0044,0.0,1.0,500432896.0,500432896.0,0.0,18.3015,27336704.0,500301824.0,0.0,4.5933,108949254.5,500432896.0,0.0,3.3616,148866528.0,500432896.0,0.0,3.6491,137101312.0,500301824.0,0.0,3.6491,137101312.0,500301824.0,C0,0.0,C1,C1,C1
llama3,multifieldqa_en,15,qa_f1,9461,42138,9.0572,0.3951,0.2222,0.9998,0.0058,0.555556,1.0,983826432.0,983826432.0,0.521739,37.8319,26025984.0,984612864.0,0.555556,4.6324,212380868.0,983826432.0,0.555556,3.4043,288993280.0,983826432.0,0.434783,7.257,135659520.0,984481792.0,0.434783,7.257,135659520.0,984481792.0,C0,0.555556,C2,C2,C1
llama3,multifieldqa_en,16,qa_f1,7656,33274,9.3051,0.4012,0.2701,0.9997,0.005,0.0,1.0,983433216.0,983433216.0,0.133333,39.5806,24846336.0,983433216.0,0.0,4.649,211537446.1,983433216.0,0.0,3.4076,288600064.0,983433216.0,0.0,7.3057,134610944.0,983433216.0,0.0,7.3057,134610944.0,983433216.0,C1,0.133333,C1,C1,C1
llama3,multifieldqa_en,17,qa_f1,3704,13757,7.6487,0.2999,0.1712,0.9993,0.0118,0.222222,1.0,495058944.0,495058944.0,0.181818,16.0384,30744576.0,493092864.0,0.181818,4.5861,107518787.5,493092864.0,0.25,3.2748,151211168.0,495190016.0,0.190476,3.5164,140115968.0,492699648.0,0.2,3.5377,138936320.0,491520000.0,C3,0.25,C3,C3,C5
llama3,multifieldqa_en,18,qa_f1,5300,22974,8.4297,0.3478,0.2072,0.9996,0.0047,0.5,1.0,699531264.0,699531264.0,0.545455,25.3321,27598848.0,699138048.0,0.5,4.6164,151502336.9,699400192.0,0.5,3.3693,207619136.0,699531264.0,0.545455,5.0897,137363456.0,699138048.0,0.545455,5.0897,137363456.0,699138048.0,C1,0.545455,C1,C1,C1
llama3,multifieldqa_en,19,qa_f1,11048,44441,8.623,0.3246,0.1461,0.9998,0.0038,0.451613,1.0,987234304.0,987234304.0,0.0,33.28,29696000.0,988282880.0,0.173913,4.633,212775245.6,985792512.0,0.451613,3.3763,292401152.0,987234304.0,0.076923,7.1676,137625600.0,986447872.0,0.451613,7.1326,138412032.0,987234304.0,C0,0.451613,C5,C5,C5
llama3,narrativeqa,0,qa_f1,31373,127703,9.2856,0.3891,0.1576,0.9999,0.0184,0.428571,1.0,984481792.0,984481792.0,0.307692,38.3969,25632768.0,984219648.0,0.5,4.6382,212198431.5,984219648.0,0.428571,3.3989,289648640.0,984481792.0,0.428571,7.2449,135921664.0,984743936.0,0.615385,7.251,135790592.0,984612864.0,C5,0.615385,C5,C5,C5
llama3,narrativeqa,1,qa_f1,36248,157714,9.5496,0.3887,0.1602,0.9999,0.0198,0.0,1.0,984219648.0,984219648.0,0.142857,38.5891,25501696.0,984088576.0,0.0,4.639,212161553.9,984219648.0,0.0,3.4011,289386496.0,984219648.0,0.0,7.2874,135004160.0,983826432.0,0.166667,7.2874,135004160.0,983826432.0,C5,0.166667,C1,C1,C1
llama3,narrativeqa,2,qa_f1,13507,56169,9.049,0.4016,0.2137,0.9998,0.0192,0.142857,1.0,984088576.0,984088576.0,0.142857,38.5891,25501696.0,984088576.0,0.142857,4.6517,211556198.1,984088576.0,0.142857,3.4021,289255424.0,984088576.0,0.142857,7.2752,135266304.0,984088576.0,0.142857,7.2752,135266304.0,984088576.0,C0,0.142857,C1,C1,C1
llama3,narrativeqa,3,qa_f1,16516,62691,9.2044,0.424,0.2147,0.9998,0.0201,0.0,1.0,984088576.0,984088576.0,0.0,38.7833,25370624.0,983957504.0,0.0,4.6418,212034109.4,984219648.0,0.0,3.4021,289255424.0,984088576.0,0.0,7.2752,135266304.0,984088576.0,0.0,7.2752,135266304.0,984088576.0,C0,0.0,C1,C1,C1
llama3,narrativeqa,4,qa_f1,46708,153856,8.9604,0.3571,0.1214,0.9999,0.0376,0.0,1.0,983826432.0,983826432.0,0.0,39.3782,24977408.0,983564288.0,0.0,4.6264,212656458.0,983826432.0,0.0,3.4043,288993280.0,983826432.0,0.666667,7.2996,134742016.0,983564288.0,0.666667,7.2996,134742016.0,983564288.0,C4,0.666667,C1,C1,C1
llama3,narrativeqa,5,qa_f1,37057,150571,9.2839,0.3741,0.1193,0.9999,0.0201,0.153846,1.0,983957504.0,983957504.0,0.153846,38.7833,25370624.0,983957504.0,0.153846,4.6371,212194410.5,983957504.0,0.153846,3.4032,289124352.0,983957504.0,0.153846,7.2813,135135232.0,983957504.0,0.153846,7.2813,135135232.0,983957504.0,C0,0.153846,C1,C1,C1
llama3,narrativeqa,6,qa_f1,8050,34101,9.3906,0.4275,0.3063,0.9997,0.0259,0.0,1.0,984088576.0,984088576.0,0.0,39.3782,24977408.0,983564288.0,0.0,4.6295,212683475.2,984612864.0,0.0,3.4021,289255424.0,984088576.0,0.0,7.2874,135004160.0,983826432.0,0.0,7.2691,135397376.0,984219648.0,C0,0.0,C1,C1,C1
llama3,narrativeqa,7,qa_f1,11380,47169,9.3137,0.4168,0.2562,0.9998,0.0211,0.666667,1.0,983695360.0,983695360.0,0.666667,39.1778,25108480.0,983695360.0,0.666667,4.6466,211702550.8,983695360.0,0.666667,3.4054,288862208.0,983695360.0,0.666667,7.2935,134873088.0,983695360.0,0.666667,7.2935,134873088.0,983695360.0,C0,0.666667,C1,C1,C1
llama3,narrativeqa,8,qa_f1,36233,157653,9.5497,0.3887,0.1603,0.9999,0.0198,0.5,1.0,983564288.0,983564288.0,0.5,39.3782,24977408.0,983564288.0,0.5,4.6391,212014595.4,983564288.0,0.5,3.4065,288731136.0,983564288.0,0.5,7.2996,134742016.0,983564288.0,0.5,7.2996,134742016.0,983564288.0,C0,0.5,C1,C1,C1
llama3,narrativeqa,9,qa_f1,36241,157679,9.5495,0.3887,0.1603,0.9999,0.0198,0.0,1.0,983695360.0,983695360.0,0.0,38.9796,25239552.0,983826432.0,0.0,4.6394,212060272.4,983826432.0,0.0,3.4054,288862208.0,983695360.0,0.0,7.2874,135004160.0,983826432.0,0.0,7.2935,134873088.0,983695360.0,C0,0.0,C1,C1,C1
llama3,narrativeqa,10,qa_f1,38183,133473,8.8186,0.3687,0.1113,0.9999,0.0283,1.0,1.0,983695360.0,983695360.0,0.5,39.3782,24977408.0,983564288.0,1.0,4.6284,212507704.6,983564288.0,1.0,3.4054,288862208.0,983695360.0,1.0,7.2935,134873088.0,983695360.0,1.0,7.2935,134873088.0,983695360.0,C0,1.0,C4,C4,C4
llama3,narrativeqa,11,qa_f1,31372,127699,9.2854,0.3891,0.1575,0.9999,0.0184,1.0,1.0,983302144.0,983302144.0,1.0,39.992,24584192.0,983171072.0,1.0,4.6382,211999620.6,983302144.0,1.0,3.4087,288468992.0,983302144.0,1.0,7.3119,134479872.0,983302144.0,1.0,7.3119,134479872.0,983302144.0,C0,1.0,C1,C1,C1
llama3,narrativeqa,12,qa_f1,11385,47216,9.3161,0.417,0.2566,0.9998,0.0211,0.0,1.0,984088576.0,984088576.0,0.0,38.7833,25370624.0,983957504.0,0.0,4.6461,211782644.7,983957504.0,0.0,3.4021,289255424.0,984088576.0,0.0,7.2752,135266304.0,984088576.0,0.0,7.2752,135266304.0,984088576.0,C0,0.0,C1,C1,C1
llama3,narrativeqa,13,qa_f1,37057,150560,9.2834,0.3741,0.1193,0.9999,0.0201,0.0,1.0,983957504.0,983957504.0,0.0,38.7833,25370624.0,983957504.0,0.0,4.637,212196585.4,983957504.0,0.0,3.4032,289124352.0,983957504.0,0.0,7.2813,135135232.0,983957504.0,0.0,7.2813,135135232.0,983957504.0,C0,0.0,C1,C1,C1
llama3,narrativeqa,14,qa_f1,31384,127757,9.2851,0.3891,0.1575,0.9999,0.0183,0.0,1.0,984481792.0,984481792.0,0.0,39.1778,25108480.0,983695360.0,0.0,4.6383,212307629.0,984743936.0,0.166667,3.3989,289648640.0,984481792.0,0.166667,7.257,135659520.0,984481792.0,0.166667,7.257,135659520.0,984481792.0,C3,0.166667,C1,C1,C1
llama3,narrativeqa,15,qa_f1,37059,150579,9.2837,0.374,0.1193,0.9999,0.0201,0.117647,1.0,984219648.0,984219648.0,0.142857,38.3969,25632768.0,984219648.0,0.272727,4.637,212481072.6,985268224.0,0.117647,3.4011,289386496.0,984219648.0,0.117647,7.2691,135397376.0,984219648.0,0.0,7.2752,135266304.0,984088576.0,C2,0.272727,C1,C1,C1
llama3,narrativeqa,16,qa_f1,11381,47179,9.3144,0.4169,0.2564,0.9998,0.0211,0.0,1.0,983695360.0,983695360.0,0.0,39.1778,25108480.0,983695360.0,0.0,4.6463,211713615.6,983695360.0,0.0,3.4054,288862208.0,983695360.0,0.0,7.2935,134873088.0,983695360.0,0.0,7.2935,134873088.0,983695360.0,C0,0.0,C1,C1,C1
llama3,narrativeqa,17,qa_f1,8054,34126,9.3898,0.4273,0.3061,0.9997,0.0259,0.5,1.0,983957504.0,983957504.0,0.5,38.7833,25370624.0,983957504.0,0.571429,4.6293,212521314.1,983826432.0,0.571429,3.4043,288993280.0,983826432.0,0.5,7.2813,135135232.0,983957504.0,0.5,7.2813,135135232.0,983957504.0,C2,0.571429,C1,C1,C1
llama3,narrativeqa,18,qa_f1,31418,134613,9.3844,0.3944,0.1648,0.9999,0.019,0.125,1.0,984350720.0,984350720.0,0.095238,36.7516,26812416.0,985399296.0,0.095238,4.6309,212730331.6,985137152.0,0.125,3.4,289517568.0,984350720.0,0.125,7.2631,135528448.0,984350720.0,0.125,7.2631,135528448.0,984350720.0,C0,0.125,C4,C4,C4
llama3,narrativeqa,19,qa_f1,19113,76470,8.9864,0.3937,0.1785,0.9999,0.0167,0.5,1.0,983564288.0,983564288.0,0.5,39.3782,24977408.0,983564288.0,0.5,4.6325,212317014.1,983564288.0,0.5,3.4065,288731136.0,983564288.0,0.5,7.2996,134742016.0,983564288.0,0.5,7.2996,134742016.0,983564288.0,C0,0.5,C1,C1,C1
llama3,passage_count,0,count,15690,66383,8.8233,0.0991,0.0748,0.0041,0.0013,1.0,1.0,984481792.0,984481792.0,1.0,38.0183,25894912.0,984481792.0,1.0,4.6143,213353199.5,984481792.0,1.0,3.3989,289648640.0,984481792.0,1.0,7.257,135659520.0,984481792.0,1.0,7.257,135659520.0,984481792.0,C0,1.0,C1,C1,C1
llama3,passage_count,1,count,21256,96790,8.488,0.0536,0.0397,0.0028,0.001,1.0,1.0,984481792.0,984481792.0,1.0,38.0183,25894912.0,984481792.0,1.0,4.6141,213364454.9,984481792.0,1.0,3.3989,289648640.0,984481792.0,1.0,7.257,135659520.0,984481792.0,1.0,7.257,135659520.0,984481792.0,C0,1.0,C1,C1,C1
llama3,passage_count,2,count,18536,82313,9.3288,0.2315,0.1262,0.0033,0.0012,0.0,1.0,984481792.0,984481792.0,0.0,38.0183,25894912.0,984481792.0,0.0,4.6118,213468436.1,984481792.0,0.0,3.3989,289648640.0,984481792.0,0.0,7.257,135659520.0,984481792.0,0.0,7.257,135659520.0,984481792.0,C0,0.0,C1,C1,C1
llama3,passage_count,3,count,17304,81159,9.7033,0.3446,0.2163,0.8755,0.0009,0.0,1.0,984481792.0,984481792.0,0.0,38.0183,25894912.0,984481792.0,0.0,4.6091,213593483.5,984481792.0,0.0,3.3989,289648640.0,984481792.0,0.0,7.257,135659520.0,984481792.0,0.0,7.257,135659520.0,984481792.0,C0,0.0,C1,C1,C1
llama3,passage_count,4,count,20836,96082,9.6139,0.2716,0.1724,0.0028,0.0011,0.0,1.0,984481792.0,984481792.0,0.0,38.0183,25894912.0,984481792.0,0.0,4.6096,213570020.2,984481792.0,0.0,3.3989,289648640.0,984481792.0,0.0,7.257,135659520.0,984481792.0,0.0,7.257,135659520.0,984481792.0,C0,0.0,C1,C1,C1
llama3,passage_count,5,count,11196,50472,9.4701,0.3389,0.2514,0.7383,0.0014,0.0,1.0,984481792.0,984481792.0,0.0,38.0183,25894912.0,984481792.0,0.0,4.618,213183591.0,984481792.0,0.0,3.3989,289648640.0,984481792.0,0.0,7.257,135659520.0,984481792.0,0.0,7.257,135659520.0,984481792.0,C0,0.0,C1,C1,C1
llama3,passage_count,6,count,16511,78503,9.2245,0.2217,0.1368,0.0035,0.001,0.0,1.0,984481792.0,984481792.0,0.0,38.0183,25894912.0,984481792.0,0.0,4.6128,213422065.3,984481792.0,0.0,3.3989,289648640.0,984481792.0,0.0,7.257,135659520.0,984481792.0,0.0,7.257,135659520.0,984481792.0,C0,0.0,C1,C1,C1
llama3,passage_count,7,count,12868,60783,9.2372,0.2047,0.1543,0.0045,0.0012,0.0,1.0,984481792.0,984481792.0,0.0,38.0183,25894912.0,984481792.0,0.0,4.6094,213579513.5,984481792.0,0.0,3.3989,289648640.0,984481792.0,0.0,7.257,135659520.0,984481792.0,0.0,7.257,135659520.0,984481792.0,C0,0.0,C1,C1,C1
llama3,passage_count,8,count,17307,79574,8.6588,0.0863,0.0581,0.0034,0.001,1.0,1.0,984481792.0,984481792.0,0.0,38.0183,25894912.0,984481792.0,0.0,4.6131,213412064.0,984481792.0,1.0,3.3989,289648640.0,984481792.0,1.0,7.257,135659520.0,984481792.0,1.0,7.257,135659520.0,984481792.0,C0,1.0,C4,C4,C4
llama3,passage_count,9,count,11552,54444,8.5926,0.1037,0.0848,0.005,0.001,0.0,1.0,984481792.0,984481792.0,0.0,38.0183,25894912.0,984481792.0,0.0,4.6121,213455529.8,984481792.0,0.0,3.3989,289648640.0,984481792.0,0.0,7.257,135659520.0,984481792.0,0.0,7.257,135659520.0,984481792.0,C0,0.0,C1,C1,C1
llama3,passage_count,10,count,18085,82268,8.7851,0.1413,0.0849,0.7675,0.0011,0.0,1.0,984481792.0,984481792.0,0.0,38.0183,25894912.0,984481792.0,0.0,4.6102,213546557.0,984481792.0,0.0,3.3989,289648640.0,984481792.0,0.0,7.257,135659520.0,984481792.0,0.0,7.257,135659520.0,984481792.0,C0,0.0,C1,C1,C1
llama3,passage_count,11,count,12795,58382,9.4539,0.3231,0.2034,0.3194,0.0011,0.0,1.0,984481792.0,984481792.0,0.0,38.0183,25894912.0,984481792.0,0.0,4.6191,213133981.6,984481792.0,0.0,3.3989,289648640.0,984481792.0,0.0,7.257,135659520.0,984481792.0,0.0,7.257,135659520.0,984481792.0,C0,0.0,C1,C1,C1
llama3,passage_count,12,count,9166,40044,8.7163,0.1457,0.1233,0.0068,0.0014,0.0,1.0,984481792.0,984481792.0,0.0,38.0183,25894912.0,984481792.0,0.0,4.6079,213933168.1,985792512.0,0.0,3.3989,289648640.0,984481792.0,0.0,7.257,135659520.0,984481792.0,0.0,7.257,135659520.0,984481792.0,C0,0.0,C1,C1,C1
llama3,passage_count,13,count,17204,73884,8.4383,0.0728,0.0545,0.0037,0.0012,0.0,1.0,984481792.0,984481792.0,0.0,38.0183,25894912.0,984481792.0,0.0,4.6078,213654364.1,984481792.0,0.0,3.3989,289648640.0,984481792.0,0.0,7.257,135659520.0,984481792.0,0.0,7.257,135659520.0,984481792.0,C0,0.0,C1,C1,C1
llama3,passage_count,14,count,17229,75746,9.6663,0.2807,0.1846,0.9876,0.0013,0.0,1.0,984481792.0,984481792.0,0.0,38.0183,25894912.0,984481792.0,0.0,4.6169,213233041.6,984481792.0,0.0,3.3989,289648640.0,984481792.0,0.0,7.257,135659520.0,984481792.0,0.0,7.257,135659520.0,984481792.0,C0,0.0,C1,C1,C1
llama3,passage_count,15,count,7714,35076,9.0484,0.2584,0.2092,0.0078,0.0013,0.0,1.0,984481792.0,984481792.0,0.0,38.0183,25894912.0,984481792.0,0.0,4.6139,213374646.6,984481792.0,0.0,3.3989,289648640.0,984481792.0,0.0,7.257,135659520.0,984481792.0,0.0,7.257,135659520.0,984481792.0,C0,0.0,C1,C1,C1
llama3,passage_count,16,count,11199,53076,9.0566,0.2223,0.182,0.0051,0.0011,0.0,1.0,984481792.0,984481792.0,0.0,38.0183,25894912.0,984481792.0,0.0,4.6054,213853515.0,984875008.0,0.0,3.3989,289648640.0,984481792.0,0.0,7.257,135659520.0,984481792.0,0.0,7.257,135659520.0,984481792.0,C0,0.0,C1,C1,C1
llama3,passage_count,17,count,16775,73969,8.6787,0.0915,0.0625,0.0037,0.001,1.0,1.0,984481792.0,984481792.0,1.0,38.0183,25894912.0,984481792.0,1.0,4.613,213412365.6,984481792.0,1.0,3.3989,289648640.0,984481792.0,1.0,7.257,135659520.0,984481792.0,1.0,7.257,135659520.0,984481792.0,C0,1.0,C1,C1,C1
llama3,passage_count,18,count,17101,75663,9.6157,0.3241,0.1894,0.6176,0.0011,0.0,1.0,984481792.0,984481792.0,0.0,38.0183,25894912.0,984481792.0,0.0,4.6157,213373804.2,984875008.0,0.0,3.3989,289648640.0,984481792.0,0.0,7.257,135659520.0,984481792.0,0.0,7.257,135659520.0,984481792.0,C0,0.0,C1,C1,C1
llama3,passage_count,19,count,15851,72937,9.4437,0.2935,0.1766,0.7509,0.001,0.0,1.0,984481792.0,984481792.0,0.0,38.0183,25894912.0,984481792.0,0.0,4.6106,213527538.8,984481792.0,0.0,3.3989,289648640.0,984481792.0,0.0,7.257,135659520.0,984481792.0,0.0,7.257,135659520.0,984481792.0,C0,0.0,C1,C1,C1
llama3,qasper,0,qa_f1,3999,20581,8.4397,0.355,0.2751,0.9995,0.0033,0.0,1.0,525860864.0,525860864.0,0.0,21.1645,24846336.0,525860864.0,0.0,4.5888,114595758.0,525860864.0,0.0,3.4034,154509952.0,525860864.0,0.0,3.9065,134610944.0,525860864.0,0.0,3.9065,134610944.0,525860864.0,C0,0.0,C1,C1,C1
llama3,qasper,1,qa_f1,4592,22074,8.697,0.3531,0.248,0.9995,0.0028,0.413793,1.0,607387648.0,607387648.0,0.2,22.0698,27467776.0,606208000.0,0.666667,4.5992,131580398.8,605159424.0,0.413793,3.3555,181011328.0,607387648.0,0.666667,4.4404,136314880.0,605290496.0,0.545455,4.4109,137494528.0,606470144.0,C2,0.666667,C2,C2,C2
llama3,qasper,2,qa_f1,3695,19082,8.4213,0.3517,0.2658,0.9995,0.0018,0.0,1.0,488374272.0,488374272.0,0.0,18.7195,26025984.0,487194624.0,0.055556,4.5905,107187695.9,492044288.0,0.0,3.3656,145107488.0,488374272.0,0.0,3.5656,136970240.0,488374272.0,0.0,3.5656,136970240.0,488374272.0,C2,0.055556,C1,C1,C1
llama3,qasper,3,qa_f1,3986,18806,8.7996,0.3728,0.2908,0.9995,0.003,0.217391,1.0,528613376.0,528613376.0,0.050633,13.1103,41230336.0,540540928.0,0.222222,4.5972,114813653.3,527826944.0,0.217391,3.3355,158480288.0,528613376.0,0.222222,3.8171,138280960.0,527826944.0,0.222222,3.8171,138280960.0,527826944.0,C2,0.222222,C2,C2,C2
llama3,qasper,4,qa_f1,6965,34512,8.6029,0.3301,0.2152,0.9997,0.0024,0.216216,1.0,917635072.0,917635072.0,0.258065,33.8638,27074560.0,916848640.0,0.216216,4.6265,198342160.0,917635072.0,0.216216,3.3804,271457280.0,917635072.0,0.347826,6.593,139460608.0,919470080.0,0.347826,6.593,139460608.0,919470080.0,C4,0.347826,C1,C1,C1
llama3,qasper,5,qa_f1,3573,16144,8.7414,0.393,0.2936,0.9994,0.0028,0.0,1.0,471465984.0,471465984.0,0.0,11.7973,41230336.0,486408192.0,0.0,4.5931,102646820.9,471465984.0,0.0,3.3798,139496640.0,471465984.0,0.0,3.4653,136052736.0,471465984.0,0.0,3.4653,136052736.0,471465984.0,C0,0.0,C1,C1,C1
llama3,qasper,6,qa_f1,3628,16671,8.6023,0.3604,0.2696,0.9993,0.0027,0.506667,1.0,484573184.0,484573184.0,0.192308,15.905,30351360.0,482738176.0,0.233333,4.5891,105135596.0,482476032.0,0.506667,3.2834,147582688.0,484573184.0,0.243902,3.4777,138280960.0,480903168.0,0.245614,3.4568,139460608.0,482082816.0,C0,0.506667,C3,C3,C3
llama3,qasper,7,qa_f1,5496,27249,8.4002,0.3177,0.2174,0.9996,0.0029,1.0,1.0,722075648.0,722075648.0,1.0,29.0617,24846336.0,722075648.0,1.0,4.6103,156620876.6,722075648.0,1.0,3.405,212065248.0,722075648.0,1.0,5.3642,134610944.0,722075648.0,1.0,5.3642,134610944.0,722075648.0,C0,1.0,C1,C1,C1
llama3,qasper,8,qa_f1,5733,27801,8.2917,0.2843,0.1833,0.9996,0.0023,1.0,1.0,753008640.0,753008640.0,1.0,30.4674,24715264.0,753008640.0,1.0,4.6084,163398999.6,753008640.0,1.0,3.4084,220928256.0,753008640.0,1.0,5.5994,134479872.0,753008640.0,1.0,5.5994,134479872.0,753008640.0,C0,1.0,C1,C1,C1
llama3,qasper,9,qa_f1,5641,26744,8.7704,0.3251,0.2235,0.9996,0.0028,0.666667,1.0,741474304.0,741474304.0,0.666667,29.3775,25239552.0,741474304.0,0.285714,4.6179,160706034.6,742129664.0,0.666667,3.4011,218012096.0,741474304.0,0.666667,5.4922,135004160.0,741474304.0,0.666667,5.4922,135004160.0,741474304.0,C0,0.666667,C1,C1,C1
llama3,qasper,10,qa_f1,7516,31417,8.7211,0.3318,0.1813,0.9997,0.0029,0.5625,1.0,991035392.0,991035392.0,0.204082,31.9155,31006720.0,989593600.0,0.4,4.6307,213758495.8,989855744.0,0.5,3.3468,296071168.0,990904320.0,0.4375,7.013,141164544.0,989986816.0,0.4375,7.013,141164544.0,989986816.0,C0,0.5625,C0,C0,C0
llama3,qasper,11,qa_f1,5368,25709,8.6888,0.3506,0.2472,0.9996,0.0031,0.444444,1.0,707133440.0,707133440.0,0.2,24.2214,29302784.0,709754880.0,0.444444,4.6161,153189517.5,707133440.0,0.444444,3.3837,208982688.0,707133440.0,0.421053,5.1625,137101312.0,707788800.0,0.421053,5.1625,137101312.0,707788800.0,C0,0.444444,C2,C2,C4
llama3,qasper,12,qa_f1,4438,22129,8.6527,0.3723,0.2684,0.9995,0.0026,0.090909,1.0,586153984.0,586153984.0,0.051282,21.9343,26681344.0,585236480.0,0.093023,4.5956,127489095.1,585891840.0,0.090909,3.3673,174072960.0,586153984.0,0.105263,4.2891,136445952.0,585236480.0,0.130435,4.2424,138412032.0,587202560.0,C5,0.130435,C2,C2,C2
llama3,qasper,13,qa_f1,2962,14178,8.674,0.4034,0.3336,0.9993,0.0033,0.068966,1.0,392167424.0,392167424.0,0.074074,14.751,26550272.0,391643136.0,0.193548,4.5771,85765382.5,392560640.0,0.068966,3.3545,116909408.0,392167424.0,0.068966,2.8659,136839168.0,392167424.0,0.285714,2.85,138018816.0,393347072.0,C5,0.285714,C1,C1,C1
llama3,qasper,14,qa_f1,7191,34064,8.8178,0.334,0.2043,0.9997,0.003,0.086957,1.0,947781632.0,947781632.0,0.046512,33.6918,28123136.0,947519488.0,0.086957,4.6309,204664783.6,947781632.0,0.086957,3.3766,280695232.0,947781632.0,0.044444,6.855,138280960.0,947912704.0,0.046512,6.8717,137887744.0,947519488.0,C0,0.086957,C2,C2,C2
llama3,qasper,15,qa_f1,2722,13171,8.2975,0.3493,0.2686,0.9992,0.0029,0.25,1.0,360316928.0,360316928.0,0.357143,13.0888,27598848.0,361234432.0,0.363636,4.5772,78604655.5,359792640.0,0.25,3.3587,107279104.0,360316928.0,0.3,2.6486,135790592.0,359661568.0,0.25,2.6407,136445952.0,360316928.0,C2,0.363636,C1,C1,C1
llama3,qasper,16,qa_f1,4948,22048,8.7302,0.3602,0.2381,0.9995,0.0025,0.4,1.0,651034624.0,651034624.0,0.714286,25.1515,25894912.0,651296768.0,0.4,4.6027,141445742.6,651034624.0,0.4,3.3961,191703232.0,651034624.0,0.285714,4.79,136052736.0,651689984.0,0.333333,4.801,135659520.0,651296768.0,C1,0.714286,C1,C1,C1
llama3,qasper,17,qa_f1,6646,32756,8.892,0.3376,0.2231,0.9997,0.0027,0.54902,1.0,877527040.0,877527040.0,0.408163,30.736,28516352.0,876478464.0,0.561404,4.6263,189881958.9,878444544.0,0.54902,3.3643,260838368.0,877527040.0,0.56,6.3032,139198464.0,877395968.0,0.472727,6.2784,139853824.0,878051328.0,C2,0.561404,C4,C4,C4
llama3,qasper,18,qa_f1,2926,14962,8.1419,0.3369,0.2587,0.9993,0.0022,0.8,1.0,386138112.0,386138112.0,0.571429,14.2463,27205632.0,387579904.0,0.8,4.5727,84444810.5,386138112.0,0.8,3.3836,114121568.0,386138112.0,0.8,2.8491,135528448.0,386138112.0,0.8,2.8491,135528448.0,386138112.0,C0,0.8,C2,C2,C2
llama3,qasper,19,qa_f1,7947,39961,8.9078,0.3301,0.2101,0.9997,0.0019,0.095238,1.0,986316800.0,986316800.0,0.0,35.0853,28123136.0,986710016.0,0.137931,4.6329,213403279.8,988676096.0,0.095238,3.3838,291483648.0,986316800.0,0.105263,7.1735,137494528.0,986316800.0,0.125,7.1971,136970240.0,985792512.0,C2,0.137931,C5,C5,C5
llama3,qmsum,0,rouge_l,10012,41672,7.545,0.272,0.096,0.9911,0.0142,0.206897,1.0,1001521152.0,1001521152.0,0.190476,28.8541,34414592.0,993001472.0,0.24359,4.6048,217379597.2,1000996864.0,0.246575,3.2695,306163712.0,1000996864.0,0.212766,6.731,148111360.0,996933632.0,0.18705,6.7667,147193856.0,996016128.0,C3,0.246575,C4,C4,C1
llama3,qmsum,1,rouge_l,15843,56671,7.5127,0.2885,0.0787,0.9998,0.0097,0.361111,1.0,991035392.0,991035392.0,0.31746,29.5055,33628160.0,992215040.0,0.307692,4.6116,215270783.2,992739328.0,0.296296,3.301,301969408.0,996802560.0,0.304348,5.2161,201326592.0,1050148864.0,0.454545,7.0354,140640256.0,989462528.0,C5,0.454545,C5,C5,C5
llama3,qmsum,2,rouge_l,16874,60790,7.7147,0.308,0.0862,0.9999,0.0162,0.27957,1.0,994443264.0,994443264.0,0.268657,34.3091,28778496.0,987365376.0,0.311688,4.6099,214555137.0,989069312.0,0.26506,3.3334,297775104.0,992608256.0,0.243902,6.9742,142082048.0,990904320.0,0.202532,6.9632,142344192.0,991166464.0,C2,0.311688,C2,C1,C1
llama3,qmsum,3,rouge_l,26144,96263,7.5928,0.2853,0.0644,0.9999,0.0092,0.196429,1.0,996016128.0,996016128.0,0.155844,34.6153,28516352.0,987103232.0,0.26087,4.6141,216175852.6,997457920.0,0.156522,3.295,302755840.0,997588992.0,0.18018,6.6907,149159936.0,997982208.0,0.177778,6.9632,142344192.0,991166464.0,C2,0.26087,C2,C2,C5
llama3,qmsum,4,rouge_l,5567,22945,7.3895,0.2929,0.1349,0.9996,0.0139,0.165289,1.0,743571456.0,743571456.0,0.191489,22.5995,32710656.0,739246080.0,0.22,4.5896,160841775.9,738197504.0,0.220183,3.3076,223895424.0,740556800.0,0.192982,5.1466,143917056.0,740687872.0,0.226415,5.1732,142999552.0,739770368.0,C5,0.226415,C1,C1,C1
llama3,qmsum,5,rouge_l,16137,71346,8.5491,0.3307,0.1246,0.9975,0.0024,0.259542,1.0,1002438656.0,1002438656.0,0.216216,26.7006,37298176.0,995885056.0,0.252252,4.6275,215381056.9,996671488.0,0.273504,3.301,301969408.0,996802560.0,0.214286,6.7564,147456000.0,996278272.0,0.226415,6.7873,146669568.0,995491840.0,C3,0.273504,C3,C2,C2
llama3,qmsum,6,rouge_l,10011,41676,7.5453,0.2723,0.0959,0.9998,0.0142,0.253165,1.0,988020736.0,988020736.0,0.228571,35.7329,27598848.0,986185728.0,0.272727,4.6042,215132941.0,990511104.0,0.253165,3.3699,293187584.0,988020736.0,0.216867,7.0523,140247040.0,989069312.0,0.257143,7.1735,137494528.0,986316800.0,C2,0.272727,C5,C5,C1
llama3,qmsum,7,rouge_l,29990,143787,9.0664,0.3143,0.1189,0.9999,0.0028,0.327869,1.0,989069312.0,989069312.0,0.196721,31.2755,31662080.0,990248960.0,0.289855,4.621,214632139.6,991821824.0,0.327869,3.3615,294236160.0,989069312.0,0.347826,6.9304,143130624.0,991952896.0,0.294118,6.9687,142213120.0,991035392.0,C4,0.347826,C4,C4,C4
llama3,qmsum,8,rouge_l,18583,70557,7.8168,0.3149,0.0887,0.9932,0.0077,0.167742,1.0,1001259008.0,1001259008.0,0.180328,30.1881,32841728.0,991428608.0,0.198675,4.6163,216245462.5,998244352.0,0.197368,3.2773,305115136.0,999948288.0,0.177419,6.7513,147587072.0,996409344.0,0.234375,6.8659,144703488.0,993525760.0,C5,0.234375,C1,C1,C1
llama3,qmsum,9,rouge_l,13005,61340,8.4906,0.325,0.1366,0.9892,0.0021,0.280702,1.0,994705408.0,994705408.0,0.271845,29.617,33497088.0,992083968.0,0.309278,4.6224,214229648.9,990248960.0,0.280702,3.3171,299872256.0,994705408.0,0.277228,6.9358,142999552.0,991821824.0,0.267857,6.8448,145227776.0,994050048.0,C2,0.309278,C2,C1,C1
llama3,qmsum,10,rouge_l,10088,40796,7.2656,0.2594,0.0857,0.946,0.0161,0.191304,1.0,995360768.0,995360768.0,0.171429,11.4693,91561984.0,1050148864.0,0.247788,4.6001,216719165.2,996933632.0,0.178571,3.3212,299347968.0,994181120.0,0.18018,6.8659,144703488.0,993525760.0,0.206349,6.7667,147193856.0,996016128.0,C2,0.247788,C5,C5,C4
llama3,qmsum,11,rouge_l,11253,40990,7.5729,0.3031,0.0953,0.9817,0.0086,0.264151,1.0,994312192.0,994312192.0,0.176471,33.8602,29171712.0,987758592.0,0.275862,4.6146,216295839.5,998113280.0,0.293103,3.303,301707264.0,996540416.0,0.23301,6.7462,147718144.0,996540416.0,0.252427,6.7718,147062784.0,995885056.0,C3,0.293103,C2,C5,C5
llama3,qmsum,12,rouge_l,8231,32494,7.1375,0.2571,0.0858,0.986,0.0146,0.261538,1.0,1003225088.0,1003225088.0,0.204545,31.4014,31531008.0,990117888.0,0.263158,4.6033,216427109.2,996278272.0,0.204724,3.2695,306163712.0,1000996864.0,0.316667,6.6215,150994944.0,999817216.0,0.278261,6.6658,149815296.0,998637568.0,C4,0.316667,C5,C5,C5
llama3,qmsum,13,rouge_l,12531,52225,7.631,0.2842,0.106,0.9998,0.0152,0.269231,1.0,994443264.0,994443264.0,0.28,28.1308,35332096.0,993918976.0,0.29703,4.6099,215489941.3,993394688.0,0.228571,3.3131,300396544.0,995229696.0,0.183486,6.736,147980288.0,996802560.0,0.207547,6.7821,146800640.0,995622912.0,C2,0.29703,C1,C1,C1
llama3,qmsum,14,rouge_l,18413,66906,7.5093,0.282,0.0679,0.9921,0.0104,0.264151,1.0,997851136.0,997851136.0,0.236842,33.5675,29433856.0,988020736.0,0.247619,4.6103,216325115.0,997326848.0,0.222222,3.2822,304459776.0,999292928.0,0.208333,6.8395,145358848.0,994181120.0,0.271845,6.7108,148635648.0,997457920.0,C5,0.271845,C5,C5,C5
llama3,qmsum,15,rouge_l,13348,50567,6.8193,0.2331,0.07,0.9823,0.0187,0.208696,1.0,997457920.0,997457920.0,0.10101,28.6435,34676736.0,993263616.0,0.175439,4.5967,216593396.2,995622912.0,0.208696,3.296,302624768.0,997457920.0,0.155172,6.8237,145752064.0,994574336.0,0.188034,6.7616,147324928.0,996147200.0,C0,0.208696,C3,C3,C5
llama3,qmsum,16,rouge_l,25410,120528,9.0895,0.3251,0.1403,0.9999,0.003,0.21875,1.0,996933632.0,996933632.0,0.196078,30.6616,32317440.0,990904320.0,0.20339,4.6224,215448654.6,995885056.0,0.216216,3.3252,298823680.0,993656832.0,0.212121,6.6167,151126016.0,999948288.0,0.181818,6.6118,151257088.0,1000079360.0,C0,0.21875,C0,C4,C4
llama3,qmsum,17,rouge_l,12119,49902,7.5304,0.2706,0.089,0.9998,0.0134,0.305882,1.0,991166464.0,991166464.0,0.282051,32.4472,30482432.0,989069312.0,0.282051,4.606,214679370.1,988807168.0,0.305882,3.3448,296333312.0,991166464.0,0.263158,7.1037,139067392.0,987889664.0,0.205128,7.0808,139591680.0,988413952.0,C0,0.305882,C3,C3,C1
llama3,qmsum,18,rouge_l,18416,66930,7.5101,0.2821,0.068,0.9918,0.0104,0.222222,1.0,993918976.0,993918976.0,0.242424,30.9042,32055296.0,990642176.0,0.253165,4.6099,215318921.9,992608256.0,0.222222,3.3232,299085824.0,993918976.0,0.235294,7.0019,141426688.0,990248960.0,0.181818,6.9142,143523840.0,992346112.0,C2,0.253165,C1,C1,C1
llama3,qmsum,19,rouge_l,5220,20018,6.724,0.2514,0.1084,0.9814,0.0191,0.173077,1.0,702021632.0,702021632.0,0.114943,19.9203,34938880.0,695992320.0,0.12069,4.5803,153584803.8,703463424.0,0.149533,3.2187,218390048.0,702939136.0,0.215054,4.7387,147456000.0,698744832.0,0.156863,4.7221,148111360.0,699400192.0,C4,0.215054,C4,C4,C4
llama3,trec,0,classification,4956,22067,7.5377,0.316,0.2611,0.9997,0.0234,1.0,1.0,657850368.0,657850368.0,1.0,20.0349,32841728.0,657981440.0,1.0,4.589,143352244.0,657850368.0,1.0,3.3091,198837216.0,657981440.0,1.0,4.614,142606336.0,657981440.0,1.0,4.614,142606336.0,657981440.0,C0,1.0,C1,C1,C1
llama3,trec,1,classification,7145,31651,7.5619,0.3048,0.2321,0.9998,0.0244,0.0,1.0,944766976.0,944766976.0,0.0,28.7713,32841728.0,944898048.0,0.0,4.6072,205063645.4,944766976.0,0.0,3.3397,282926560.0,944898048.0,0.0,6.6259,142606336.0,944898048.0,0.0,6.6259,142606336.0,944898048.0,C0,0.0,C1,C1,C1
llama3,trec,2,classification,10958,48491,7.7814,0.3009,0.2111,0.9999,0.0241,0.0,1.0,991297536.0,991297536.0,0.0,30.1881,32841728.0,991428608.0,0.0,4.6129,214898655.8,991297536.0,0.0,3.3427,296595456.0,991428608.0,0.0,6.9522,142606336.0,991428608.0,0.0,6.9522,142606336.0,991428608.0,C0,0.0,C1,C1,C1
llama3,trec,3,classification,3338,14683,7.3828,0.3373,0.2846,0.9995,0.0236,1.0,1.0,445775872.0,445775872.0,1.0,13.5775,32841728.0,445906944.0,1.0,4.5677,97592243.9,445775872.0,1.0,3.2606,136756960.0,445906944.0,1.0,3.1268,142606336.0,445906944.0,1.0,3.1268,142606336.0,445906944.0,C0,1.0,C1,C1,C1
llama3,trec,4,classification,10064,44441,7.7338,0.3009,0.2204,0.9998,0.0242,0.0,1.0,991297536.0,991297536.0,0.0,30.1881,32841728.0,991428608.0,0.0,4.6131,214885511.2,991297536.0,0.0,3.3427,296595456.0,991428608.0,0.0,6.9522,142606336.0,991428608.0,0.0,6.9522,142606336.0,991428608.0,C0,0.0,C1,C1,C1
llama3,trec,5,classification,4316,18986,7.3006,0.309,0.2477,0.9996,0.0249,1.0,1.0,573964288.0,573964288.0,1.0,17.4807,32841728.0,574095360.0,1.0,4.5774,125390598.6,573964288.0,1.0,3.2947,174248320.0,574095360.0,1.0,4.0257,142606336.0,574095360.0,1.0,4.0257,142606336.0,574095360.0,C0,1.0,C1,C1,C1
llama3,trec,6,classification,2849,12633,7.3902,0.3374,0.2945,0.9994,0.0237,0.0,1.0,381681664.0,381681664.0,0.0,11.6258,32841728.0,381812736.0,0.0,4.5614,83676683.5,381681664.0,0.0,3.2372,117945920.0,381812736.0,0.0,2.6774,142606336.0,381812736.0,0.0,2.6774,142606336.0,381812736.0,C0,0.0,C1,C1,C1
llama3,trec,7,classification,9179,40923,7.6677,0.2964,0.2221,0.9998,0.024,1.0,1.0,991297536.0,991297536.0,1.0,30.1881,32841728.0,991428608.0,1.0,4.6113,214970569.5,991297536.0,1.0,3.3427,296595456.0,991428608.0,1.0,6.9522,142606336.0,991428608.0,1.0,6.9522,142606336.0,991428608.0,C0,1.0,C1,C1,C1
llama3,trec,8,classification,10565,46752,7.8126,0.3025,0.2216,0.9999,0.0238,1.0,1.0,991297536.0,991297536.0,1.0,30.1881,32841728.0,991428608.0,1.0,4.6125,214916102.4,991297536.0,1.0,3.3427,296595456.0,991428608.0,1.0,6.9522,142606336.0,991428608.0,1.0,6.9522,142606336.0,991428608.0,C0,1.0,C1,C1,C1
llama3,trec,9,classification,7817,34486,7.6659,0.3026,0.2318,0.9998,0.0239,1.0,1.0,991297536.0,991297536.0,1.0,30.1881,32841728.0,991428608.0,1.0,4.6134,214875779.9,991297536.0,1.0,3.3427,296595456.0,991428608.0,1.0,6.9522,142606336.0,991428608.0,1.0,6.9522,142606336.0,991428608.0,C0,1.0,C1,C1,C1
llama3,trec,10,classification,11030,48978,7.89,0.304,0.2194,0.9999,0.0231,1.0,1.0,991297536.0,991297536.0,1.0,30.1881,32841728.0,991428608.0,1.0,4.6121,214936104.9,991297536.0,1.0,3.3427,296595456.0,991428608.0,1.0,6.9522,142606336.0,991428608.0,1.0,6.9522,142606336.0,991428608.0,C0,1.0,C1,C1,C1
llama3,trec,11,classification,10282,45731,7.8247,0.3034,0.2211,0.9998,0.0235,1.0,1.0,991297536.0,991297536.0,1.0,35.4061,27860992.0,986447872.0,1.0,4.6121,214933247.4,991297536.0,1.0,3.3427,296595456.0,991428608.0,1.0,6.9522,142606336.0,991428608.0,1.0,6.9522,142606336.0,991428608.0,C0,1.0,C1,C1,C1
llama3,trec,12,classification,2774,12440,7.2091,0.3334,0.287,0.9994,0.0239,0.0,1.0,371851264.0,371851264.0,0.0,11.3265,32841728.0,371982336.0,0.0,4.5563,81611767.9,371851264.0,0.0,3.2343,115010112.0,371982336.0,0.0,2.6085,142606336.0,371982336.0,0.0,2.6085,142606336.0,371982336.0,C0,0.0,C1,C1,C1
llama3,trec,13,classification,10041,44636,7.7657,0.3005,0.2226,0.9998,0.0237,0.0,1.0,991297536.0,991297536.0,0.0,30.1881,32841728.0,991428608.0,0.0,4.6115,214963536.9,991297536.0,0.0,3.3427,296595456.0,991428608.0,0.0,6.9522,142606336.0,991428608.0,0.0,6.9522,142606336.0,991428608.0,C0,0.0,C1,C1,C1
llama3,trec,14,classification,8470,37582,7.6394,0.3041,0.2262,0.9998,0.0242,1.0,1.0,991297536.0,991297536.0,0.0,30.1881,32841728.0,991428608.0,1.0,4.6116,214957123.4,991297536.0,1.0,3.3427,296595456.0,991428608.0,1.0,6.9522,142606336.0,991428608.0,1.0,6.9522,142606336.0,991428608.0,C0,1.0,C4,C4,C4
llama3,trec,15,classification,8883,39237,7.6557,0.3005,0.2194,0.9998,0.024,1.0,1.0,991297536.0,991297536.0,1.0,30.1881,32841728.0,991428608.0,1.0,4.6112,214977538.6,991297536.0,1.0,3.3427,296595456.0,991428608.0,1.0,6.9522,142606336.0,991428608.0,1.0,6.9522,142606336.0,991428608.0,C0,1.0,C1,C1,C1
llama3,trec,16,classification,8850,39057,7.7049,0.3051,0.2243,0.9998,0.0238,1.0,1.0,991297536.0,991297536.0,0.0,30.1881,32841728.0,991428608.0,1.0,4.6128,214902703.9,991297536.0,1.0,3.3427,296595456.0,991428608.0,1.0,6.9522,142606336.0,991428608.0,1.0,6.9522,142606336.0,991428608.0,C0,1.0,C4,C4,C4
llama3,trec,17,classification,6265,27941,7.6663,0.3159,0.2496,0.9997,0.0237,1.0,1.0,829423616.0,829423616.0,1.0,25.2592,32841728.0,829554688.0,1.0,4.6004,180293975.1,829423616.0,1.0,3.3302,249100224.0,829554688.0,1.0,5.8171,142606336.0,829554688.0,1.0,5.8171,142606336.0,829554688.0,C0,1.0,C1,C1,C1
llama3,trec,18,classification,5991,26687,7.5822,0.3149,0.2495,0.9997,0.0241,1.0,1.0,793509888.0,793509888.0,1.0,24.1656,32841728.0,793640960.0,1.0,4.599,172541213.9,793509888.0,1.0,3.3264,238591360.0,793640960.0,1.0,5.5653,142606336.0,793640960.0,1.0,5.5653,142606336.0,793640960.0,C0,1.0,C1,C1,C1
llama3,trec,19,classification,11176,49551,7.73,0.2964,0.211,0.9999,0.0241,1.0,1.0,991297536.0,991297536.0,0.0,30.1881,32841728.0,991428608.0,1.0,4.6129,214896465.0,991297536.0,1.0,3.3427,296595456.0,991428608.0,1.0,6.9522,142606336.0,991428608.0,1.0,6.9522,142606336.0,991428608.0,C0,1.0,C4,C4,C4
llama3,triviaqa,0,qa_f1,5506,23489,9.3091,0.4315,0.3482,0.9711,0.0139,1.0,1.0,725745664.0,725745664.0,1.0,25.3383,28647424.0,725876736.0,1.0,4.6022,157694440.6,725745664.0,1.0,3.3626,215866336.0,725876736.0,1.0,5.2443,138412032.0,725876736.0,1.0,5.2443,138412032.0,725876736.0,C0,1.0,C1,C1,C1
llama3,triviaqa,1,qa_f1,20031,85780,10.2352,0.4154,0.2659,0.9999,0.012,1.0,1.0,987103232.0,987103232.0,1.0,34.4615,28647424.0,987234304.0,1.0,4.6302,213188368.0,987103232.0,1.0,3.3763,292401152.0,987234304.0,1.0,7.1326,138412032.0,987234304.0,1.0,7.1326,138412032.0,987234304.0,C0,1.0,C1,C1,C1
llama3,triviaqa,2,qa_f1,12920,55689,9.8841,0.4137,0.2892,0.9998,0.0096,1.0,1.0,987103232.0,987103232.0,1.0,34.4615,28647424.0,987234304.0,1.0,4.6181,213748628.5,987103232.0,1.0,3.3763,292401152.0,987234304.0,1.0,7.1326,138412032.0,987234304.0,1.0,7.1326,138412032.0,987234304.0,C0,1.0,C1,C1,C1
llama3,triviaqa,3,qa_f1,11013,47493,9.7234,0.4216,0.2947,0.9998,0.0106,0.666667,1.0,987103232.0,987103232.0,0.666667,34.4615,28647424.0,987234304.0,0.4,4.6174,213779521.2,987103232.0,0.666667,3.3763,292401152.0,987234304.0,0.666667,7.1326,138412032.0,987234304.0,0.666667,7.1326,138412032.0,987234304.0,C0,0.666667,C1,C1,C1
llama3,triviaqa,4,qa_f1,8326,36757,9.7764,0.4334,0.347,0.9997,0.0094,1.0,1.0,987103232.0,987103232.0,1.0,34.4615,28647424.0,987234304.0,1.0,4.6167,213810810.9,987103232.0,1.0,3.3763,292401152.0,987234304.0,1.0,7.1326,138412032.0,987234304.0,1.0,7.1326,138412032.0,987234304.0,C0,1.0,C1,C1,C1
llama3,triviaqa,5,qa_f1,10453,44556,9.8651,0.4275,0.3041,0.9998,0.0077,1.0,1.0,987103232.0,987103232.0,1.0,34.4615,28647424.0,987234304.0,1.0,4.6223,213551349.9,987103232.0,1.0,3.3763,292401152.0,987234304.0,1.0,7.1326,138412032.0,987234304.0,1.0,7.1326,138412032.0,987234304.0,C0,1.0,C1,C1,C1
llama3,triviaqa,6,qa_f1,10376,40413,9.6745,0.4218,0.2876,0.9998,0.0199,1.0,1.0,987103232.0,987103232.0,1.0,34.4615,28647424.0,987234304.0,1.0,4.6172,213787173.0,987103232.0,1.0,3.3763,292401152.0,987234304.0,1.0,7.1326,138412032.0,987234304.0,1.0,7.1326,138412032.0,987234304.0,C0,1.0,C1,C1,C1
llama3,triviaqa,7,qa_f1,11311,47275,9.8567,0.4253,0.302,0.9998,0.0141,0.444444,1.0,984612864.0,984612864.0,0.333333,36.5777,26943488.0,985530368.0,0.5,4.6253,213414888.4,987103232.0,0.333333,3.3935,290304000.0,985137152.0,0.4,7.2389,136052736.0,984875008.0,0.444444,7.251,135790592.0,984612864.0,C2,0.5,C5,C5,C5
llama3,triviaqa,8,qa_f1,7724,31840,9.5544,0.4356,0.322,0.9997,0.0109,1.0,1.0,987103232.0,987103232.0,1.0,34.4615,28647424.0,987234304.0,1.0,4.6234,213503232.8,987103232.0,1.0,3.3763,292401152.0,987234304.0,1.0,7.1326,138412032.0,987234304.0,1.0,7.1326,138412032.0,987234304.0,C0,1.0,C1,C1,C1
llama3,triviaqa,9,qa_f1,4342,16034,8.659,0.4387,0.3194,0.9994,0.0158,1.0,1.0,573177856.0,573177856.0,1.0,20.0126,28647424.0,573308928.0,1.0,4.5842,125033635.4,573177856.0,1.0,3.3522,171026240.0,573308928.0,1.0,4.142,138412032.0,573308928.0,1.0,4.142,138412032.0,573308928.0,C0,1.0,C1,C1,C1
llama3,triviaqa,10,qa_f1,18145,76648,10.0678,0.4129,0.2681,0.9999,0.0121,1.0,1.0,987103232.0,987103232.0,1.0,34.4615,28647424.0,987234304.0,1.0,4.6201,213655489.9,987103232.0,1.0,3.3763,292401152.0,987234304.0,1.0,7.1326,138412032.0,987234304.0,1.0,7.1326,138412032.0,987234304.0,C0,1.0,C1,C1,C1
llama3,triviaqa,11,qa_f1,11796,51154,9.8023,0.4091,0.292,0.9998,0.0106,1.0,1.0,987103232.0,987103232.0,1.0,34.4615,28647424.0,987234304.0,1.0,4.6144,213919141.9,987103232.0,1.0,3.3763,292401152.0,987234304.0,1.0,7.1326,138412032.0,987234304.0,1.0,7.1326,138412032.0,987234304.0,C0,1.0,C1,C1,C1
llama3,triviaqa,12,qa_f1,19728,83538,10.0535,0.4093,0.2526,0.9999,0.0121,1.0,1.0,987103232.0,987103232.0,1.0,34.4615,28647424.0,987234304.0,1.0,4.6178,213760741.1,987103232.0,1.0,3.3763,292401152.0,987234304.0,1.0,7.1326,138412032.0,987234304.0,1.0,7.1326,138412032.0,987234304.0,C0,1.0,C1,C1,C1
llama3,triviaqa,13,qa_f1,3265,14180,9.0301,0.4352,0.3807,0.9993,0.0136,1.0,1.0,432013312.0,432013312.0,1.0,15.215,28385280.0,431882240.0,1.0,4.5702,94527864.1,432013312.0,1.0,3.3318,129701824.0,432144384.0,1.0,3.1222,138412032.0,432144384.0,1.0,3.1222,138412032.0,432144384.0,C0,1.0,C1,C1,C1
llama3,triviaqa,14,qa_f1,20796,87722,10.1281,0.4156,0.2575,0.9999,0.0102,1.0,1.0,983695360.0,983695360.0,1.0,39.1778,25108480.0,983695360.0,1.0,4.6259,212649970.8,983695360.0,1.0,3.4054,288862208.0,983695360.0,1.0,7.2935,134873088.0,983695360.0,1.0,7.2935,134873088.0,983695360.0,C0,1.0,C1,C1,C1
llama3,triviaqa,15,qa_f1,4908,22747,9.2835,0.4253,0.3775,0.9996,0.0079,1.0,1.0,647364608.0,647364608.0,1.0,22.6022,28647424.0,647495680.0,1.0,4.5929,140948488.8,647364608.0,1.0,3.3575,192848064.0,647495680.0,1.0,4.678,138412032.0,647495680.0,1.0,4.678,138412032.0,647495680.0,C0,1.0,C1,C1,C1
llama3,triviaqa,16,qa_f1,10231,42226,9.7102,0.4236,0.2923,0.9998,0.0109,1.0,1.0,987103232.0,987103232.0,1.0,34.4615,28647424.0,987234304.0,1.0,4.6195,213681334.4,987103232.0,1.0,3.3763,292401152.0,987234304.0,1.0,7.1326,138412032.0,987234304.0,1.0,7.1326,138412032.0,987234304.0,C0,1.0,C1,C1,C1
llama3,triviaqa,17,qa_f1,13960,57722,9.8074,0.3969,0.2583,0.9998,0.0128,1.0,1.0,987103232.0,987103232.0,1.0,34.4615,28647424.0,987234304.0,1.0,4.6198,213665888.0,987103232.0,1.0,3.3763,292401152.0,987234304.0,1.0,7.1326,138412032.0,987234304.0,1.0,7.1326,138412032.0,987234304.0,C0,1.0,C1,C1,C1
llama3,triviaqa,18,qa_f1,14332,61082,9.9033,0.4151,0.2787,0.9998,0.0104,1.0,1.0,987103232.0,987103232.0,1.0,34.4615,28647424.0,987234304.0,1.0,4.6179,213758058.2,987103232.0,1.0,3.3763,292401152.0,987234304.0,1.0,7.1326,138412032.0,987234304.0,1.0,7.1326,138412032.0,987234304.0,C0,1.0,C1,C1,C1
llama3,triviaqa,19,qa_f1,8168,35421,9.6464,0.4262,0.3249,0.9997,0.0103,1.0,1.0,987103232.0,987103232.0,1.0,34.4615,28647424.0,987234304.0,1.0,4.6179,213754470.5,987103232.0,1.0,3.3763,292401152.0,987234304.0,1.0,7.1326,138412032.0,987234304.0,1.0,7.1326,138412032.0,987234304.0,C0,1.0,C1,C1,C1
llama32_3b,2wikimqa,0,qa_f1,7070,28692,9.2384,0.4218,0.2836,0.9997,0.0066,0.0,1.0,816119808.0,816119808.0,0.0,37.458,21766144.0,815316992.0,0.0,4.6663,174897577.9,816119808.0,0.0,3.398,240173276.0,816119808.0,0.0,6.8359,119504896.0,816922624.0,0.0,6.8359,119504896.0,816922624.0,C0,0.0,C1,C1,C1
llama32_3b,2wikimqa,1,qa_f1,14710,62672,9.5357,0.3981,0.2328,0.9999,0.0057,1.0,1.0,860848128.0,860848128.0,1.0,39.1374,21995520.0,860848128.0,1.0,4.671,184295368.9,860848128.0,1.0,3.4043,252869120.0,860848128.0,1.0,7.2874,118128640.0,860848128.0,1.0,7.2874,118128640.0,860848128.0,C0,1.0,C1,C1,C1
llama32_3b,2wikimqa,2,qa_f1,4009,17129,8.6992,0.4018,0.3173,0.9995,0.0109,0.0,1.0,464027648.0,464027648.0,0.0,21.5458,21536768.0,464027648.0,0.0,4.6389,100029999.5,464027648.0,0.0,3.4063,136226972.0,464027648.0,0.0,3.9435,117669888.0,464027648.0,0.0,3.9435,117669888.0,464027648.0,C0,0.0,C1,C1,C1
llama32_3b,2wikimqa,3,qa_f1,6890,26490,8.6988,0.3843,0.2244,0.9997,0.008,0.181818,1.0,794787840.0,794787840.0,0.0,36.5096,21766144.0,794673152.0,0.181818,4.6554,170724777.2,794787840.0,0.181818,3.4041,233480576.0,794787840.0,0.181818,6.7347,118013952.0,794787840.0,0.181818,6.7347,118013952.0,794787840.0,C0,0.181818,C4,C4,C4
llama32_3b,2wikimqa,4,qa_f1,7010,30077,9.1558,0.4025,0.2845,0.9997,0.0051,0.0,1.0,808206336.0,808206336.0,0.0,37.5268,21536768.0,808206336.0,0.0,4.6544,173643441.2,808206336.0,0.0,3.4076,237177892.0,808206336.0,0.0,6.8684,117669888.0,808206336.0,0.0,6.8684,117669888.0,808206336.0,C0,0.0,C1,C1,C1
llama32_3b,2wikimqa,5,qa_f1,14559,63474,9.451,0.3858,0.2337,0.9999,0.0045,0.0,1.0,862453760.0,862453760.0,0.0,36.5429,23601152.0,862453760.0,0.0,4.6606,184955549.0,861995008.0,0.0,3.3892,254474752.0,862453760.0,0.0,7.2031,119734272.0,862453760.0,0.0,7.2031,119734272.0,862453760.0,C0,0.0,C1,C1,C1
llama32_3b,2wikimqa,6,qa_f1,10916,48092,9.3894,0.403,0.2615,0.9998,0.0044,1.0,1.0,860618752.0,860618752.0,0.0,39.5393,21766144.0,860618752.0,1.0,4.6641,184518990.0,860618752.0,1.0,3.4065,252639744.0,860618752.0,1.0,7.2996,117899264.0,860618752.0,1.0,7.2996,117899264.0,860618752.0,C0,1.0,C4,C4,C4
llama32_3b,2wikimqa,7,qa_f1,6227,26363,8.9573,0.3937,0.2685,0.9997,0.0077,0.0,1.0,718979072.0,718979072.0,0.0,33.1858,21651456.0,718520320.0,0.0,4.6615,154236824.6,718979072.0,0.0,3.4022,211327228.0,718979072.0,0.0,6.1003,117784576.0,718520320.0,0.0,6.0805,118243328.0,718979072.0,C0,0.0,C1,C1,C1
llama32_3b,2wikimqa,8,qa_f1,5479,22599,9.1511,0.4226,0.3209,0.9996,0.0102,0.0,1.0,632619008.0,632619008.0,0.0,29.3739,21536768.0,632619008.0,0.0,4.6476,136118128.9,632619008.0,0.0,3.4066,185704204.0,632619008.0,0.0,5.3762,117669888.0,632619008.0,0.0,5.3762,117669888.0,632619008.0,C0,0.0,C1,C1,C1
llama32_3b,2wikimqa,9,qa_f1,8532,36479,9.5704,0.4232,0.3131,0.9998,0.0089,1.0,1.0,860848128.0,860848128.0,1.0,39.1374,21995520.0,860848128.0,1.0,4.6679,184417019.0,860848128.0,1.0,3.4043,252869120.0,860848128.0,1.0,7.2874,118128640.0,860848128.0,1.0,7.2874,118128640.0,860848128.0,C0,1.0,C1,C1,C1
llama32_3b,2wikimqa,10,qa_f1,6391,26415,9.4373,0.4482,0.3472,0.9997,0.0083,1.0,1.0,737558528.0,737558528.0,0.0,34.0545,21651456.0,737329152.0,1.0,4.6615,158222481.9,737558528.0,1.0,3.4037,216693512.0,737558528.0,1.0,6.2498,118013952.0,737558528.0,1.0,6.2498,118013952.0,737558528.0,C0,1.0,C4,C4,C4
llama32_3b,2wikimqa,11,qa_f1,6360,24808,9.2092,0.3527,0.2704,0.9996,0.0123,1.0,1.0,733773824.0,733773824.0,1.0,33.8903,21651456.0,733773824.0,1.0,4.6432,158032118.5,733773824.0,1.0,3.4076,215335204.0,733773824.0,1.0,6.2298,117784576.0,733773824.0,1.0,6.2298,117784576.0,733773824.0,C0,1.0,C1,C1,C1
llama32_3b,2wikimqa,12,qa_f1,3984,16191,9.0796,0.4612,0.3898,0.9994,0.0146,0.8,1.0,461275136.0,461275136.0,0.8,21.3046,21651456.0,461275136.0,0.8,4.6348,99523276.5,461275136.0,0.8,3.4037,135523612.0,461275136.0,0.8,3.9163,117784576.0,461275136.0,0.8,3.9163,117784576.0,461275136.0,C0,0.8,C1,C1,C1
llama32_3b,2wikimqa,13,qa_f1,13857,59643,9.3056,0.3694,0.2105,0.9998,0.005,1.0,1.0,860389376.0,860389376.0,1.0,39.9498,21536768.0,860389376.0,1.0,4.6684,184302238.6,860389376.0,1.0,3.4087,252410368.0,860389376.0,1.0,7.3119,117669888.0,860389376.0,1.0,7.3119,117669888.0,860389376.0,C0,1.0,C1,C1,C1
llama32_3b,2wikimqa,14,qa_f1,5994,22292,9.2193,0.4388,0.2995,0.9996,0.0082,0.5,1.0,691912704.0,691912704.0,0.5,31.7885,21766144.0,691912704.0,0.5,4.6361,149243084.1,691912704.0,0.5,3.4043,203244244.0,691912704.0,0.5,5.8687,117899264.0,691912704.0,0.5,5.8687,117899264.0,691912704.0,C0,0.5,C1,C1,C1
llama32_3b,2wikimqa,15,qa_f1,5071,20096,7.9043,0.3382,0.2041,0.9996,0.0043,0.333333,1.0,585940992.0,585940992.0,0.333333,26.7892,21880832.0,586170368.0,0.333333,4.6415,126239430.9,585940992.0,0.333333,3.4064,172009572.0,585940992.0,0.333333,4.9747,117784576.0,585940992.0,0.333333,4.9747,117784576.0,585940992.0,C0,0.333333,C1,C1,C1
llama32_3b,2wikimqa,16,qa_f1,14271,61863,9.4106,0.3833,0.231,0.9999,0.0047,0.0,1.0,862453760.0,862453760.0,0.0,36.5429,23601152.0,862453760.0,0.0,4.6622,184888318.4,861995008.0,0.0,3.3924,254130688.0,862109696.0,0.0,7.209,119619584.0,862339072.0,0.0,7.209,119619584.0,862339072.0,C0,0.0,C1,C1,C1
llama32_3b,2wikimqa,17,qa_f1,5211,22652,9.2454,0.4276,0.3514,0.9996,0.0079,0.0,1.0,602456064.0,602456064.0,0.0,27.9467,21536768.0,601882624.0,0.0,4.6508,129539372.7,602456064.0,0.0,3.4006,177164204.0,602456064.0,0.0,5.0951,118243328.0,602456064.0,0.0,5.0951,118243328.0,602456064.0,C0,0.0,C1,C1,C1
llama32_3b,2wikimqa,18,qa_f1,5788,24101,9.2209,0.4376,0.343,0.9996,0.0093,0.666667,1.0,668516352.0,668516352.0,0.0,30.8604,21651456.0,668172288.0,0.666667,4.6499,143769729.4,668516352.0,0.666667,3.4021,196503664.0,668516352.0,0.666667,5.6592,118128640.0,668516352.0,0.666667,5.6592,118128640.0,668516352.0,C0,0.666667,C4,C4,C4
llama32_3b,2wikimqa,19,qa_f1,9035,36831,9.3129,0.4129,0.2614,0.9998,0.0094,1.0,1.0,860618752.0,860618752.0,1.0,39.5393,21766144.0,860618752.0,1.0,4.6582,184752574.8,860618752.0,1.0,3.4065,252639744.0,860618752.0,1.0,7.2996,117899264.0,860618752.0,1.0,7.2996,117899264.0,860618752.0,C0,1.0,C1,C1,C1
llama32_3b,gov_report,0,rouge_l,10697,53640,8.4731,0.283,0.1465,0.6293,0.0001,0.413462,1.0,918192128.0,918192128.0,0.104839,11.482,80027648.0,918880256.0,0.394015,4.649,196714054.4,914522112.0,0.414458,2.9606,310098432.0,918077440.0,0.263291,5.2161,176160768.0,918880256.0,0.315789,5.2161,176160768.0,918880256.0,C3,0.414458,C3,C2,C2
llama32_3b,gov_report,1,rouge_l,18663,92252,9.0928,0.3043,0.1485,0.9202,0.0001,0.589744,1.0,918765568.0,918765568.0,0.216216,12.7444,71426048.0,910278656.0,0.463215,4.6542,197407008.5,918765568.0,0.534704,2.9555,310901248.0,918880256.0,0.307229,5.3231,171802624.0,914522112.0,0.288043,5.2161,176160768.0,918880256.0,C0,0.589744,C0,C0,C3
llama32_3b,gov_report,2,rouge_l,7737,38930,8.184,0.2741,0.1638,,0.0002,0.558559,1.0,918765568.0,918765568.0,0.050725,11.482,80027648.0,918880256.0,0.355556,4.6554,195234719.8,908902400.0,0.353982,2.9555,310901248.0,918880256.0,0.281167,5.2161,176160768.0,918880256.0,0.28642,5.3639,170196992.0,912916480.0,C0,0.558559,C0,C0,C0
llama32_3b,gov_report,3,rouge_l,2656,13938,8.2162,0.3637,0.2925,,0.0005,0.401487,1.0,366542848.0,366542848.0,0.248521,5.0421,71081984.0,358400000.0,0.382812,4.618,77634156.5,358514688.0,0.369128,2.4605,149298128.0,367345664.0,0.280303,2.1449,166985728.0,358170624.0,0.307116,2.1706,163315712.0,354500608.0,C0,0.401487,C0,C2,C2
llama32_3b,gov_report,4,rouge_l,13262,65941,8.8999,0.3124,0.1706,0.6288,0.0001,0.33652,1.0,918765568.0,918765568.0,0.152577,11.482,80027648.0,918880256.0,0.315789,4.6647,196001066.4,914292736.0,0.240816,3.0059,303102464.0,911081472.0,0.255319,5.3434,170999808.0,913719296.0,0.231626,5.5897,161824768.0,904544256.0,C0,0.33652,C0,C0,C2
llama32_3b,gov_report,5,rouge_l,8962,43358,8.4292,0.2968,0.1599,,0.0002,0.340426,1.0,912572416.0,912572416.0,0.258621,12.688,71770112.0,910622720.0,0.420792,4.6618,196173844.0,914522112.0,0.413598,3.0351,298744320.0,906723328.0,0.271739,5.2161,176160768.0,918880256.0,0.290503,5.2161,176160768.0,918880256.0,C2,0.420792,C2,C2,C2
llama32_3b,gov_report,6,rouge_l,8151,46529,8.5585,0.2849,0.1759,0.8959,0.0002,0.353684,1.0,909934592.0,909934592.0,0.140704,16.4053,54452224.0,893304832.0,0.38193,4.6657,195494289.0,912113664.0,0.355556,3.0847,291633664.0,899612672.0,0.266355,5.7864,155172864.0,897892352.0,0.298851,5.659,159416320.0,902135808.0,C2,0.38193,C2,C2,C2
llama32_3b,gov_report,7,rouge_l,6381,34367,8.2872,0.29,0.1783,,0.0002,0.342308,1.0,789970944.0,789970944.0,0.13986,14.4624,53075968.0,767606784.0,0.346516,4.6473,169615496.5,788250624.0,0.318182,2.9209,270728528.0,790773760.0,0.2249,4.8214,161824768.0,780222464.0,0.224066,4.5803,172720128.0,791117824.0,C2,0.346516,C2,C2,C2
llama32_3b,gov_report,8,rouge_l,2810,14349,7.8916,0.3348,0.2456,,0.0005,0.427928,1.0,370442240.0,370442240.0,0.212346,5.3609,69935104.0,374915072.0,0.397436,4.6102,80327674.8,370327552.0,0.394558,2.694,136101924.0,366657536.0,0.324201,2.3215,158040064.0,366886912.0,0.310905,2.3449,155287552.0,364134400.0,C0,0.427928,C0,C0,C2
llama32_3b,gov_report,9,rouge_l,20394,102565,8.8963,0.2931,0.1259,,0.0001,0.247734,1.0,911884288.0,911884288.0,0.195759,11.5425,79568896.0,918421504.0,0.233533,4.6558,195541204.0,910393344.0,0.274809,2.993,305052160.0,913031168.0,0.191199,5.2216,175931392.0,918650880.0,0.190769,5.3727,169852928.0,912572416.0,C3,0.274809,C3,C3,C2
llama32_3b,gov_report,10,rouge_l,6081,32826,8.5808,0.3445,0.2529,0.2857,0.0002,0.277027,1.0,756711424.0,756711424.0,0.216216,12.453,59383808.0,739508224.0,0.248366,4.6542,160615676.2,747536384.0,0.245283,2.9776,250704720.0,746504192.0,0.229391,4.6554,159760384.0,743751680.0,0.245487,4.9109,149323776.0,733315072.0,C0,0.277027,C0,C0,C0
llama32_3b,gov_report,11,rouge_l,4186,19201,8.1371,0.3423,0.2121,,0.0004,0.34902,1.0,542703616.0,542703616.0,0.237069,8.0326,65806336.0,528596992.0,0.342268,4.6373,116115778.4,538460160.0,0.351562,2.7086,200280108.0,542474240.0,0.27234,3.0978,174784512.0,541442048.0,0.245161,3.231,164347904.0,531005440.0,C3,0.351562,C3,C2,C2
llama32_3b,gov_report,12,rouge_l,6736,38155,8.6379,0.3184,0.2199,,0.0002,0.334842,1.0,822427648.0,822427648.0,0.128852,13.7673,59154432.0,814399488.0,0.316038,4.6525,174922274.6,813826048.0,0.274699,3.0721,264912172.0,813826048.0,0.232227,5.1316,159531008.0,818642944.0,0.2,4.9854,165380096.0,824492032.0,C0,0.334842,C0,C0,C2
llama32_3b,gov_report,13,rouge_l,4632,24989,8.109,0.3122,0.2118,,0.0003,0.337182,1.0,580780032.0,580780032.0,0.191257,9.2865,62021632.0,575963136.0,0.297968,4.6299,125911990.1,582959104.0,0.37123,2.8907,200079320.0,578371584.0,0.30303,3.3795,175587328.0,593395712.0,0.241458,3.4682,169279488.0,587087872.0,C3,0.37123,C3,C3,C3
llama32_3b,gov_report,14,rouge_l,5712,27046,8.6594,0.3681,0.2509,0.9979,0.0003,0.334012,1.0,717717504.0,717717504.0,0.12,11.3218,61792256.0,699596800.0,0.285714,4.6534,154235150.4,717717504.0,0.345924,2.8493,251934004.0,717832192.0,0.211864,4.0749,176160768.0,717832192.0,0.257642,4.0749,176160768.0,717832192.0,C3,0.345924,C3,C3,C3
llama32_3b,gov_report,15,rouge_l,5718,30185,8.7252,0.3677,0.2854,0.993,0.0002,0.235294,1.0,700858368.0,700858368.0,0.259109,8.9784,80027648.0,718520320.0,0.282759,4.6432,150252746.0,697647104.0,0.286667,2.9872,234697932.0,701087744.0,0.212625,4.1548,171917312.0,714276864.0,0.244444,4.3047,164118528.0,706478080.0,C3,0.286667,C1,C1,C1
llama32_3b,gov_report,16,rouge_l,4218,22425,8.4086,0.3415,0.275,0.9084,0.0003,0.339623,1.0,535822336.0,535822336.0,0.247273,7.9078,67526656.0,533987328.0,0.32493,4.6363,116980818.4,542359552.0,0.336842,2.7727,194446028.0,539148288.0,0.246499,3.1818,169738240.0,540065792.0,0.343164,3.1384,173178880.0,543506432.0,C5,0.343164,C5,C2,C2
llama32_3b,gov_report,17,rouge_l,18156,95443,8.6124,0.2647,0.1212,0.949,0.0001,0.284337,1.0,900644864.0,900644864.0,0.180095,14.1839,63627264.0,902479872.0,0.296296,4.6472,195827510.5,910049280.0,0.267943,3.0766,292780544.0,900759552.0,0.240437,5.6996,158040064.0,900759552.0,0.25641,5.5414,163545088.0,906264576.0,C2,0.296296,C2,C2,C5
llama32_3b,gov_report,18,rouge_l,4627,22492,8.203,0.3152,0.2083,,0.0003,0.428198,1.0,593281024.0,593281024.0,0.350282,7.4149,80027648.0,593395712.0,0.430108,4.6468,126440430.8,587546624.0,0.458438,2.7534,215513340.0,593395712.0,0.338983,3.3685,176160768.0,593395712.0,0.341176,3.3809,175243264.0,592478208.0,C3,0.458438,C2,C2,C2
llama32_3b,gov_report,19,rouge_l,2818,15225,8.2116,0.3663,0.3034,,0.0005,0.335329,1.0,370556928.0,370556928.0,0.166667,6.4905,55713792.0,361611264.0,0.278119,4.6163,80569663.9,371933184.0,0.359465,2.6051,144047820.0,375259136.0,0.233051,2.2972,161710080.0,371474432.0,0.23382,2.3215,158728192.0,368492544.0,C3,0.359465,C3,C3,C3
llama32_3b,hotpotqa,0,qa_f1,11345,54414,9.3786,0.3765,0.2538,0.9998,0.0039,0.333333,1.0,860848128.0,860848128.0,0.333333,39.1374,21995520.0,860848128.0,0.333333,4.6678,184420860.8,860848128.0,0.333333,3.4043,252869120.0,860848128.0,0.333333,7.2874,118128640.0,860848128.0,0.333333,7.2874,118128640.0,860848128.0,C0,0.333333,C1,C1,C1
llama32_3b,hotpotqa,1,qa_f1,16253,72455,9.3354,0.3635,0.2117,0.9999,0.003,0.0,1.0,862683136.0,862683136.0,0.0,37.9805,22683648.0,861536256.0,0.0,4.6717,184415572.6,861536256.0,0.0,3.387,254704128.0,862683136.0,0.0,7.1853,120078336.0,862797824.0,0.0,7.1853,120078336.0,862797824.0,C0,0.0,C1,C1,C1
llama32_3b,hotpotqa,2,qa_f1,11033,48472,9.5235,0.4002,0.2607,0.9998,0.0059,0.4,1.0,860618752.0,860618752.0,0.4,39.7435,21651456.0,860504064.0,1.0,4.6525,184978936.4,860618752.0,0.4,3.4065,252639744.0,860618752.0,0.4,7.2996,117899264.0,860618752.0,0.4,7.2996,117899264.0,860618752.0,C2,1.0,C1,C1,C1
llama32_3b,hotpotqa,3,qa_f1,16339,77553,9.7124,0.3832,0.2529,0.9999,0.0046,0.0,1.0,860504064.0,860504064.0,0.0,39.7435,21651456.0,860504064.0,0.0,4.6632,184529700.6,860504064.0,0.0,3.4076,252525056.0,860504064.0,0.0,7.3057,117784576.0,860504064.0,0.0,7.3057,117784576.0,860504064.0,C0,0.0,C1,C1,C1
llama32_3b,hotpotqa,4,qa_f1,16243,80361,8.8794,0.2523,0.1606,0.9999,0.0402,0.0,1.0,862224384.0,862224384.0,0.0,37.6103,22913024.0,861765632.0,0.0,4.6661,184734711.9,861995008.0,0.0,3.3913,254245376.0,862224384.0,0.0,7.215,119504896.0,862224384.0,0.0,7.215,119504896.0,862224384.0,C0,0.0,C1,C1,C1
llama32_3b,hotpotqa,5,qa_f1,5046,19649,8.6993,0.4065,0.2782,0.9995,0.0062,1.0,1.0,583188480.0,583188480.0,0.333333,26.7934,21766144.0,583188480.0,1.0,4.6426,125617534.7,583188480.0,1.0,3.4044,171306212.0,583188480.0,1.0,4.9465,117899264.0,583188480.0,1.0,4.9465,117899264.0,583188480.0,C0,1.0,C4,C4,C4
llama32_3b,hotpotqa,6,qa_f1,16368,75436,9.4145,0.3785,0.2102,0.9999,0.004,0.0,1.0,860274688.0,860274688.0,0.0,40.1583,21422080.0,860274688.0,0.0,4.6696,184228240.3,860274688.0,0.0,3.4098,252295680.0,860274688.0,0.0,7.318,117555200.0,860274688.0,0.0,7.318,117555200.0,860274688.0,C0,0.0,C1,C1,C1
llama32_3b,hotpotqa,7,qa_f1,13519,58965,9.6631,0.3994,0.2516,0.9998,0.005,0.0,1.0,860389376.0,860389376.0,0.0,39.9498,21536768.0,860389376.0,0.0,4.6591,184667585.9,860389376.0,0.0,3.4087,252410368.0,860389376.0,0.0,7.3119,117669888.0,860389376.0,0.0,7.3119,117669888.0,860389376.0,C0,0.0,C1,C1,C1
llama32_3b,hotpotqa,8,qa_f1,9709,42966,9.6744,0.4149,0.3151,0.9998,0.0056,0.08,1.0,863485952.0,863485952.0,0.0,37.6103,22913024.0,861765632.0,0.1,4.6632,185119259.4,863256576.0,0.08,3.3795,255506944.0,863485952.0,0.074074,7.1326,121110528.0,863830016.0,0.074074,7.1326,121110528.0,863830016.0,C2,0.1,C2,C2,C4
llama32_3b,hotpotqa,9,qa_f1,11220,47315,8.8959,0.3591,0.1946,0.9998,0.0066,0.4,1.0,860618752.0,860618752.0,0.4,39.5393,21766144.0,860618752.0,0.4,4.6452,185271893.6,860618752.0,0.4,3.4065,252639744.0,860618752.0,0.4,7.2996,117899264.0,860618752.0,0.4,7.2996,117899264.0,860618752.0,C0,0.4,C1,C1,C1
llama32_3b,hotpotqa,10,qa_f1,15466,67481,9.4427,0.393,0.2435,0.9999,0.0047,1.0,1.0,860504064.0,860504064.0,1.0,39.7435,21651456.0,860504064.0,1.0,4.6662,184410511.1,860504064.0,1.0,3.4076,252525056.0,860504064.0,1.0,7.3057,117784576.0,860504064.0,1.0,7.3057,117784576.0,860504064.0,C0,1.0,C1,C1,C1
llama32_3b,hotpotqa,11,qa_f1,15969,76568,9.4284,0.37,0.2278,0.9999,0.0039,0.0,1.0,860618752.0,860618752.0,0.0,38.1684,22568960.0,861421568.0,0.0,4.6619,184608604.4,860618752.0,0.0,3.4065,252639744.0,860618752.0,0.0,7.2996,117899264.0,860618752.0,0.0,7.2996,117899264.0,860618752.0,C0,0.0,C1,C1,C1
llama32_3b,hotpotqa,12,qa_f1,3507,16166,9.0833,0.4285,0.3884,0.9994,0.0067,0.666667,1.0,406568960.0,406568960.0,0.666667,18.7779,21651456.0,406568960.0,0.666667,4.6246,87913567.8,406568960.0,0.666667,3.4035,119456344.0,406568960.0,0.666667,3.4518,117784576.0,406568960.0,0.666667,3.4518,117784576.0,406568960.0,C0,0.666667,C1,C1,C1
llama32_3b,hotpotqa,13,qa_f1,13481,61276,9.3435,0.3763,0.2268,0.9999,0.0043,0.0,1.0,860504064.0,860504064.0,0.0,39.7435,21651456.0,860504064.0,0.0,4.6526,184949467.4,860504064.0,0.0,3.4076,252525056.0,860504064.0,0.0,7.3057,117784576.0,860504064.0,0.0,7.3057,117784576.0,860504064.0,C0,0.0,C1,C1,C1
llama32_3b,hotpotqa,14,qa_f1,13330,48910,9.6626,0.4153,0.2658,0.9998,0.0082,0.0,1.0,861536256.0,861536256.0,0.0,38.3583,22454272.0,861306880.0,0.0,4.6485,185334639.9,861536256.0,0.0,3.4021,253098496.0,861077504.0,0.0,7.2329,119160832.0,861880320.0,0.0,7.257,118702080.0,861421568.0,C0,0.0,C1,C1,C1
llama32_3b,hotpotqa,15,qa_f1,14429,62696,9.4936,0.3783,0.2263,0.9999,0.0062,1.0,1.0,860274688.0,860274688.0,0.666667,39.9498,21536768.0,860389376.0,1.0,4.6567,184739145.4,860274688.0,1.0,3.4098,252295680.0,860274688.0,0.666667,7.3119,117669888.0,860389376.0,1.0,7.318,117555200.0,860274688.0,C0,1.0,C5,C5,C5
llama32_3b,hotpotqa,16,qa_f1,10884,44633,9.1698,0.3814,0.2242,0.9998,0.0071,1.0,1.0,860274688.0,860274688.0,1.0,40.1583,21422080.0,860274688.0,1.0,4.6623,184515323.8,860274688.0,1.0,3.4098,252295680.0,860274688.0,1.0,7.318,117555200.0,860274688.0,1.0,7.318,117555200.0,860274688.0,C0,1.0,C1,C1,C1
llama32_3b,hotpotqa,17,qa_f1,15393,72591,9.7743,0.3882,0.2658,0.9999,0.0034,0.0,1.0,860848128.0,860848128.0,0.0,39.1374,21995520.0,860848128.0,0.0,4.6677,184426940.9,860848128.0,0.0,3.4043,252869120.0,860848128.0,0.0,7.2752,118358016.0,861077504.0,0.0,7.2874,118128640.0,860848128.0,C0,0.0,C1,C1,C1
llama32_3b,hotpotqa,18,qa_f1,16111,69660,9.2338,0.3726,0.1978,0.9999,0.0033,0.666667,1.0,860389376.0,860389376.0,1.0,39.7435,21651456.0,860504064.0,0.666667,4.6611,184589417.4,860389376.0,0.666667,3.4087,252410368.0,860389376.0,1.0,7.3057,117784576.0,860504064.0,1.0,7.3057,117784576.0,860504064.0,C1,1.0,C1,C1,C1
llama32_3b,hotpotqa,19,qa_f1,14628,69032,9.4605,0.3848,0.2467,0.9999,0.004,0.666667,1.0,860504064.0,860504064.0,0.666667,39.7435,21651456.0,860504064.0,0.666667,4.6591,184718888.0,860618752.0,0.666667,3.4076,252525056.0,860504064.0,0.666667,7.3057,117784576.0,860504064.0,0.666667,7.3057,117784576.0,860504064.0,C0,0.666667,C1,C1,C1
llama32_3b,multi_news,0,rouge_l,2662,12628,8.1994,0.3998,0.34,0.8747,0.001,0.177215,1.0,355991552.0,355991552.0,0.157377,4.5988,80027648.0,368033792.0,0.192547,4.6076,79004980.5,364019712.0,0.224784,2.4619,149494324.0,368033792.0,0.196923,2.0892,176160768.0,368033792.0,0.167785,2.149,166985728.0,358858752.0,C3,0.224784,C2,C2,C2
llama32_3b,multi_news,1,rouge_l,2973,13328,8.0942,0.3761,0.293,0.69,0.0011,0.249258,1.0,389480448.0,389480448.0,0.060241,5.0445,80027648.0,403701760.0,0.253333,4.6144,82765611.4,381911040.0,0.233422,2.5247,159900328.0,403701760.0,0.215278,2.3855,164233216.0,391774208.0,0.252492,2.445,157466624.0,385007616.0,C2,0.253333,C2,C2,C2
llama32_3b,multi_news,2,rouge_l,843,3710,7.5069,0.4417,0.4211,,0.003,0.330218,1.0,142213120.0,142213120.0,0.28777,2.385,57319424.0,136708096.0,0.332268,4.5366,30791953.6,139689984.0,0.315152,1.9495,74949196.0,146112512.0,0.330218,1.0,142213120.0,142213120.0,0.330218,1.0,142213120.0,142213120.0,C2,0.332268,C2,C2,C2
llama32_3b,multi_news,3,rouge_l,3932,18731,7.3592,0.3172,0.2368,0.9764,0.0006,0.214511,1.0,493273088.0,493273088.0,0.140496,11.116,42868736.0,476528640.0,0.253061,4.611,106255367.8,489947136.0,0.188153,2.9315,166507992.0,488112128.0,0.21978,3.2414,150585344.0,488112128.0,0.217391,3.1482,157122560.0,494649344.0,C2,0.253061,C2,C2,C2
llama32_3b,multi_news,4,rouge_l,2987,13401,8.4979,0.428,0.3525,0.6453,0.001,0.171717,1.0,398196736.0,398196736.0,0.156627,5.969,65462272.0,390742016.0,0.18932,4.62,86586259.8,400031744.0,0.204604,2.5984,153247668.0,398196736.0,0.205263,2.3008,176160768.0,405307392.0,0.203046,2.3008,176160768.0,405307392.0,C4,0.205263,C2,C2,C1
llama32_3b,multi_news,5,rouge_l,3864,18395,8.5728,0.4005,0.3165,0.8686,0.0009,0.240409,1.0,505774080.0,505774080.0,0.160584,11.8325,39313408.0,465174528.0,0.246787,4.6331,106813223.9,494878720.0,0.235294,2.7326,182403704.0,498434048.0,0.233618,3.0289,162512896.0,492240896.0,0.199488,3.039,161710080.0,491438080.0,C2,0.246787,C2,C2,C2
llama32_3b,multi_news,6,rouge_l,1241,5610,7.9327,0.4419,0.4085,0.7381,0.002,0.194529,1.0,183615488.0,183615488.0,0.163823,3.3711,52731904.0,177766400.0,0.198142,4.5554,39527011.5,180060160.0,0.172107,2.2667,81664520.0,185106432.0,0.194118,1.1903,151846912.0,180748288.0,0.217523,1.1829,158040064.0,186941440.0,C5,0.217523,C2,C2,C2
llama32_3b,multi_news,7,rouge_l,3825,18745,8.3485,0.3706,0.2897,0.8836,0.0006,0.256098,1.0,490176512.0,490176512.0,0.175439,6.2655,80027648.0,501415936.0,0.244755,4.6269,103610942.4,479395840.0,0.243094,2.666,187779256.0,500613120.0,0.254658,2.8464,176160768.0,501415936.0,0.217687,2.9749,164691968.0,489947136.0,C0,0.256098,C4,C2,C2
llama32_3b,multi_news,8,rouge_l,2218,10063,7.8031,0.3696,0.2836,,0.0013,0.338558,1.0,301285376.0,301285376.0,0.189055,7.1747,38395904.0,275480576.0,0.390411,4.5946,64475781.4,296239104.0,0.30721,2.5431,118336204.0,300941312.0,0.238411,1.899,156778496.0,297730048.0,0.29703,1.9037,155975680.0,296927232.0,C2,0.390411,C2,C2,C2
llama32_3b,multi_news,9,rouge_l,1153,5082,7.908,0.4583,0.4345,0.9603,0.0022,0.301587,1.0,184877056.0,184877056.0,0.205405,2.4614,78651392.0,193593344.0,0.264789,4.5534,38612093.1,175816704.0,0.270718,2.1638,82684420.0,178913280.0,0.385417,1.1137,165380096.0,184188928.0,0.308081,1.1118,168247296.0,187056128.0,C4,0.385417,C4,C4,C4
llama32_3b,multi_news,10,rouge_l,7439,34688,9.0028,0.3478,0.2496,,0.0004,0.262295,1.0,906264576.0,906264576.0,0.221477,11.4448,80027648.0,915898368.0,0.335227,4.6554,195825532.6,911654912.0,0.27298,2.954,310050552.0,915898368.0,0.304813,5.249,174096384.0,913833984.0,0.27907,5.28,172834816.0,912572416.0,C2,0.335227,C5,C5,C5
llama32_3b,multi_news,11,rouge_l,1932,8923,7.747,0.3751,0.3059,,0.0012,0.362369,1.0,266764288.0,266764288.0,0.230088,5.1736,48947200.0,253231104.0,0.328767,4.5864,58664933.8,269058048.0,0.286792,2.57,101522904.0,260915200.0,0.275641,1.659,164118528.0,272269312.0,0.304183,1.7043,153567232.0,261718016.0,C0,0.362369,C0,C0,C2
llama32_3b,multi_news,12,rouge_l,2629,13280,7.8939,0.3243,0.267,,0.001,0.214984,1.0,352321536.0,352321536.0,0.277228,4.5515,80027648.0,364249088.0,0.302405,4.6064,76135835.6,350715904.0,0.273616,2.5822,136486924.0,352436224.0,0.27957,2.1007,170885120.0,358973440.0,0.311258,2.1149,168706048.0,356794368.0,C5,0.311258,C2,C2,C2
llama32_3b,multi_news,13,rouge_l,2978,14203,7.9905,0.3576,0.2754,,0.0009,0.247492,1.0,388333568.0,388333568.0,0.064516,15.2224,22798336.0,347045888.0,0.289753,4.6131,84180766.6,388333568.0,0.263889,2.6999,143663492.0,387874816.0,0.248366,2.3755,165838848.0,393953280.0,0.216606,2.4614,156090368.0,384204800.0,C2,0.289753,C2,C2,C2
llama32_3b,multi_news,14,rouge_l,874,3980,7.6021,0.4372,0.4405,,0.0028,0.255591,1.0,138313728.0,138313728.0,0.15748,2.8507,44818432.0,127762432.0,0.234234,4.5383,33610294.4,152535040.0,0.163009,2.0778,68279344.0,141869056.0,0.255591,1.0,138313728.0,138313728.0,0.255591,1.0,138313728.0,138313728.0,C0,0.255591,C0,C0,C2
llama32_3b,multi_news,15,rouge_l,2736,12552,8.047,0.3785,0.2979,,0.0009,0.286472,1.0,376406016.0,376406016.0,0.154286,4.8198,77619200.0,374112256.0,0.294118,4.6153,79867161.2,368607232.0,0.275676,2.4785,151915820.0,376520704.0,0.232955,2.1374,176160768.0,376520704.0,0.25,2.1709,171114496.0,371474432.0,C2,0.294118,C2,C2,C2
llama32_3b,multi_news,16,rouge_l,2044,8902,7.9208,0.4151,0.3283,0.3315,0.0012,0.191617,1.0,274563072.0,274563072.0,0.174603,3.7132,80027648.0,297156608.0,0.22,4.6081,64062541.9,295206912.0,0.204082,2.4176,118835668.0,287293440.0,0.1875,1.7388,163774464.0,284770304.0,0.179931,1.7797,155172864.0,276168704.0,C2,0.22,C2,C2,C2
llama32_3b,multi_news,17,rouge_l,1572,7308,8.1072,0.4353,0.4097,,0.0015,0.253968,1.0,231096320.0,231096320.0,0.181818,3.6476,61562880.0,224559104.0,0.245614,4.5738,48294601.4,220889088.0,0.238532,2.261,103276320.0,233504768.0,0.255738,1.3969,168476672.0,235339776.0,0.213058,1.4194,159416320.0,226279424.0,C4,0.255738,C4,C2,C2
llama32_3b,multi_news,18,rouge_l,4538,22086,8.4441,0.3711,0.2757,0.9707,0.0005,0.25,1.0,572866560.0,572866560.0,0.191011,7.3788,78880768.0,582041600.0,0.231959,4.6381,125713811.6,583073792.0,0.268041,2.7841,207784304.0,578486272.0,0.2,3.3441,173637632.0,580665344.0,0.235955,3.3105,176160768.0,583188480.0,C3,0.268041,C3,C3,C2
llama32_3b,multi_news,19,rouge_l,1527,6950,7.5228,0.3736,0.298,0.2747,0.0019,0.364865,1.0,216186880.0,216186880.0,0.163569,4.1873,49520640.0,207355904.0,0.416961,4.5703,46901443.9,214351872.0,0.387097,2.4857,85174012.0,211714048.0,0.387755,1.4015,153681920.0,215384064.0,0.458015,1.4294,143704064.0,205406208.0,C5,0.458015,C2,C2,C2
llama32_3b,multifieldqa_en,0,qa_f1,1529,5225,7.6562,0.454,0.3362,0.9983,0.0188,0.75,1.0,179830784.0,179830784.0,0.75,8.2619,21766144.0,179830784.0,0.75,4.5677,39370108.9,179830784.0,0.75,3.3849,53126668.0,179830784.0,0.75,1.5253,117899264.0,179830784.0,0.75,1.5253,117899264.0,179830784.0,C0,0.75,C1,C1,C1
llama32_3b,multifieldqa_en,1,qa_f1,3037,14071,8.3041,0.3913,0.3112,0.9994,0.0068,1.0,1.0,352665600.0,352665600.0,1.0,16.2883,21651456.0,352665600.0,1.0,4.6258,76238060.4,352665600.0,1.0,3.4035,103618228.0,352665600.0,1.0,2.9942,117784576.0,352665600.0,1.0,2.9942,117784576.0,352665600.0,C0,1.0,C1,C1,C1
llama32_3b,multifieldqa_en,2,qa_f1,9520,45349,9.0305,0.2622,0.1791,0.9998,0.0015,0.060606,1.0,864632832.0,864632832.0,0.105263,36.0322,23945216.0,862797824.0,0.060606,4.6643,185373065.4,864632832.0,0.060606,3.3689,256653824.0,864632832.0,0.058824,7.0808,122142720.0,864862208.0,0.058824,7.0808,122142720.0,864862208.0,C1,0.105263,C1,C1,C1
llama32_3b,multifieldqa_en,3,qa_f1,7393,31608,8.3178,0.3094,0.1658,0.9997,0.003,0.727273,1.0,853508096.0,853508096.0,0.888889,38.1804,22339584.0,852934656.0,0.727273,4.679,182413115.2,853508096.0,0.666667,3.399,250971980.0,853049344.0,0.727273,7.1696,119046144.0,853508096.0,0.727273,7.1696,119046144.0,853508096.0,C1,0.888889,C1,C1,C1
llama32_3b,multifieldqa_en,4,qa_f1,7479,33949,9.2387,0.3893,0.2805,0.9997,0.0111,0.0,1.0,862683136.0,862683136.0,0.0,39.3373,21880832.0,860733440.0,0.068966,4.6537,185670982.4,864059392.0,0.0,3.387,254704128.0,862683136.0,0.105263,7.1971,119848960.0,862568448.0,0.105263,7.1971,119848960.0,862568448.0,C4,0.105263,C1,C1,C1
llama32_3b,multifieldqa_en,5,qa_f1,6599,19528,8.42,0.3644,0.177,0.9995,0.0277,0.774194,1.0,762904576.0,762904576.0,0.56,33.7677,22568960.0,762101760.0,0.56,4.6451,164067456.9,762101760.0,0.774194,3.3891,225105328.0,762904576.0,0.774194,6.3839,119504896.0,762904576.0,0.774194,6.3839,119504896.0,762904576.0,C0,0.774194,C4,C4,C4
llama32_3b,multifieldqa_en,6,qa_f1,6288,20826,8.3493,0.3338,0.1625,0.9996,0.0181,0.35,1.0,730447872.0,730447872.0,0.705882,31.8735,22798336.0,726663168.0,0.451613,4.6815,155709999.2,728956928.0,0.35,3.352,217910896.0,730447872.0,0.451613,6.0132,121225216.0,728956928.0,0.571429,6.0854,119504896.0,727236608.0,C1,0.705882,C1,C1,C1
llama32_3b,multifieldqa_en,7,qa_f1,3684,6000,7.881,0.3659,0.1707,,0.0018,1.0,1.0,426754048.0,426754048.0,1.0,19.8151,21536768.0,426754048.0,1.0,4.6109,92552868.8,426754048.0,1.0,3.4041,125362972.0,426754048.0,1.0,3.6267,117669888.0,426754048.0,1.0,3.6267,117669888.0,426754048.0,C0,1.0,C1,C1,C1
llama32_3b,multifieldqa_en,8,qa_f1,4463,21852,8.6743,0.3954,0.3079,0.9996,0.0053,0.8,1.0,516440064.0,516440064.0,1.0,23.9635,21536768.0,516096000.0,0.8,4.6504,111053916.0,516440064.0,0.8,3.4002,151885552.0,516440064.0,0.8,4.3761,118013952.0,516440064.0,0.8,4.3761,118013952.0,516440064.0,C1,1.0,C1,C1,C1
llama32_3b,multifieldqa_en,9,qa_f1,3178,15563,8.257,0.3579,0.2618,0.9994,0.0068,0.0,1.0,368951296.0,368951296.0,0.0,17.0352,21651456.0,368836608.0,0.0,4.6209,79843713.0,368951296.0,0.0,3.4006,108461444.0,368836608.0,0.0,3.1315,117784576.0,368836608.0,0.0,3.1315,117784576.0,368836608.0,C0,0.0,C1,C1,C1
llama32_3b,multifieldqa_en,10,qa_f1,2108,8995,8.0773,0.4297,0.3283,0.999,0.0073,0.666667,1.0,247152640.0,247152640.0,0.551724,10.7966,22913024.0,247382016.0,0.529412,4.5932,53982666.8,247955456.0,0.666667,3.365,73448928.0,247152640.0,0.666667,2.0801,118816768.0,247152640.0,0.666667,2.0801,118816768.0,247152640.0,C0,0.666667,C3,C3,C3
llama32_3b,multifieldqa_en,11,qa_f1,6202,31240,8.584,0.3354,0.2127,0.9997,0.0046,0.454545,1.0,717258752.0,717258752.0,0.434783,30.694,23371776.0,717373440.0,0.5,4.6658,153677987.2,717029376.0,0.454545,3.3888,211656060.0,717258752.0,0.454545,6.0077,119390208.0,717258752.0,0.454545,6.0077,119390208.0,717258752.0,C2,0.5,C4,C1,C1
llama32_3b,multifieldqa_en,12,qa_f1,4972,21982,8.6984,0.3497,0.2548,0.9996,0.0022,0.814815,1.0,576307200.0,576307200.0,0.5625,24.2028,23830528.0,576765952.0,0.545455,4.6435,124629867.1,578715648.0,0.814815,3.3803,170490656.0,576307200.0,0.432432,4.7933,120422400.0,577224704.0,0.714286,4.8188,119619584.0,576421888.0,C0,0.814815,C3,C3,C3
llama32_3b,multifieldqa_en,13,qa_f1,14997,56541,8.4065,0.2042,0.0928,0.9998,0.0092,1.0,1.0,860274688.0,860274688.0,1.0,40.1583,21422080.0,860274688.0,1.0,4.659,184648229.2,860274688.0,1.0,3.4098,252295680.0,860274688.0,1.0,7.318,117555200.0,860274688.0,1.0,7.318,117555200.0,860274688.0,C0,1.0,C1,C1,C1
llama32_3b,multifieldqa_en,14,qa_f1,3785,14403,9.4641,0.4404,0.3868,0.9994,0.0044,0.0,1.0,440745984.0,440745984.0,0.0,20.0487,21880832.0,438681600.0,0.0,4.6475,94810978.1,440631296.0,0.0,3.3625,131076260.0,440745984.0,0.0,3.673,119963648.0,440631296.0,0.0,3.673,119963648.0,440631296.0,C0,0.0,C1,C1,C1
llama32_3b,multifieldqa_en,15,qa_f1,9461,42138,9.0572,0.3951,0.2222,0.9998,0.0058,0.0,1.0,860962816.0,860962816.0,0.0625,35.6998,24174592.0,863027200.0,0.0,4.6779,184049962.2,860962816.0,0.0,3.4032,252983808.0,860962816.0,0.105263,7.2813,118243328.0,860962816.0,0.105263,7.2813,118243328.0,860962816.0,C4,0.105263,C1,C1,C1
llama32_3b,multifieldqa_en,16,qa_f1,7656,33274,9.3051,0.4012,0.2701,0.9997,0.005,0.0,1.0,860504064.0,860504064.0,0.0,39.5393,21766144.0,860618752.0,0.0,4.6704,184247792.4,860504064.0,0.0,3.4076,252525056.0,860504064.0,0.0,7.3057,117784576.0,860504064.0,0.0,7.3057,117784576.0,860504064.0,C0,0.0,C1,C1,C1
llama32_3b,multifieldqa_en,17,qa_f1,3704,13757,7.6487,0.2999,0.1712,0.9993,0.0118,0.222222,1.0,436043776.0,436043776.0,0.190476,15.2251,28647424.0,436158464.0,0.0,4.6383,94009757.4,436043776.0,0.222222,3.2762,133127820.0,436158464.0,0.190476,3.5162,123748352.0,435126272.0,0.0,3.4954,124780544.0,436158464.0,C0,0.222222,C3,C3,C3
llama32_3b,multifieldqa_en,18,qa_f1,5300,22974,8.4297,0.3478,0.2072,0.9996,0.0047,0.521739,1.0,614842368.0,614842368.0,0.470588,26.2678,23371776.0,613924864.0,0.521739,4.6664,131760412.5,614842368.0,0.521739,3.3714,182370104.0,614842368.0,0.75,5.1452,119275520.0,613695488.0,0.75,5.1452,119275520.0,613695488.0,C4,0.75,C4,C4,C1
llama32_3b,multifieldqa_en,19,qa_f1,11048,44441,8.623,0.3246,0.1461,0.9998,0.0038,0.095238,1.0,865320960.0,865320960.0,0.095238,37.0687,23257088.0,862109696.0,0.444444,4.6831,184335097.9,863256576.0,0.095238,3.3924,254130688.0,862109696.0,0.111111,7.0979,121798656.0,864518144.0,0.095238,7.2209,119390208.0,862109696.0,C2,0.444444,C1,C1,C1
llama32_3b,narrativeqa,0,qa_f1,31373,127703,9.2856,0.3891,0.1576,0.9999,0.0184,0.26087,1.0,862797824.0,862797824.0,0.352941,37.6103,22913024.0,861765632.0,0.4,4.6619,184804573.6,861536256.0,0.26087,3.3859,254818816.0,862797824.0,0.615385,7.257,118702080.0,861421568.0,0.571429,7.2449,118931456.0,861650944.0,C4,0.615385,C1,C1,C1
llama32_3b,narrativeqa,1,qa_f1,36248,157714,9.5496,0.3887,0.1602,0.9999,0.0198,0.074074,1.0,862912512.0,862912512.0,0.105263,37.6103,22913024.0,861765632.0,0.0,4.6609,184991119.0,862224384.0,0.066667,3.3806,255392256.0,863371264.0,0.095238,7.058,122601472.0,865320960.0,0.083333,7.2031,119734272.0,862453760.0,C1,0.105263,C1,C1,C1
llama32_3b,narrativeqa,2,qa_f1,13507,56169,9.049,0.4016,0.2137,0.9998,0.0192,0.153846,1.0,860962816.0,860962816.0,0.153846,38.9396,22110208.0,860962816.0,0.153846,4.672,184282229.4,860962816.0,0.153846,3.4032,252983808.0,860962816.0,0.153846,7.2813,118243328.0,860962816.0,0.153846,7.2813,118243328.0,860962816.0,C0,0.153846,C1,C1,C1
llama32_3b,narrativeqa,3,qa_f1,16516,62691,9.2044,0.424,0.2147,0.9998,0.0201,0.173913,1.0,863141888.0,863141888.0,0.625,37.428,23027712.0,861880320.0,0.222222,4.6694,184652600.5,862224384.0,0.347826,3.3806,255392256.0,863371264.0,0.434783,7.1676,120422400.0,863141888.0,0.333333,7.1735,120307712.0,863027200.0,C1,0.625,C1,C1,C1
llama32_3b,narrativeqa,4,qa_f1,46708,153856,8.9604,0.3571,0.1214,0.9999,0.0376,0.0,1.0,860733440.0,860733440.0,0.0,39.1374,21995520.0,860848128.0,0.0,4.6609,184670760.0,860733440.0,0.0,3.4054,252754432.0,860733440.0,0.0,7.2874,118128640.0,860848128.0,0.0,7.2874,118128640.0,860848128.0,C0,0.0,C1,C1,C1
llama32_3b,narrativeqa,5,qa_f1,37057,150571,9.2839,0.3741,0.1193,0.9999,0.0201,0.090909,1.0,862912512.0,862912512.0,0.066667,33.1101,26124288.0,864976896.0,0.190476,4.6691,184690832.5,862339072.0,0.090909,3.3849,254933504.0,862912512.0,0.105263,7.215,119504896.0,862224384.0,0.0,7.2269,119275520.0,861995008.0,C2,0.190476,C4,C4,C4
llama32_3b,narrativeqa,6,qa_f1,8050,34101,9.3906,0.4275,0.3063,0.9997,0.0259,0.0,1.0,860848128.0,860848128.0,0.0,39.1374,21995520.0,860848128.0,0.0,4.6513,185272546.9,861765632.0,0.0,3.4043,252869120.0,860848128.0,0.0,7.2874,118128640.0,860848128.0,0.0,7.2813,118243328.0,860962816.0,C0,0.0,C1,C1,C1
llama32_3b,narrativeqa,7,qa_f1,11380,47169,9.3137,0.4168,0.2562,0.9998,0.0211,0.666667,1.0,860848128.0,860848128.0,0.666667,39.1374,21995520.0,860848128.0,0.666667,4.6733,184204563.9,860848128.0,0.666667,3.4043,252869120.0,860848128.0,0.666667,7.2874,118128640.0,860848128.0,0.666667,7.2874,118128640.0,860848128.0,C0,0.666667,C1,C1,C1
llama32_3b,narrativeqa,8,qa_f1,36233,157653,9.5497,0.3887,0.1603,0.9999,0.0198,0.5,1.0,860618752.0,860618752.0,0.5,39.5393,21766144.0,860618752.0,0.5,4.6601,184676866.9,860618752.0,0.5,3.4065,252639744.0,860618752.0,0.5,7.2996,117899264.0,860618752.0,0.5,7.2996,117899264.0,860618752.0,C0,0.5,C1,C1,C1
llama32_3b,narrativeqa,9,qa_f1,36241,157679,9.5495,0.3887,0.1603,0.9999,0.0198,0.0,1.0,860733440.0,860733440.0,0.0,37.428,23027712.0,861880320.0,0.0,4.6605,184712468.6,860848128.0,0.0,3.4054,252754432.0,860733440.0,0.0,7.2935,118013952.0,860733440.0,0.0,7.2935,118013952.0,860733440.0,C0,0.0,C1,C1,C1
llama32_3b,narrativeqa,10,qa_f1,38183,133473,8.8186,0.3687,0.1113,0.9999,0.0283,1.0,1.0,860733440.0,860733440.0,0.181818,37.7945,22798336.0,861650944.0,1.0,4.6645,184527646.9,860733440.0,1.0,3.4054,252754432.0,860733440.0,1.0,7.2935,118013952.0,860733440.0,1.0,7.2935,118013952.0,860733440.0,C0,1.0,C4,C4,C4
llama32_3b,narrativeqa,11,qa_f1,31372,127699,9.2854,0.3891,0.1575,0.9999,0.0184,1.0,1.0,860389376.0,860389376.0,1.0,39.9498,21536768.0,860389376.0,1.0,4.6617,184564255.5,860389376.0,1.0,3.4087,252410368.0,860389376.0,1.0,7.3119,117669888.0,860389376.0,1.0,7.3119,117669888.0,860389376.0,C0,1.0,C1,C1,C1
llama32_3b,narrativeqa,12,qa_f1,11385,47216,9.3161,0.417,0.2566,0.9998,0.0211,0.125,1.0,861077504.0,861077504.0,0.125,38.7438,22224896.0,861077504.0,0.133333,4.6734,184643232.5,862912512.0,0.125,3.4021,253098496.0,861077504.0,0.111111,7.257,118702080.0,861421568.0,0.125,7.2752,118358016.0,861077504.0,C2,0.133333,C1,C1,C1
llama32_3b,narrativeqa,13,qa_f1,37057,150560,9.2834,0.3741,0.1193,0.9999,0.0201,0.0,1.0,861536256.0,861536256.0,0.0,37.9805,22683648.0,861536256.0,0.0,4.669,184523602.0,861536256.0,0.0,3.3978,253557248.0,861536256.0,0.0,7.251,118816768.0,861536256.0,0.0,7.251,118816768.0,861536256.0,C0,0.0,C1,C1,C1
llama32_3b,narrativeqa,14,qa_f1,31384,127757,9.2851,0.3891,0.1575,0.9999,0.0183,0.0,1.0,861650944.0,861650944.0,0.0,37.6103,22913024.0,861765632.0,0.0,4.6618,185127933.0,863027200.0,0.0,3.3967,253671936.0,861650944.0,0.0,7.2449,118931456.0,861650944.0,0.0,7.1853,120078336.0,862797824.0,C0,0.0,C1,C1,C1
llama32_3b,narrativeqa,15,qa_f1,37059,150579,9.2837,0.374,0.1193,0.9999,0.0201,0.347826,1.0,862912512.0,862912512.0,0.117647,37.6103,22913024.0,861765632.0,0.2,4.6689,184673507.9,862224384.0,0.347826,3.3849,254933504.0,862912512.0,0.181818,7.2031,119734272.0,862453760.0,0.153846,7.1853,120078336.0,862797824.0,C0,0.347826,C3,C3,C3
llama32_3b,narrativeqa,16,qa_f1,11381,47179,9.3144,0.4169,0.2564,0.9998,0.0211,0.0,1.0,861536256.0,861536256.0,0.0,37.6103,22913024.0,861765632.0,0.0,4.6734,184349516.8,861536256.0,0.0,3.3978,253557248.0,861536256.0,0.0,7.2329,119160832.0,861880320.0,0.0,7.251,118816768.0,861536256.0,C0,0.0,C1,C1,C1
llama32_3b,narrativeqa,17,qa_f1,8054,34126,9.3898,0.4273,0.3061,0.9997,0.0259,0.285714,1.0,861077504.0,861077504.0,1.0,39.7435,21651456.0,860504064.0,0.444444,4.6514,185123530.0,861077504.0,0.444444,3.4021,253098496.0,861077504.0,0.444444,7.2752,118358016.0,861077504.0,0.444444,7.2752,118358016.0,861077504.0,C1,1.0,C1,C1,C1
llama32_3b,narrativeqa,18,qa_f1,31418,134613,9.3844,0.3944,0.1648,0.9999,0.019,0.125,1.0,861306880.0,861306880.0,0.125,38.3583,22454272.0,861306880.0,0.105263,4.656,185036729.6,861536256.0,0.125,3.4,253327872.0,861306880.0,0.125,7.2631,118587392.0,861306880.0,0.125,7.2631,118587392.0,861306880.0,C0,0.125,C1,C1,C1
llama32_3b,narrativeqa,19,qa_f1,19113,76470,8.9864,0.3937,0.1785,0.9999,0.0167,0.0,1.0,861192192.0,861192192.0,0.0,38.7438,22224896.0,861077504.0,0.0,4.6539,184975326.9,860848128.0,0.0,3.4043,252869120.0,860848128.0,0.0,7.1152,121454592.0,864174080.0,0.0,7.15,120766464.0,863485952.0,C0,0.0,C1,C1,C1
llama32_3b,passage_count,0,count,15690,66383,8.8233,0.0991,0.0748,0.0041,0.0013,0.0,1.0,860274688.0,860274688.0,0.0,40.1583,21422080.0,860274688.0,0.0,4.6377,185497668.8,860274688.0,0.0,3.4098,252295680.0,860274688.0,0.0,7.318,117555200.0,860274688.0,0.0,7.318,117555200.0,860274688.0,C0,0.0,C1,C1,C1
llama32_3b,passage_count,1,count,21256,96790,8.488,0.0536,0.0397,0.0028,0.001,1.0,1.0,860274688.0,860274688.0,1.0,40.1583,21422080.0,860274688.0,1.0,4.6299,185809041.0,860274688.0,1.0,3.4098,252295680.0,860274688.0,1.0,7.318,117555200.0,860274688.0,1.0,7.318,117555200.0,860274688.0,C0,1.0,C1,C1,C1
llama32_3b,passage_count,2,count,18536,82313,9.3288,0.2315,0.1262,0.0033,0.0012,0.0,1.0,860274688.0,860274688.0,0.0,40.1583,21422080.0,860274688.0,0.0,4.6459,185167786.2,860274688.0,0.0,3.4098,252295680.0,860274688.0,0.0,7.318,117555200.0,860274688.0,0.0,7.318,117555200.0,860274688.0,C0,0.0,C1,C1,C1
llama32_3b,passage_count,3,count,17304,81159,9.7033,0.3446,0.2163,0.8755,0.0009,0.0,1.0,861306880.0,861306880.0,0.0,38.3583,22454272.0,861306880.0,0.0,4.6469,185351711.4,861306880.0,0.0,3.4,253327872.0,861306880.0,0.0,7.2631,118587392.0,861306880.0,0.0,7.2631,118587392.0,861306880.0,C0,0.0,C1,C1,C1
llama32_3b,passage_count,4,count,20836,96082,9.6139,0.2716,0.1724,0.0028,0.0011,0.0,1.0,860274688.0,860274688.0,0.0,40.1583,21422080.0,860274688.0,0.0,4.6473,185112144.4,860274688.0,0.0,3.4098,252295680.0,860274688.0,0.0,7.318,117555200.0,860274688.0,0.0,7.318,117555200.0,860274688.0,C0,0.0,C1,C1,C1
llama32_3b,passage_count,5,count,11196,50472,9.4701,0.3389,0.2514,0.7383,0.0014,0.0,1.0,860274688.0,860274688.0,0.0,40.1583,21422080.0,860274688.0,0.0,4.6603,184595302.0,860274688.0,0.0,3.4098,252295680.0,860274688.0,0.0,7.318,117555200.0,860274688.0,0.0,7.318,117555200.0,860274688.0,C0,0.0,C1,C1,C1
llama32_3b,passage_count,6,count,16511,78503,9.2245,0.2217,0.1368,0.0035,0.001,0.0,1.0,861306880.0,861306880.0,0.0,38.3583,22454272.0,861306880.0,0.0,4.6488,185276844.9,861306880.0,0.0,3.4,253327872.0,861306880.0,0.0,7.2631,118587392.0,861306880.0,0.0,7.2631,118587392.0,861306880.0,C0,0.0,C1,C1,C1
llama32_3b,passage_count,7,count,12868,60783,9.2372,0.2047,0.1543,0.0045,0.0012,0.0,1.0,860274688.0,860274688.0,0.0,40.1583,21422080.0,860274688.0,0.0,4.6449,185208981.9,860274688.0,0.0,3.4098,252295680.0,860274688.0,0.0,7.318,117555200.0,860274688.0,0.0,7.318,117555200.0,860274688.0,C0,0.0,C1,C1,C1
llama32_3b,passage_count,8,count,17307,79574,8.6588,0.0863,0.0581,0.0034,0.001,0.0,1.0,860274688.0,860274688.0,0.0,40.1583,21422080.0,860274688.0,0.0,4.6364,185546817.8,860274688.0,0.0,3.4098,252295680.0,860274688.0,0.0,7.318,117555200.0,860274688.0,0.0,7.318,117555200.0,860274688.0,C0,0.0,C1,C1,C1
llama32_3b,passage_count,9,count,11552,54444,8.5926,0.1037,0.0848,0.005,0.001,0.0,1.0,860274688.0,860274688.0,0.0,40.1583,21422080.0,860274688.0,0.0,4.6332,186197019.9,862683136.0,0.0,3.4098,252295680.0,860274688.0,0.0,7.318,117555200.0,860274688.0,0.0,7.318,117555200.0,860274688.0,C0,0.0,C1,C1,C1
llama32_3b,passage_count,10,count,18085,82268,8.7851,0.1413,0.0849,0.7675,0.0011,0.0,1.0,860274688.0,860274688.0,0.0,40.1583,21422080.0,860274688.0,0.0,4.6407,185375320.1,860274688.0,0.0,3.4098,252295680.0,860274688.0,0.0,7.318,117555200.0,860274688.0,0.0,7.318,117555200.0,860274688.0,C0,0.0,C1,C1,C1
llama32_3b,passage_count,11,count,12795,58382,9.4539,0.3231,0.2034,0.3194,0.0011,0.0,1.0,863715328.0,863715328.0,0.0,40.1583,21422080.0,860274688.0,0.0,4.6527,185416652.5,862683136.0,0.0,3.3763,255851008.0,863830016.0,0.0,7.1326,121110528.0,863830016.0,0.0,7.1326,121110528.0,863830016.0,C0,0.0,C1,C1,C1
llama32_3b,passage_count,12,count,9166,40044,8.7163,0.1457,0.1233,0.0068,0.0014,0.0,1.0,860274688.0,860274688.0,0.0,40.1583,21422080.0,860274688.0,0.0,4.633,185685231.9,860274688.0,0.0,3.4098,252295680.0,860274688.0,0.0,7.318,117555200.0,860274688.0,0.0,7.318,117555200.0,860274688.0,C0,0.0,C1,C1,C1
llama32_3b,passage_count,13,count,17204,73884,8.4383,0.0728,0.0545,0.0037,0.0012,0.0,1.0,860274688.0,860274688.0,0.0,40.1583,21422080.0,860274688.0,0.0,4.6205,186185738.9,860274688.0,0.0,3.4098,252295680.0,860274688.0,0.0,7.318,117555200.0,860274688.0,0.0,7.318,117555200.0,860274688.0,C0,0.0,C1,C1,C1
llama32_3b,passage_count,14,count,17229,75746,9.6663,0.2807,0.1846,0.9876,0.0013,0.0,1.0,862339072.0,862339072.0,0.0,40.1583,21422080.0,860274688.0,0.0,4.6539,184849079.8,860274688.0,0.0,3.3902,254360064.0,862339072.0,0.0,7.318,117555200.0,860274688.0,0.0,7.318,117555200.0,860274688.0,C0,0.0,C1,C1,C1
llama32_3b,passage_count,15,count,7714,35076,9.0484,0.2584,0.2092,0.0078,0.0013,0.0,1.0,860274688.0,860274688.0,0.0,40.1583,21422080.0,860274688.0,0.0,4.6397,185417071.4,860274688.0,0.0,3.4098,252295680.0,860274688.0,0.0,7.318,117555200.0,860274688.0,0.0,7.318,117555200.0,860274688.0,C0,0.0,C1,C1,C1
llama32_3b,passage_count,16,count,11199,53076,9.0566,0.2223,0.182,0.0051,0.0011,0.0,1.0,862339072.0,862339072.0,0.0,40.1583,21422080.0,860274688.0,0.0,4.6437,185749609.8,862568448.0,0.0,3.3763,255851008.0,863830016.0,0.0,7.318,117555200.0,860274688.0,0.0,7.318,117555200.0,860274688.0,C0,0.0,C1,C1,C1
llama32_3b,passage_count,17,count,16775,73969,8.6787,0.0915,0.0625,0.0037,0.001,0.0,1.0,860274688.0,860274688.0,0.0,40.1583,21422080.0,860274688.0,0.0,4.6358,185571424.0,860274688.0,0.0,3.4098,252295680.0,860274688.0,0.0,7.318,117555200.0,860274688.0,0.0,7.318,117555200.0,860274688.0,C0,0.0,C1,C1,C1
llama32_3b,passage_count,18,count,17101,75663,9.6157,0.3241,0.1894,0.6176,0.0011,0.0,1.0,860274688.0,860274688.0,0.0,40.1583,21422080.0,860274688.0,0.0,4.6483,185073980.9,860274688.0,0.0,3.4098,252295680.0,860274688.0,0.0,7.318,117555200.0,860274688.0,0.0,7.318,117555200.0,860274688.0,C0,0.0,C1,C1,C1
llama32_3b,passage_count,19,count,15851,72937,9.4437,0.2935,0.1766,0.7509,0.001,0.0,1.0,861306880.0,861306880.0,0.0,38.3583,22454272.0,861306880.0,0.0,4.6429,185510477.2,861306880.0,0.0,3.4,253327872.0,861306880.0,0.0,7.2631,118587392.0,861306880.0,0.0,7.2631,118587392.0,861306880.0,C0,0.0,C1,C1,C1
llama32_3b,qasper,0,qa_f1,3999,20581,8.4397,0.355,0.2751,0.9995,0.0033,0.285714,1.0,466550784.0,466550784.0,0.454545,19.7914,23486464.0,464830464.0,0.294118,4.63,100767122.2,466550784.0,0.285714,3.3428,139569584.0,466550784.0,0.296296,3.8667,120422400.0,465633280.0,0.344828,3.8667,120422400.0,465633280.0,C1,0.454545,C1,C1,C1
llama32_3b,qasper,1,qa_f1,4592,22074,8.697,0.3531,0.248,0.9995,0.0028,0.387097,1.0,534904832.0,534904832.0,0.190476,22.4774,23715840.0,533069824.0,0.347826,4.6467,114843250.6,533643264.0,0.387097,3.3454,159891088.0,534904832.0,0.4,4.3959,121683968.0,534904832.0,0.4,4.3991,121569280.0,534790144.0,C4,0.4,C5,C5,C5
llama32_3b,qasper,2,qa_f1,3695,19082,8.4213,0.3517,0.2658,0.9995,0.0018,0.166667,1.0,429162496.0,429162496.0,0.153846,18.3919,23371776.0,429850624.0,0.166667,4.6342,92607948.9,429162496.0,0.166667,3.3827,126869596.0,429162496.0,0.166667,3.612,118816768.0,429162496.0,0.166667,3.612,118816768.0,429162496.0,C0,0.166667,C2,C2,C1
llama32_3b,qasper,3,qa_f1,3986,18806,8.7996,0.3728,0.2908,0.9995,0.003,0.227273,1.0,464371712.0,464371712.0,0.0,13.2224,35987456.0,475840512.0,0.238095,4.6488,99692964.1,463454208.0,0.232558,3.3559,138341420.0,464257024.0,0.130435,3.8381,121110528.0,464830464.0,0.146341,3.8088,122372096.0,466092032.0,C2,0.238095,C2,C2,C2
llama32_3b,qasper,4,qa_f1,6965,34512,8.6029,0.3301,0.2152,0.9997,0.0024,0.216216,1.0,805797888.0,805797888.0,0.228571,33.3277,24174592.0,805683200.0,0.216216,4.6656,172709425.9,805797888.0,0.216216,3.3808,238343168.0,805797888.0,0.216216,6.6914,120422400.0,805797888.0,0.2,6.6645,120995840.0,806371328.0,C1,0.228571,C1,C1,C1
llama32_3b,qasper,5,qa_f1,3573,16144,8.7414,0.393,0.2936,0.9994,0.0028,0.0,1.0,415629312.0,415629312.0,0.0,18.0441,23027712.0,415514624.0,0.0,4.6404,89591510.8,415744000.0,0.0,3.373,123221672.0,415629312.0,0.0,3.4894,119046144.0,415399936.0,0.0,3.4894,119046144.0,415399936.0,C0,0.0,C1,C1,C1
llama32_3b,qasper,6,qa_f1,3628,16671,8.6023,0.3604,0.2696,0.9993,0.0027,0.491228,1.0,424230912.0,424230912.0,0.363636,17.1892,24633344.0,423428096.0,0.37931,4.6335,91582833.0,424345600.0,0.491228,3.3321,127315076.0,424230912.0,0.338983,3.4873,121683968.0,424345600.0,0.204082,3.4826,121913344.0,424574976.0,C0,0.491228,C3,C3,C3
llama32_3b,qasper,7,qa_f1,5496,27249,8.4002,0.3177,0.2174,0.9996,0.0029,0.0,1.0,637321216.0,637321216.0,0.0,27.7547,22913024.0,635944960.0,0.0,4.6535,136831017.0,636747776.0,0.0,3.3718,189012964.0,637321216.0,0.0,5.3253,119504896.0,636403712.0,0.0,5.3253,119504896.0,636403712.0,C0,0.0,C1,C1,C1
llama32_3b,qasper,8,qa_f1,5733,27801,8.2917,0.2843,0.1833,0.9996,0.0023,1.0,1.0,661749760.0,661749760.0,1.0,30.7265,21536768.0,661749760.0,1.0,4.6531,142216653.0,661749760.0,1.0,3.4068,194244960.0,661749760.0,1.0,5.6238,117669888.0,661749760.0,1.0,5.6238,117669888.0,661749760.0,C0,1.0,C1,C1,C1
llama32_3b,qasper,9,qa_f1,5641,26744,8.7704,0.3251,0.2235,0.9996,0.0028,0.285714,1.0,652230656.0,652230656.0,0.0,28.8995,22568960.0,652230656.0,0.285714,4.6682,139718973.5,652230656.0,0.285714,3.3943,192152072.0,652230656.0,0.285714,5.4947,118702080.0,652230656.0,0.285714,5.4947,118702080.0,652230656.0,C0,0.285714,C4,C4,C4
llama32_3b,qasper,10,qa_f1,7516,31417,8.7211,0.3318,0.1813,0.9997,0.0029,0.9,1.0,863715328.0,863715328.0,0.075472,24.3096,35987456.0,874840064.0,0.727273,4.6734,184789185.5,863600640.0,0.615385,3.3699,256539136.0,864518144.0,0.736842,7.2031,119734272.0,862453760.0,0.636364,7.1618,120537088.0,863256576.0,C0,0.9,C0,C0,C0
llama32_3b,qasper,11,qa_f1,5368,25709,8.6888,0.3506,0.2472,0.9996,0.0031,0.545455,1.0,623214592.0,623214592.0,0.25,25.1778,24748032.0,623099904.0,0.533333,4.6632,133227240.9,621264896.0,0.604651,3.368,184939468.0,622870528.0,0.533333,5.2187,119046144.0,621264896.0,0.52381,5.1546,120881152.0,623099904.0,C3,0.604651,C3,C4,C4
llama32_3b,qasper,12,qa_f1,4438,22129,8.6527,0.3723,0.2684,0.9995,0.0026,0.15,1.0,514949120.0,514949120.0,0.05,21.6329,23830528.0,515522560.0,0.136364,4.6406,111138483.9,515751936.0,0.15,3.3805,152329072.0,514949120.0,0.111111,4.3292,118816768.0,514375680.0,0.111111,4.3292,118816768.0,514375680.0,C0,0.15,C3,C3,C2
llama32_3b,qasper,13,qa_f1,2962,14178,8.674,0.4034,0.3336,0.9993,0.0033,0.233766,1.0,354615296.0,354615296.0,0.114286,14.2739,24289280.0,346701824.0,0.27027,4.6183,76635847.6,353927168.0,0.236842,3.1832,111256628.0,354156544.0,0.280702,2.8168,124551168.0,350830592.0,0.258065,2.8051,125353984.0,351633408.0,C4,0.280702,C2,C2,C2
llama32_3b,qasper,14,qa_f1,7191,34064,8.8178,0.334,0.2043,0.9997,0.003,0.076923,1.0,833093632.0,833093632.0,0.047619,34.2422,24289280.0,831717376.0,0.076923,4.6719,178271078.6,832864256.0,0.046512,3.3825,245852936.0,831602688.0,0.085106,6.8787,120995840.0,832290816.0,0.042553,6.8843,120881152.0,832176128.0,C4,0.085106,C4,C4,C4
llama32_3b,qasper,15,qa_f1,2722,13171,8.2975,0.3493,0.2686,0.9992,0.0029,0.275862,1.0,319750144.0,319750144.0,0.117647,14.3372,22110208.0,316997632.0,0.2,4.6211,68697360.9,317456384.0,0.275862,3.3206,96292896.0,319750144.0,0.173913,2.6663,119275520.0,318029824.0,0.173913,2.6663,119275520.0,318029824.0,C0,0.275862,C3,C3,C3
llama32_3b,qasper,16,qa_f1,4948,22048,8.7302,0.3602,0.2381,0.9995,0.0025,0.588235,1.0,573669376.0,573669376.0,0.777778,24.6566,23257088.0,573440000.0,0.842105,4.6466,123509612.4,573898752.0,0.588235,3.3804,169705256.0,573669376.0,0.588235,4.7958,119619584.0,573669376.0,0.555556,4.7813,120078336.0,574128128.0,C2,0.842105,C1,C1,C1
llama32_3b,qasper,17,qa_f1,6646,32756,8.892,0.3376,0.2231,0.9997,0.0027,0.53125,1.0,772767744.0,772767744.0,0.228571,33.349,23027712.0,767950848.0,0.416667,4.6666,165031355.9,770129920.0,0.53125,3.342,231230692.0,772767744.0,0.595745,6.3469,121339904.0,770129920.0,0.653846,6.3167,122028032.0,770818048.0,C5,0.653846,C4,C4,C4
llama32_3b,qasper,18,qa_f1,2926,14962,8.1419,0.3369,0.2587,0.9993,0.0022,0.571429,1.0,341770240.0,341770240.0,0.444444,14.5518,23486464.0,341770240.0,0.571429,4.6189,73993241.4,341770240.0,0.571429,3.3566,101821300.0,341770240.0,0.8,2.8733,118587392.0,340738048.0,0.571429,2.8571,119619584.0,341770240.0,C4,0.8,C2,C2,C2
llama32_3b,qasper,19,qa_f1,7947,39961,8.9078,0.3301,0.2101,0.9997,0.0019,0.148148,1.0,863830016.0,863830016.0,0.125,36.371,23715840.0,862568448.0,0.166667,4.6741,184786539.4,863715328.0,0.190476,3.3827,255162880.0,863141888.0,0.16,7.1152,121454592.0,864174080.0,0.25,7.2209,119390208.0,862109696.0,C5,0.25,C5,C5,C5
llama32_3b,qmsum,0,rouge_l,10012,41672,7.545,0.272,0.096,0.9911,0.0142,0.20339,1.0,877936640.0,877936640.0,0.175676,22.7824,38510592.0,877363200.0,0.177215,4.6498,188590859.6,876904448.0,0.254335,3.2569,269384192.0,877363200.0,0.184211,6.5636,133496832.0,876216320.0,0.243902,6.5068,134873088.0,877592576.0,C3,0.254335,C5,C5,C4
llama32_3b,qmsum,1,rouge_l,15843,56671,7.5127,0.2885,0.0787,0.9998,0.0097,0.342105,1.0,868302848.0,868302848.0,0.436364,33.9787,25436160.0,864288768.0,0.288889,4.6476,187099908.9,869564416.0,0.333333,3.3314,260782592.0,868761600.0,0.393939,7.058,122601472.0,865320960.0,0.421053,7.1326,121110528.0,863830016.0,C1,0.436364,C1,C1,C1
llama32_3b,qmsum,2,rouge_l,16874,60790,7.7147,0.308,0.0862,0.9999,0.0162,0.285714,1.0,868761600.0,868761600.0,0.169492,37.7945,22798336.0,861650944.0,0.185567,4.6503,187089657.8,870023168.0,0.178218,3.296,264796672.0,872775680.0,0.217822,6.8448,127074304.0,869793792.0,0.25,6.8448,127074304.0,869793792.0,C0,0.285714,C0,C0,C0
llama32_3b,qmsum,3,rouge_l,26144,96263,7.5928,0.2853,0.0644,0.9999,0.0092,0.145985,1.0,878051328.0,878051328.0,0.164706,31.1262,27844608.0,866697216.0,0.298851,4.654,186029753.0,865779712.0,0.166667,3.294,265026048.0,873005056.0,0.189655,6.646,131547136.0,874266624.0,0.163636,6.6021,132579328.0,875298816.0,C2,0.298851,C1,C1,C1
llama32_3b,qmsum,4,rouge_l,5567,22945,7.3895,0.2929,0.1349,0.9996,0.0139,0.26087,1.0,651657216.0,651657216.0,0.214286,26.4538,24403968.0,645578752.0,0.272727,4.6395,140359754.6,651198464.0,0.269231,3.3261,195235600.0,649363456.0,0.220339,5.128,127188992.0,652230656.0,0.234234,5.1656,126042112.0,651083776.0,C2,0.272727,C2,C2,C2
llama32_3b,qmsum,5,rouge_l,16137,71346,8.5491,0.3307,0.1246,0.9975,0.0024,0.210526,1.0,875757568.0,875757568.0,0.216216,11.482,80027648.0,918880256.0,0.238095,4.6617,188084870.7,876789760.0,0.21875,3.2773,266975744.0,874954752.0,0.273504,6.6608,131203072.0,873922560.0,0.293578,6.7057,130170880.0,872890368.0,C5,0.293578,C1,C1,C1
llama32_3b,qmsum,6,rouge_l,10011,41676,7.5453,0.2723,0.0959,0.9998,0.0142,0.3,1.0,864518144.0,864518144.0,0.236842,33.5386,25780224.0,864632832.0,0.275862,4.6491,186201309.1,865665024.0,0.292683,3.3636,257227264.0,865206272.0,0.263158,7.1268,121225216.0,863944704.0,0.216216,7.1326,121110528.0,863830016.0,C0,0.3,C0,C3,C2
llama32_3b,qmsum,7,rouge_l,29990,143787,9.0664,0.3143,0.1189,0.9999,0.0028,0.38806,1.0,866238464.0,866238464.0,0.377358,34.431,25092096.0,863944704.0,0.470588,4.6637,185102066.8,863256576.0,0.328358,3.3479,258947584.0,866926592.0,0.360656,7.0808,122142720.0,864862208.0,0.356164,6.9358,125124608.0,867844096.0,C2,0.470588,C2,C1,C1
llama32_3b,qmsum,8,rouge_l,18583,70557,7.8168,0.3149,0.0887,0.9932,0.0077,0.211055,1.0,888258560.0,888258560.0,0.176991,29.9344,28991488.0,867844096.0,0.233918,4.6537,189244328.5,880689152.0,0.22619,3.2313,272480768.0,880459776.0,0.220779,6.4604,136019968.0,878739456.0,0.205714,6.4147,137166848.0,879886336.0,C2,0.233918,C4,C4,C4
llama32_3b,qmsum,9,rouge_l,13005,61340,8.4906,0.325,0.1366,0.9892,0.0021,0.324786,1.0,872431616.0,872431616.0,0.246914,35.6998,24174592.0,863027200.0,0.262295,4.6648,186730467.4,871055360.0,0.293103,3.307,263535104.0,871514112.0,0.327586,6.7873,128335872.0,871055360.0,0.266667,6.7411,129368064.0,872087552.0,C4,0.327586,C4,C4,C4
llama32_3b,qmsum,10,rouge_l,10088,40796,7.2656,0.2594,0.0857,0.946,0.0161,0.183486,1.0,869105664.0,869105664.0,0.2,28.8334,30138368.0,868990976.0,0.165289,4.6437,188022607.7,873119744.0,0.245614,3.3181,262273536.0,870252544.0,0.217822,6.7667,128794624.0,871514112.0,0.216667,6.5588,133611520.0,876331008.0,C3,0.245614,C1,C1,C1
llama32_3b,qmsum,11,rouge_l,11253,40990,7.5729,0.3031,0.0953,0.9817,0.0086,0.205882,1.0,877019136.0,877019136.0,0.191781,34.431,25092096.0,863944704.0,0.192982,4.6506,187593524.1,872431616.0,0.211268,3.2588,269154816.0,877133824.0,0.201835,6.8081,127877120.0,870596608.0,0.245902,6.6608,131203072.0,873922560.0,C5,0.245902,C5,C4,C1
llama32_3b,qmsum,12,rouge_l,8231,32494,7.1375,0.2571,0.0858,0.986,0.0146,0.257576,1.0,876789760.0,876789760.0,0.238095,27.813,31285248.0,870137856.0,0.321429,4.6436,188645588.4,875986944.0,0.28125,3.2588,269154816.0,877133824.0,0.245902,6.651,131432448.0,874151936.0,0.306452,6.6559,131317760.0,874037248.0,C2,0.321429,C5,C5,C1
llama32_3b,qmsum,13,rouge_l,12531,52225,7.631,0.2842,0.106,0.9998,0.0152,0.24,1.0,871628800.0,871628800.0,0.238095,31.5031,27500544.0,866353152.0,0.196078,4.6563,186847865.6,870023168.0,0.263158,3.2921,265255424.0,873234432.0,0.269231,6.6411,131661824.0,874381312.0,0.25,6.6708,130973696.0,873693184.0,C4,0.269231,C1,C1,C1
llama32_3b,qmsum,14,rouge_l,18413,66906,7.5093,0.282,0.0679,0.9921,0.0104,0.216667,1.0,874266624.0,874266624.0,0.168675,26.0671,33464320.0,872316928.0,0.201835,4.6504,187626422.1,872546304.0,0.178862,3.2588,269154816.0,877133824.0,0.234234,6.6658,131088384.0,873807872.0,0.192982,6.5445,133955584.0,876675072.0,C4,0.234234,C4,C4,C4
llama32_3b,qmsum,15,rouge_l,13348,50567,6.8193,0.2331,0.07,0.9823,0.0187,0.203125,1.0,874037248.0,874037248.0,0.22,26.9567,32317440.0,871170048.0,0.243478,4.639,188237576.1,873234432.0,0.239316,3.294,265026048.0,873005056.0,0.198198,6.7057,130170880.0,872890368.0,0.234375,6.5972,132694016.0,875413504.0,C2,0.243478,C1,C1,C1
llama32_3b,qmsum,16,rouge_l,25410,120528,9.0895,0.3251,0.1403,0.9999,0.003,0.205882,1.0,875413504.0,875413504.0,0.22,30.7585,28188672.0,867041280.0,0.212389,4.6653,186389328.0,869564416.0,0.21374,3.2832,266287616.0,874266624.0,0.198473,6.5828,133038080.0,875757568.0,0.208333,6.4788,135561216.0,878280704.0,C1,0.22,C1,C1,C1
llama32_3b,qmsum,17,rouge_l,12119,49902,7.5304,0.2706,0.089,0.9998,0.0134,0.354167,1.0,869105664.0,869105664.0,0.213333,33.9787,25436160.0,864288768.0,0.3,4.6486,186440749.1,866697216.0,0.354167,3.3283,261126656.0,869105664.0,0.343434,6.8237,127533056.0,870252544.0,0.29703,6.8342,127303680.0,870023168.0,C0,0.354167,C3,C4,C4
llama32_3b,qmsum,18,rouge_l,18416,66930,7.5101,0.2821,0.068,0.9918,0.0104,0.213592,1.0,874151936.0,874151936.0,0.202899,32.4204,26697728.0,865550336.0,0.252632,4.6502,187810607.1,873349120.0,0.198198,3.2502,270187008.0,878166016.0,0.235294,6.7057,130170880.0,872890368.0,0.18,6.6708,130973696.0,873693184.0,C2,0.252632,C4,C4,C1
llama32_3b,qmsum,19,rouge_l,5220,20018,6.724,0.2514,0.1084,0.9814,0.0191,0.213592,1.0,616562688.0,616562688.0,0.2,24.3835,24862720.0,606240768.0,0.142857,4.624,132173637.5,611172352.0,0.207547,3.2273,191221212.0,617136128.0,0.164706,4.8394,126386176.0,611631104.0,0.148148,4.8745,125239296.0,610484224.0,C0,0.213592,C0,C3,C1
llama32_3b,trec,0,classification,4956,22067,7.5377,0.316,0.2611,0.9997,0.0234,1.0,1.0,575619072.0,575619072.0,1.0,20.0972,28647424.0,575733760.0,1.0,4.6415,124014972.8,575619072.0,1.0,3.3091,173982564.0,575733760.0,1.0,4.614,124780544.0,575733760.0,1.0,4.614,124780544.0,575733760.0,C0,1.0,C1,C1,C1
llama32_3b,trec,1,classification,7145,31651,7.5619,0.3048,0.2321,0.9998,0.0244,0.0,1.0,826671104.0,826671104.0,0.0,28.8607,28647424.0,826785792.0,0.0,4.6586,177450785.5,826671104.0,0.0,3.3397,247560740.0,826785792.0,0.0,6.6259,124780544.0,826785792.0,0.0,6.6259,124780544.0,826785792.0,C0,0.0,C1,C1,C1
llama32_3b,trec,2,classification,10958,48491,7.7814,0.3009,0.2111,0.9999,0.0241,0.0,1.0,867385344.0,867385344.0,0.0,30.282,28647424.0,867500032.0,0.0,4.6614,186079559.4,867385344.0,0.0,3.3427,259521024.0,867500032.0,0.0,6.9522,124780544.0,867500032.0,0.0,6.9522,124780544.0,867500032.0,C0,0.0,C1,C1,C1
llama32_3b,trec,3,classification,3338,14683,7.3828,0.3373,0.2846,0.9995,0.0236,1.0,1.0,390053888.0,390053888.0,1.0,13.6197,28647424.0,390168576.0,1.0,4.6233,84367563.4,390053888.0,1.0,3.2606,119662340.0,390168576.0,1.0,3.1268,124780544.0,390168576.0,1.0,3.1268,124780544.0,390168576.0,C0,1.0,C1,C1,C1
llama32_3b,trec,4,classification,10064,44441,7.7338,0.3009,0.2204,0.9998,0.0242,1.0,1.0,867385344.0,867385344.0,0.0,30.282,28647424.0,867500032.0,1.0,4.6624,186040189.4,867385344.0,1.0,3.3427,259521024.0,867500032.0,1.0,6.9522,124780544.0,867500032.0,1.0,6.9522,124780544.0,867500032.0,C0,1.0,C4,C4,C4
llama32_3b,trec,5,classification,4316,18986,7.3006,0.309,0.2477,0.9996,0.0249,1.0,1.0,502218752.0,502218752.0,1.0,17.535,28647424.0,502333440.0,1.0,4.634,108376263.0,502218752.0,1.0,3.2947,152467280.0,502333440.0,1.0,4.0257,124780544.0,502333440.0,1.0,4.0257,124780544.0,502333440.0,C0,1.0,C1,C1,C1
llama32_3b,trec,6,classification,2849,12633,7.3902,0.3374,0.2945,0.9994,0.0237,0.0,1.0,333971456.0,333971456.0,0.0,11.662,28647424.0,334086144.0,0.0,4.6126,72403591.6,333971456.0,0.0,3.2372,103202680.0,334086144.0,0.0,2.6774,124780544.0,334086144.0,0.0,2.6774,124780544.0,334086144.0,C0,0.0,C1,C1,C1
llama32_3b,trec,7,classification,9179,40923,7.6677,0.2964,0.2221,0.9998,0.024,0.0,1.0,867385344.0,867385344.0,0.0,30.282,28647424.0,867500032.0,0.0,4.6612,186086671.4,867385344.0,0.0,3.3427,259521024.0,867500032.0,0.0,6.9522,124780544.0,867500032.0,0.0,6.9522,124780544.0,867500032.0,C0,0.0,C1,C1,C1
llama32_3b,trec,8,classification,10565,46752,7.8126,0.3025,0.2216,0.9999,0.0238,1.0,1.0,867385344.0,867385344.0,1.0,30.282,28647424.0,867500032.0,1.0,4.6621,186048873.0,867385344.0,1.0,3.3427,259521024.0,867500032.0,1.0,6.9522,124780544.0,867500032.0,1.0,6.9522,124780544.0,867500032.0,C0,1.0,C1,C1,C1
llama32_3b,trec,9,classification,7817,34486,7.6659,0.3026,0.2318,0.9998,0.0239,1.0,1.0,867385344.0,867385344.0,1.0,30.282,28647424.0,867500032.0,1.0,4.6627,186025870.1,867385344.0,1.0,3.3427,259521024.0,867500032.0,1.0,6.9522,124780544.0,867500032.0,1.0,6.9522,124780544.0,867500032.0,C0,1.0,C1,C1,C1
llama32_3b,trec,10,classification,11030,48978,7.89,0.304,0.2194,0.9999,0.0231,1.0,1.0,867385344.0,867385344.0,1.0,30.282,28647424.0,867500032.0,1.0,4.6629,186019901.1,867385344.0,1.0,3.3427,259521024.0,867500032.0,1.0,6.9522,124780544.0,867500032.0,1.0,6.9522,124780544.0,867500032.0,C0,1.0,C1,C1,C1
llama32_3b,trec,11,classification,10282,45731,7.8247,0.3034,0.2211,0.9998,0.0235,1.0,1.0,867385344.0,867385344.0,1.0,30.282,28647424.0,867500032.0,1.0,4.6586,186188350.8,867385344.0,1.0,3.3427,259521024.0,867500032.0,1.0,6.9522,124780544.0,867500032.0,1.0,6.9522,124780544.0,867500032.0,C0,1.0,C1,C1,C1
llama32_3b,trec,12,classification,2774,12440,7.2091,0.3334,0.287,0.9994,0.0239,0.0,1.0,325369856.0,325369856.0,0.0,11.3617,28647424.0,325484544.0,0.0,4.6129,70534776.8,325369856.0,0.0,3.2343,100633848.0,325484544.0,0.0,2.6085,124780544.0,325484544.0,0.0,2.6085,124780544.0,325484544.0,C0,0.0,C1,C1,C1
llama32_3b,trec,13,classification,10041,44636,7.7657,0.3005,0.2226,0.9998,0.0237,0.0,1.0,867385344.0,867385344.0,0.0,30.282,28647424.0,867500032.0,0.0,4.6605,186113833.5,867385344.0,0.0,3.3427,259521024.0,867500032.0,0.0,6.9522,124780544.0,867500032.0,0.0,6.9522,124780544.0,867500032.0,C0,0.0,C1,C1,C1
llama32_3b,trec,14,classification,8470,37582,7.6394,0.3041,0.2262,0.9998,0.0242,1.0,1.0,867385344.0,867385344.0,0.0,30.282,28647424.0,867500032.0,1.0,4.661,186093545.2,867385344.0,1.0,3.3427,259521024.0,867500032.0,1.0,6.9522,124780544.0,867500032.0,1.0,6.9522,124780544.0,867500032.0,C0,1.0,C4,C4,C4
llama32_3b,trec,15,classification,8883,39237,7.6557,0.3005,0.2194,0.9998,0.024,1.0,1.0,867385344.0,867385344.0,1.0,30.282,28647424.0,867500032.0,1.0,4.6605,186114119.2,867385344.0,1.0,3.3427,259521024.0,867500032.0,1.0,6.9522,124780544.0,867500032.0,1.0,6.9522,124780544.0,867500032.0,C0,1.0,C1,C1,C1
llama32_3b,trec,16,classification,8850,39057,7.7049,0.3051,0.2243,0.9998,0.0238,0.0,1.0,867385344.0,867385344.0,0.0,30.282,28647424.0,867500032.0,0.0,4.6618,186062874.8,867385344.0,0.0,3.3427,259521024.0,867500032.0,0.0,6.9522,124780544.0,867500032.0,0.0,6.9522,124780544.0,867500032.0,C0,0.0,C1,C1,C1
llama32_3b,trec,17,classification,6265,27941,7.6663,0.3159,0.2496,0.9997,0.0237,1.0,1.0,725745664.0,725745664.0,1.0,25.3377,28647424.0,725860352.0,1.0,4.6521,156004562.8,725745664.0,1.0,3.3302,217962696.0,725860352.0,1.0,5.8171,124780544.0,725860352.0,1.0,5.8171,124780544.0,725860352.0,C0,1.0,C1,C1,C1
llama32_3b,trec,18,classification,5991,26687,7.5822,0.3149,0.2495,0.9997,0.0241,1.0,1.0,694321152.0,694321152.0,1.0,24.2408,28647424.0,694435840.0,1.0,4.6505,149301752.0,694321152.0,1.0,3.3264,208767440.0,694435840.0,1.0,5.5653,124780544.0,694435840.0,1.0,5.5653,124780544.0,694435840.0,C0,1.0,C1,C1,C1
llama32_3b,trec,19,classification,11176,49551,7.73,0.2964,0.211,0.9999,0.0241,1.0,1.0,867385344.0,867385344.0,1.0,30.282,28647424.0,867500032.0,1.0,4.6621,186050143.0,867385344.0,1.0,3.3427,259521024.0,867500032.0,1.0,6.9522,124780544.0,867500032.0,1.0,6.9522,124780544.0,867500032.0,C0,1.0,C1,C1,C1
llama32_3b,triviaqa,0,qa_f1,5506,23489,9.3091,0.4315,0.3482,0.9711,0.0139,1.0,1.0,635027456.0,635027456.0,1.0,25.4287,24977408.0,635142144.0,1.0,4.6473,136645299.8,635027456.0,1.0,3.3626,188883044.0,635142144.0,1.0,5.2443,121110528.0,635142144.0,1.0,5.2443,121110528.0,635142144.0,C0,1.0,C1,C1,C1
llama32_3b,triviaqa,1,qa_f1,20031,85780,10.2352,0.4154,0.2659,0.9999,0.012,1.0,1.0,863715328.0,863715328.0,1.0,36.5429,23601152.0,862453760.0,1.0,4.6657,185121533.6,863715328.0,1.0,3.3763,255851008.0,863830016.0,1.0,7.1326,121110528.0,863830016.0,1.0,7.1326,121110528.0,863830016.0,C0,1.0,C1,C1,C1
llama32_3b,triviaqa,2,qa_f1,12920,55689,9.8841,0.4137,0.2892,0.9998,0.0096,1.0,1.0,863715328.0,863715328.0,1.0,37.428,23027712.0,861880320.0,1.0,4.6585,185405553.2,863715328.0,1.0,3.3763,255851008.0,863830016.0,1.0,7.1326,121110528.0,863830016.0,1.0,7.1326,121110528.0,863830016.0,C0,1.0,C1,C1,C1
llama32_3b,triviaqa,3,qa_f1,11013,47493,9.7234,0.4216,0.2947,0.9998,0.0106,0.666667,1.0,863715328.0,863715328.0,0.666667,39.1374,21995520.0,860848128.0,0.666667,4.6635,185207623.8,863715328.0,0.666667,3.3763,255851008.0,863830016.0,0.666667,7.1326,121110528.0,863830016.0,0.666667,7.1326,121110528.0,863830016.0,C0,0.666667,C1,C1,C1
llama32_3b,triviaqa,4,qa_f1,8326,36757,9.7764,0.4334,0.347,0.9997,0.0094,1.0,1.0,863715328.0,863715328.0,1.0,34.5845,24977408.0,863830016.0,1.0,4.6527,185637931.5,863715328.0,1.0,3.3763,255851008.0,863830016.0,1.0,7.1326,121110528.0,863830016.0,1.0,7.1326,121110528.0,863830016.0,C0,1.0,C1,C1,C1
llama32_3b,triviaqa,5,qa_f1,10453,44556,9.8651,0.4275,0.3041,0.9998,0.0077,1.0,1.0,863715328.0,863715328.0,1.0,34.5845,24977408.0,863830016.0,1.0,4.6619,185271076.1,863715328.0,1.0,3.3763,255851008.0,863830016.0,1.0,7.1326,121110528.0,863830016.0,1.0,7.1326,121110528.0,863830016.0,C0,1.0,C1,C1,C1
llama32_3b,triviaqa,6,qa_f1,10376,40413,9.6745,0.4218,0.2876,0.9998,0.0199,1.0,1.0,863715328.0,863715328.0,1.0,34.5845,24977408.0,863830016.0,1.0,4.6543,185572637.6,863715328.0,1.0,3.3763,255851008.0,863830016.0,1.0,7.1326,121110528.0,863830016.0,1.0,7.1326,121110528.0,863830016.0,C0,1.0,C1,C1,C1
llama32_3b,triviaqa,7,qa_f1,11311,47275,9.8567,0.4253,0.302,0.9998,0.0141,1.0,1.0,863715328.0,863715328.0,0.173913,34.5845,24977408.0,863830016.0,1.0,4.6616,185283982.5,863715328.0,1.0,3.3763,255851008.0,863830016.0,1.0,7.1326,121110528.0,863830016.0,1.0,7.1326,121110528.0,863830016.0,C0,1.0,C4,C4,C4
llama32_3b,triviaqa,8,qa_f1,7724,31840,9.5544,0.4356,0.322,0.9997,0.0109,1.0,1.0,863715328.0,863715328.0,1.0,35.5359,24289280.0,863141888.0,1.0,4.6646,185162316.5,863715328.0,1.0,3.3763,255851008.0,863830016.0,1.0,7.1326,121110528.0,863830016.0,1.0,7.1326,121110528.0,863830016.0,C0,1.0,C1,C1,C1
llama32_3b,triviaqa,9,qa_f1,4342,16034,8.659,0.4387,0.3194,0.9994,0.0158,1.0,1.0,498319360.0,498319360.0,0.16,20.084,24977408.0,501645312.0,1.0,4.6212,107833231.5,498319360.0,1.0,3.4056,146322008.0,498319360.0,1.0,4.2308,117784576.0,498319360.0,1.0,4.2308,117784576.0,498319360.0,C0,1.0,C2,C2,C2
llama32_3b,triviaqa,10,qa_f1,18145,76648,10.0678,0.4129,0.2681,0.9999,0.0121,1.0,1.0,863715328.0,863715328.0,1.0,34.5845,24977408.0,863830016.0,1.0,4.6644,185172238.4,863715328.0,1.0,3.3763,255851008.0,863830016.0,1.0,7.1326,121110528.0,863830016.0,1.0,7.1326,121110528.0,863830016.0,C0,1.0,C1,C1,C1
llama32_3b,triviaqa,11,qa_f1,11796,51154,9.8023,0.4091,0.292,0.9998,0.0106,1.0,1.0,863715328.0,863715328.0,1.0,34.5845,24977408.0,863830016.0,1.0,4.6554,185531426.1,863715328.0,1.0,3.3763,255851008.0,863830016.0,1.0,7.1326,121110528.0,863830016.0,1.0,7.1326,121110528.0,863830016.0,C0,1.0,C1,C1,C1
llama32_3b,triviaqa,12,qa_f1,19728,83538,10.0535,0.4093,0.2526,0.9999,0.0121,1.0,1.0,863715328.0,863715328.0,1.0,34.5845,24977408.0,863830016.0,1.0,4.6656,185123470.4,863715328.0,1.0,3.3763,255851008.0,863830016.0,1.0,7.1326,121110528.0,863830016.0,1.0,7.1326,121110528.0,863830016.0,C0,1.0,C1,C1,C1
llama32_3b,triviaqa,13,qa_f1,3265,14180,9.0301,0.4352,0.3807,0.9993,0.0136,1.0,1.0,378011648.0,378011648.0,1.0,15.1387,24977408.0,378126336.0,1.0,4.6123,81956768.9,378011648.0,1.0,3.3318,113489096.0,378126336.0,1.0,3.1222,121110528.0,378126336.0,1.0,3.1222,121110528.0,378126336.0,C0,1.0,C1,C1,C1
llama32_3b,triviaqa,14,qa_f1,20796,87722,10.1281,0.4156,0.2575,0.9999,0.0102,1.0,1.0,863715328.0,863715328.0,1.0,39.3373,21880832.0,860733440.0,1.0,4.6669,184432841.4,860733440.0,1.0,3.3763,255851008.0,863830016.0,1.0,7.1326,121110528.0,863830016.0,1.0,7.1326,121110528.0,863830016.0,C0,1.0,C1,C1,C1
llama32_3b,triviaqa,15,qa_f1,4908,22747,9.2835,0.4253,0.3775,0.9996,0.0079,1.0,1.0,566444032.0,566444032.0,1.0,24.7553,22798336.0,564379648.0,1.0,4.6352,122205426.0,566444032.0,1.0,3.3575,168742056.0,566558720.0,1.0,4.678,121110528.0,566558720.0,1.0,4.678,121110528.0,566558720.0,C0,1.0,C1,C1,C1
llama32_3b,triviaqa,16,qa_f1,10231,42226,9.7102,0.4236,0.2923,0.9998,0.0109,1.0,1.0,863715328.0,863715328.0,1.0,34.5845,24977408.0,863830016.0,1.0,4.6595,185366310.2,863715328.0,1.0,3.3763,255851008.0,863830016.0,1.0,7.1326,121110528.0,863830016.0,1.0,7.1326,121110528.0,863830016.0,C0,1.0,C1,C1,C1
llama32_3b,triviaqa,17,qa_f1,13960,57722,9.8074,0.3969,0.2583,0.9998,0.0128,1.0,1.0,863715328.0,863715328.0,1.0,34.5845,24977408.0,863830016.0,1.0,4.6692,184980881.1,863715328.0,1.0,3.3763,255851008.0,863830016.0,1.0,7.1326,121110528.0,863830016.0,1.0,7.1326,121110528.0,863830016.0,C0,1.0,C1,C1,C1
llama32_3b,triviaqa,18,qa_f1,14332,61082,9.9033,0.4151,0.2787,0.9998,0.0104,1.0,1.0,863715328.0,863715328.0,1.0,34.5845,24977408.0,863830016.0,1.0,4.6641,185183335.0,863715328.0,1.0,3.3763,255851008.0,863830016.0,1.0,7.1326,121110528.0,863830016.0,1.0,7.1326,121110528.0,863830016.0,C0,1.0,C1,C1,C1
llama32_3b,triviaqa,19,qa_f1,8168,35421,9.6464,0.4262,0.3249,0.9997,0.0103,0.8,1.0,863715328.0,863715328.0,0.8,34.5845,24977408.0,863830016.0,1.0,4.6603,185336624.0,863715328.0,0.8,3.3763,255851008.0,863830016.0,0.8,7.1326,121110528.0,863830016.0,0.8,7.1326,121110528.0,863830016.0,C2,1.0,C1,C1,C1
llama31_8b,2wikimqa,0,qa_f1,7070,28692,9.2384,0.4218,0.2836,0.9997,0.0066,0.4,1.0,932446208.0,932446208.0,1.0,37.3053,24977408.0,931790848.0,1.0,4.6251,201465530.2,931790848.0,0.4,3.4003,274221600.0,932446208.0,0.4,6.8867,135397376.0,932446208.0,0.4,6.8867,135397376.0,932446208.0,C1,1.0,C1,C1,C1
llama31_8b,2wikimqa,1,qa_f1,14710,62672,9.5357,0.3981,0.2328,0.9999,0.0057,1.0,1.0,983826432.0,983826432.0,1.0,38.9796,25239552.0,983826432.0,1.0,4.6311,212441320.0,983826432.0,1.0,3.4043,288993280.0,983826432.0,1.0,7.2874,135004160.0,983826432.0,1.0,7.2874,135004160.0,983826432.0,C0,1.0,C1,C1,C1
llama31_8b,2wikimqa,2,qa_f1,4009,17129,8.6992,0.4018,0.3173,0.9995,0.0109,0.0,1.0,530317312.0,530317312.0,0.0,21.4571,24715264.0,530317312.0,0.0,4.5973,115353725.0,530317312.0,0.0,3.4063,155687968.0,530317312.0,0.0,3.9435,134479872.0,530317312.0,0.0,3.9435,134479872.0,530317312.0,C0,0.0,C1,C1,C1
llama31_8b,2wikimqa,3,qa_f1,6890,26490,8.6988,0.3843,0.2244,0.9997,0.008,0.666667,1.0,909246464.0,909246464.0,0.666667,34.9361,26025984.0,909246464.0,0.666667,4.6172,196925247.6,909246464.0,0.666667,3.3958,267752448.0,909246464.0,0.666667,6.6959,135790592.0,909246464.0,0.666667,6.6959,135790592.0,909246464.0,C0,0.666667,C1,C1,C1
llama31_8b,2wikimqa,4,qa_f1,7010,30077,9.1558,0.4025,0.2845,0.9997,0.0051,0.0,1.0,923926528.0,923926528.0,0.0,36.4327,25370624.0,924319744.0,0.0,4.6153,200187485.8,923926528.0,0.0,3.4053,271322592.0,923926528.0,0.0,6.857,134742016.0,923926528.0,0.0,6.857,134742016.0,923926528.0,C0,0.0,C1,C1,C1
llama31_8b,2wikimqa,5,qa_f1,14559,63474,9.451,0.3858,0.2337,0.9999,0.0045,1.0,1.0,983433216.0,983433216.0,1.0,39.5806,24846336.0,983433216.0,1.0,4.6219,212777839.2,983433216.0,1.0,3.4076,288600064.0,983433216.0,1.0,7.3057,134610944.0,983433216.0,1.0,7.3057,134610944.0,983433216.0,C0,1.0,C1,C1,C1
llama31_8b,2wikimqa,6,qa_f1,10916,48092,9.3894,0.403,0.2615,0.9998,0.0044,1.0,1.0,983564288.0,983564288.0,0.8,38.5891,25501696.0,984088576.0,1.0,4.6255,212637800.2,983564288.0,1.0,3.4065,288731136.0,983564288.0,1.0,7.2996,134742016.0,983564288.0,1.0,7.2996,134742016.0,983564288.0,C0,1.0,C4,C4,C4
llama31_8b,2wikimqa,7,qa_f1,6227,26363,8.9573,0.3937,0.2685,0.9997,0.0077,1.0,1.0,821035008.0,821035008.0,1.0,33.2198,24715264.0,821035008.0,1.0,4.6196,177729808.2,821035008.0,1.0,3.4087,240861472.0,821035008.0,1.0,6.1053,134479872.0,821035008.0,1.0,6.1053,134479872.0,821035008.0,C0,1.0,C1,C1,C1
llama31_8b,2wikimqa,8,qa_f1,5479,22599,9.1511,0.4226,0.3209,0.9996,0.0102,0.0,1.0,722993152.0,722993152.0,0.0,29.2529,24715264.0,722993152.0,0.0,4.6085,156882647.8,722993152.0,0.0,3.4066,212233376.0,722993152.0,0.0,5.3762,134479872.0,722993152.0,0.0,5.3762,134479872.0,722993152.0,C0,0.0,C1,C1,C1
llama31_8b,2wikimqa,9,qa_f1,8532,36479,9.5704,0.4232,0.3131,0.9998,0.0089,1.0,1.0,983826432.0,983826432.0,1.0,38.9796,25239552.0,983826432.0,1.0,4.6273,212615500.5,983826432.0,1.0,3.4043,288993280.0,983826432.0,1.0,7.2874,135004160.0,983826432.0,1.0,7.2874,135004160.0,983826432.0,C0,1.0,C1,C1,C1
llama31_8b,2wikimqa,10,qa_f1,6391,26415,9.4373,0.4482,0.3472,0.9997,0.0083,0.5,1.0,842792960.0,842792960.0,0.5,33.7422,24977408.0,842792960.0,0.5,4.622,182344975.2,842792960.0,0.5,3.405,247518656.0,842792960.0,0.5,6.2549,134742016.0,842792960.0,0.5,6.2549,134742016.0,842792960.0,C0,0.5,C1,C1,C1
llama31_8b,2wikimqa,11,qa_f1,6360,24808,9.2092,0.3527,0.2704,0.9996,0.0123,1.0,1.0,838598656.0,838598656.0,1.0,33.7514,24846336.0,838598656.0,1.0,4.6076,182001715.5,838598656.0,1.0,3.4076,246097376.0,838598656.0,1.0,6.2298,134610944.0,838598656.0,1.0,6.2298,134610944.0,838598656.0,C0,1.0,C1,C1,C1
llama31_8b,2wikimqa,12,qa_f1,3984,16191,9.0796,0.4612,0.3898,0.9994,0.0146,0.8,1.0,527171584.0,527171584.0,0.8,21.2173,24846336.0,527171584.0,0.8,4.5996,114611465.6,527171584.0,0.8,3.4037,154884128.0,527171584.0,0.8,3.9163,134610944.0,527171584.0,0.8,3.9163,134610944.0,527171584.0,C0,0.8,C1,C1,C1
llama31_8b,2wikimqa,13,qa_f1,13857,59643,9.3056,0.3694,0.2105,0.9998,0.005,0.0,1.0,983564288.0,983564288.0,0.0,39.7852,24715264.0,983302144.0,0.0,4.6252,212679815.8,983695360.0,0.0,3.4054,288862208.0,983695360.0,0.0,7.2935,134873088.0,983695360.0,0.0,7.2935,134873088.0,983695360.0,C0,0.0,C1,C1,C1
llama31_8b,2wikimqa,14,qa_f1,5994,22292,9.2193,0.4388,0.2995,0.9996,0.0082,0.5,1.0,790757376.0,790757376.0,0.5,31.6589,24977408.0,790757376.0,0.5,4.6047,171729484.5,790757376.0,0.5,3.4043,232279136.0,790757376.0,0.5,5.8687,134742016.0,790757376.0,0.5,5.8687,134742016.0,790757376.0,C0,0.5,C1,C1,C1
llama31_8b,2wikimqa,15,qa_f1,5071,20096,7.9043,0.3382,0.2041,0.9996,0.0043,0.0,1.0,669777920.0,669777920.0,0.0,26.8153,24977408.0,669777920.0,0.0,4.599,145635017.5,669777920.0,0.0,3.4048,196713440.0,669777920.0,0.0,4.9708,134742016.0,669777920.0,0.0,4.9708,134742016.0,669777920.0,C0,0.0,C1,C1,C1
llama31_8b,2wikimqa,16,qa_f1,14271,61863,9.4106,0.3833,0.231,0.9999,0.0047,0.0,1.0,985661440.0,985661440.0,0.0,36.4054,27074560.0,985661440.0,0.0,4.6257,213112811.6,985792512.0,0.0,3.3881,290959360.0,985792512.0,0.0,7.2031,136839168.0,985661440.0,0.0,7.1971,136970240.0,985792512.0,C0,0.0,C1,C1,C1
llama31_8b,2wikimqa,17,qa_f1,5211,22652,9.2454,0.4276,0.3514,0.9996,0.0079,0.0,1.0,691666944.0,691666944.0,0.0,27.2743,25239552.0,688390144.0,0.0,4.6097,150047502.8,691666944.0,0.0,3.3623,205750176.0,691798016.0,0.0,4.9981,138412032.0,691798016.0,0.0,4.9981,138412032.0,691798016.0,C0,0.0,C1,C1,C1
llama31_8b,2wikimqa,18,qa_f1,5788,24101,9.2209,0.4376,0.343,0.9996,0.0093,1.0,1.0,763887616.0,763887616.0,0.666667,30.2707,25239552.0,764018688.0,1.0,4.6122,165621810.6,763887616.0,1.0,3.4035,224444544.0,763887616.0,1.0,5.6683,134742016.0,763756544.0,1.0,5.6683,134742016.0,763756544.0,C0,1.0,C4,C4,C4
llama31_8b,2wikimqa,19,qa_f1,9035,36831,9.3129,0.4129,0.2614,0.9998,0.0094,1.0,1.0,983564288.0,983564288.0,0.166667,34.4615,28647424.0,987234304.0,1.0,4.6225,212776547.8,983564288.0,1.0,3.4065,288731136.0,983564288.0,1.0,7.2996,134742016.0,983564288.0,1.0,7.2996,134742016.0,983564288.0,C0,1.0,C4,C4,C4
llama31_8b,gov_report,0,rouge_l,10697,53640,8.4731,0.283,0.1465,0.6293,0.0001,0.389549,1.0,1046872064.0,1046872064.0,0.145349,13.4049,77275136.0,1035862016.0,0.335766,4.5993,226731559.2,1042808832.0,0.397094,2.9767,351514624.0,1046347776.0,0.293478,5.2521,199622656.0,1048444928.0,0.378947,5.4417,191102976.0,1039925248.0,C3,0.397094,C3,C5,C5
llama31_8b,gov_report,1,rouge_l,18663,92252,9.0928,0.3043,0.1485,0.9202,0.0001,0.387268,1.0,1036255232.0,1036255232.0,0.181818,12.139,86056960.0,1044643840.0,0.301676,4.6124,224867425.3,1037172736.0,0.413098,2.9555,355315712.0,1050148864.0,0.333333,5.2774,198443008.0,1047265280.0,0.376731,5.2161,201326592.0,1050148864.0,C3,0.413098,C3,C5,C5
llama31_8b,gov_report,2,rouge_l,7737,38930,8.184,0.2741,0.1638,,0.0002,0.358744,1.0,1050017792.0,1050017792.0,0.154639,14.2116,72556544.0,1031143424.0,0.401848,4.6034,228096769.8,1050017792.0,0.313539,2.9555,355315712.0,1050148864.0,0.28133,5.5318,187301888.0,1036124160.0,0.334096,5.2661,198967296.0,1047789568.0,C2,0.401848,C2,C2,C5
llama31_8b,gov_report,3,rouge_l,2656,13938,8.2162,0.3637,0.2925,,0.0005,0.353741,1.0,410517504.0,410517504.0,0.242424,4.6372,90251264.0,418512896.0,0.341637,4.5624,91242572.9,416284672.0,0.37013,2.5092,165121408.0,414318592.0,0.280576,2.0853,201326592.0,419823616.0,0.324528,2.1465,190578688.0,409075712.0,C3,0.37013,C3,C2,C2
llama31_8b,gov_report,4,rouge_l,13262,65941,8.8999,0.3124,0.1706,0.6288,0.0001,0.294896,1.0,1050017792.0,1050017792.0,0.173536,12.4351,83828736.0,1042415616.0,0.280488,4.6162,225250852.7,1039794176.0,0.289628,3.0051,346533888.0,1041367040.0,0.232967,5.5994,184549376.0,1033371648.0,0.258197,5.457,190447616.0,1039269888.0,C0,0.294896,C0,C2,C2
llama31_8b,gov_report,5,rouge_l,8962,43358,8.4292,0.2968,0.1599,,0.0002,0.387268,1.0,1050017792.0,1050017792.0,0.181269,13.1574,78848000.0,1037434880.0,0.349462,4.6058,227976675.4,1050017792.0,0.389474,3.0028,346927104.0,1041760256.0,0.294798,5.5574,186253312.0,1035075584.0,0.275862,5.7132,180092928.0,1028915200.0,C3,0.389474,C3,C3,C2
llama31_8b,gov_report,6,rouge_l,8151,46529,8.5585,0.2849,0.1759,0.8959,0.0002,0.364389,1.0,1044643840.0,1044643840.0,0.180488,15.0761,68100096.0,1026686976.0,0.373391,4.6116,224793295.6,1036648448.0,0.385744,3.0112,345485312.0,1040318464.0,0.26087,5.4478,190840832.0,1039663104.0,0.250569,5.4205,192020480.0,1040842752.0,C3,0.385744,C2,C2,C2
llama31_8b,gov_report,7,rouge_l,6381,34367,8.2872,0.29,0.1783,,0.0002,0.392713,1.0,893255680.0,893255680.0,0.157783,13.4948,65347584.0,881852416.0,0.318725,4.5945,195474322.1,898105344.0,0.385892,3.0193,294330752.0,888668160.0,0.232068,4.8569,183238656.0,889978880.0,0.266667,4.9444,179175424.0,885915648.0,C0,0.392713,C0,C3,C3
llama31_8b,gov_report,8,rouge_l,2810,14349,7.8916,0.3348,0.2456,,0.0005,0.394068,1.0,429260800.0,429260800.0,0.221176,5.0552,85925888.0,434372608.0,0.398287,4.5575,93526002.2,426246144.0,0.405797,2.5408,171011552.0,434503680.0,0.332564,2.2961,184156160.0,422838272.0,0.299559,2.2498,190971904.0,429654016.0,C3,0.405797,C2,C2,C2
llama31_8b,gov_report,9,rouge_l,20394,102565,8.8963,0.2931,0.1259,,0.0001,0.237885,1.0,1050017792.0,1050017792.0,0.188383,13.7509,75177984.0,1033764864.0,0.240117,4.6122,227659381.8,1050017792.0,0.268256,2.9606,354398208.0,1049231360.0,0.19133,5.2161,201326592.0,1050148864.0,0.19432,5.2161,201326592.0,1050148864.0,C3,0.268256,C2,C2,C2
llama31_8b,gov_report,10,rouge_l,6081,32826,8.5808,0.3445,0.2529,0.2857,0.0002,0.229814,1.0,863371264.0,863371264.0,0.229965,10.8567,78848000.0,856031232.0,0.224561,4.6023,184348856.9,848429056.0,0.255193,2.9473,290976128.0,857604096.0,0.238908,4.3151,201326592.0,868745216.0,0.28115,4.5214,189530112.0,856948736.0,C5,0.28115,C1,C1,C1
llama31_8b,gov_report,11,rouge_l,4186,19201,8.1371,0.3423,0.2121,,0.0004,0.364389,1.0,620232704.0,620232704.0,0.26898,6.7753,91561984.0,620363776.0,0.31405,4.5791,133817955.4,612761600.0,0.367347,2.7056,229284768.0,620363776.0,0.335404,3.0814,201326592.0,620363776.0,0.300412,3.0814,201326592.0,620363776.0,C3,0.367347,C3,C3,C4
llama31_8b,gov_report,12,rouge_l,6736,38155,8.6379,0.3184,0.2199,,0.0002,0.295082,1.0,954466304.0,954466304.0,0.163934,13.1135,71245824.0,934281216.0,0.345455,4.6008,204266489.6,939786240.0,0.361111,3.0187,310752160.0,938082304.0,0.253968,4.8936,193462272.0,946733056.0,0.225882,5.0415,186384384.0,939655168.0,C3,0.361111,C2,C2,C2
llama31_8b,gov_report,13,rouge_l,4632,24989,8.109,0.3122,0.2118,,0.0003,0.334975,1.0,661913600.0,661913600.0,0.205128,8.9221,74129408.0,661389312.0,0.343675,4.5765,145779925.9,667156480.0,0.299287,2.8483,233904960.0,666238976.0,0.222222,3.4158,197656576.0,675151872.0,0.244019,3.3717,201326592.0,678821888.0,C2,0.343675,C2,C2,C2
llama31_8b,gov_report,14,rouge_l,5712,27046,8.6594,0.3681,0.2509,0.9979,0.0003,0.286869,1.0,820248576.0,820248576.0,0.131291,10.0184,80814080.0,809631744.0,0.3,4.6018,177733848.5,817889280.0,0.29703,2.8493,287924576.0,820379648.0,0.220339,4.0749,201326592.0,820379648.0,0.232068,4.0749,201326592.0,820379648.0,C2,0.3,C2,C2,C2
llama31_8b,gov_report,15,rouge_l,5718,30185,8.7252,0.3677,0.2854,0.993,0.0002,0.226994,1.0,812384256.0,812384256.0,0.169611,11.2219,71376896.0,800980992.0,0.260586,4.5983,174591181.9,802816000.0,0.274143,2.937,275173024.0,808189952.0,0.250847,4.1696,195559424.0,815398912.0,0.239264,4.1888,194379776.0,814219264.0,C3,0.274143,C2,C2,C2
llama31_8b,gov_report,16,rouge_l,4218,22425,8.4086,0.3415,0.275,0.9084,0.0003,0.323907,1.0,624427008.0,624427008.0,0.252747,7.156,86581248.0,619577344.0,0.34555,4.5831,136245631.2,624427008.0,0.313433,2.7083,230612640.0,624558080.0,0.277929,3.1936,192937984.0,616169472.0,0.291105,3.1384,197918720.0,621150208.0,C2,0.34555,C2,C2,C2
llama31_8b,gov_report,17,rouge_l,18156,95443,8.6124,0.2647,0.1212,0.949,0.0001,0.305936,1.0,1049886720.0,1049886720.0,0.189573,13.4471,77012992.0,1035599872.0,0.240741,4.6058,225812578.4,1040056320.0,0.295455,2.9555,355315712.0,1050148864.0,0.247423,5.3001,197394432.0,1046216704.0,0.21466,5.8113,176422912.0,1025245184.0,C0,0.305936,C0,C3,C3
llama31_8b,gov_report,18,rouge_l,4627,22492,8.203,0.3152,0.2083,,0.0003,0.459893,1.0,675151872.0,675151872.0,0.322581,7.4066,91561984.0,678166528.0,0.403315,4.5893,144972268.8,665321472.0,0.43956,2.7886,241451296.0,673316864.0,0.386364,3.4631,193593344.0,670433280.0,0.397727,3.4631,193593344.0,670433280.0,C0,0.459893,C0,C3,C3
llama31_8b,gov_report,19,rouge_l,2818,15225,8.2116,0.3663,0.3034,,0.0005,0.298211,1.0,427163648.0,427163648.0,0.154867,5.7398,73736192.0,423231488.0,0.317125,4.5607,91994462.8,419561472.0,0.333952,2.5824,166985376.0,431226880.0,0.248927,2.2889,185991168.0,425721856.0,0.2423,2.2962,184942592.0,424673280.0,C3,0.333952,C2,C2,C2
llama31_8b,hotpotqa,0,qa_f1,11345,54414,9.3786,0.3765,0.2538,0.9998,0.0039,0.333333,1.0,983826432.0,983826432.0,0.333333,38.9796,25239552.0,983826432.0,0.333333,4.6287,212548269.9,983826432.0,0.333333,3.4043,288993280.0,983826432.0,0.333333,7.2874,135004160.0,983826432.0,0.333333,7.2874,135004160.0,983826432.0,C0,0.333333,C1,C1,C1
llama31_8b,hotpotqa,1,qa_f1,16253,72455,9.3354,0.3635,0.2117,0.9999,0.003,0.0,1.0,985923584.0,985923584.0,0.0,36.0659,27336704.0,985923584.0,0.0,4.6293,212974058.5,985923584.0,0.0,3.387,291090432.0,985923584.0,0.0,7.1912,137101312.0,985923584.0,0.0,7.1912,137101312.0,985923584.0,C0,0.0,C1,C1,C1
llama31_8b,hotpotqa,2,qa_f1,11033,48472,9.5235,0.4002,0.2607,0.9998,0.0059,1.0,1.0,983564288.0,983564288.0,0.666667,39.1778,25108480.0,983695360.0,1.0,4.6232,212746591.6,983564288.0,1.0,3.4065,288731136.0,983564288.0,1.0,7.2996,134742016.0,983564288.0,1.0,7.2996,134742016.0,983564288.0,C0,1.0,C4,C4,C4
llama31_8b,hotpotqa,3,qa_f1,16339,77553,9.7124,0.3832,0.2529,0.9999,0.0046,0.0,1.0,983433216.0,983433216.0,0.0,39.5806,24846336.0,983433216.0,0.0,4.621,212819320.6,983433216.0,0.0,3.4076,288600064.0,983433216.0,0.0,7.3057,134610944.0,983433216.0,0.0,7.3057,134610944.0,983433216.0,C0,0.0,C1,C1,C1
llama31_8b,hotpotqa,4,qa_f1,16243,80361,8.8794,0.2523,0.1606,0.9999,0.0402,0.666667,1.0,983695360.0,983695360.0,0.666667,39.1778,25108480.0,983695360.0,0.666667,4.6172,213050290.6,983695360.0,0.666667,3.4054,288862208.0,983695360.0,0.666667,7.2935,134873088.0,983695360.0,0.666667,7.2935,134873088.0,983695360.0,C0,0.666667,C1,C1,C1
llama31_8b,hotpotqa,5,qa_f1,5046,19649,8.6993,0.4065,0.2782,0.9995,0.0062,1.0,1.0,666501120.0,666501120.0,1.0,26.6842,24977408.0,666501120.0,1.0,4.6038,144771097.8,666501120.0,1.0,3.4044,195778528.0,666501120.0,1.0,4.9465,134742016.0,666501120.0,1.0,4.9465,134742016.0,666501120.0,C0,1.0,C1,C1,C1
llama31_8b,hotpotqa,6,qa_f1,16368,75436,9.4145,0.3785,0.2102,0.9999,0.004,0.0,1.0,983171072.0,983171072.0,0.0,39.992,24584192.0,983171072.0,0.0,4.6308,212313459.1,983171072.0,0.0,3.4098,288337920.0,983171072.0,0.0,7.318,134348800.0,983171072.0,0.0,7.318,134348800.0,983171072.0,C0,0.0,C1,C1,C1
llama31_8b,hotpotqa,7,qa_f1,13519,58965,9.6631,0.3994,0.2516,0.9998,0.005,0.0,1.0,983302144.0,983302144.0,0.0,39.7852,24715264.0,983302144.0,0.0,4.6231,212690976.9,983302144.0,0.0,3.4087,288468992.0,983302144.0,0.0,7.3119,134479872.0,983302144.0,0.0,7.3119,134479872.0,983302144.0,C0,0.0,C1,C1,C1
llama31_8b,hotpotqa,8,qa_f1,9709,42966,9.6744,0.4149,0.3151,0.9998,0.0056,0.5,1.0,983695360.0,983695360.0,0.5,39.1778,25108480.0,983695360.0,0.5,4.6274,212581200.2,983695360.0,0.5,3.4054,288862208.0,983695360.0,0.5,7.2935,134873088.0,983695360.0,0.5,7.2935,134873088.0,983695360.0,C0,0.5,C1,C1,C1
llama31_8b,hotpotqa,9,qa_f1,11220,47315,8.8959,0.3591,0.1946,0.9998,0.0066,0.4,1.0,983564288.0,983564288.0,0.4,39.3782,24977408.0,983564288.0,0.4,4.617,213028880.9,983564288.0,0.4,3.4065,288731136.0,983564288.0,0.4,7.2996,134742016.0,983564288.0,0.4,7.2996,134742016.0,983564288.0,C0,0.4,C1,C1,C1
llama31_8b,hotpotqa,10,qa_f1,15466,67481,9.4427,0.393,0.2435,0.9999,0.0047,1.0,1.0,983564288.0,983564288.0,1.0,39.5806,24846336.0,983433216.0,1.0,4.628,212522547.7,983564288.0,1.0,3.4065,288731136.0,983564288.0,1.0,7.2996,134742016.0,983564288.0,1.0,7.2996,134742016.0,983564288.0,C0,1.0,C1,C1,C1
llama31_8b,hotpotqa,11,qa_f1,15969,76568,9.4284,0.37,0.2278,0.9999,0.0039,0.666667,1.0,983957504.0,983957504.0,0.0,39.3782,24977408.0,983564288.0,0.0,4.619,213165487.9,984612864.0,0.666667,3.4032,289124352.0,983957504.0,0.666667,7.2813,135135232.0,983957504.0,0.666667,7.2813,135135232.0,983957504.0,C0,0.666667,C4,C4,C4
llama31_8b,hotpotqa,12,qa_f1,3507,16166,9.0833,0.4285,0.3884,0.9994,0.0067,1.0,1.0,464388096.0,464388096.0,1.0,18.8897,24584192.0,464388096.0,1.0,4.5854,101274651.5,464388096.0,1.0,3.4081,136259392.0,464388096.0,1.0,3.4566,134348800.0,464388096.0,1.0,3.4566,134348800.0,464388096.0,C0,1.0,C1,C1,C1
llama31_8b,hotpotqa,13,qa_f1,13481,61276,9.3435,0.3763,0.2268,0.9999,0.0043,0.0,1.0,983433216.0,983433216.0,0.0,39.5806,24846336.0,983433216.0,0.0,4.6222,212760837.1,983433216.0,0.0,3.4076,288600064.0,983433216.0,0.0,7.3057,134610944.0,983433216.0,0.0,7.3057,134610944.0,983433216.0,C0,0.0,C1,C1,C1
llama31_8b,hotpotqa,14,qa_f1,13330,48910,9.6626,0.4153,0.2658,0.9998,0.0082,0.0,1.0,985268224.0,985268224.0,0.086957,34.4615,28647424.0,987234304.0,0.0,4.6164,213255552.4,984481792.0,0.0,3.3924,290435072.0,985268224.0,0.0,7.2449,135921664.0,984743936.0,0.0,7.2449,135921664.0,984743936.0,C1,0.086957,C1,C1,C1
llama31_8b,hotpotqa,15,qa_f1,14429,62696,9.4936,0.3783,0.2263,0.9999,0.0062,0.666667,1.0,983433216.0,983433216.0,0.666667,39.5806,24846336.0,983433216.0,0.666667,4.6175,212952819.1,983302144.0,0.666667,3.4076,288600064.0,983433216.0,0.666667,7.3057,134610944.0,983433216.0,0.666667,7.3057,134610944.0,983433216.0,C0,0.666667,C1,C1,C1
llama31_8b,hotpotqa,16,qa_f1,10884,44633,9.1698,0.3814,0.2242,0.9998,0.0071,1.0,1.0,983171072.0,983171072.0,1.0,39.992,24584192.0,983171072.0,1.0,4.6265,212508181.9,983171072.0,1.0,3.4098,288337920.0,983171072.0,1.0,7.318,134348800.0,983171072.0,1.0,7.318,134348800.0,983171072.0,C0,1.0,C1,C1,C1
llama31_8b,hotpotqa,17,qa_f1,15393,72591,9.7743,0.3882,0.2658,0.9999,0.0034,0.0,1.0,985923584.0,985923584.0,0.0,36.5777,26943488.0,985530368.0,0.0,4.6248,213096074.8,985530368.0,0.0,3.387,291090432.0,985923584.0,0.0,7.1912,137101312.0,985923584.0,0.0,7.1912,137101312.0,985923584.0,C0,0.0,C1,C1,C1
llama31_8b,hotpotqa,18,qa_f1,16111,69660,9.2338,0.3726,0.1978,0.9999,0.0033,0.0,1.0,983433216.0,983433216.0,0.0,39.5806,24846336.0,983433216.0,0.0,4.6214,212798397.4,983433216.0,0.0,3.4076,288600064.0,983433216.0,0.0,7.3057,134610944.0,983433216.0,0.0,7.3057,134610944.0,983433216.0,C0,0.0,C1,C1,C1
llama31_8b,hotpotqa,19,qa_f1,14628,69032,9.4605,0.3848,0.2467,0.9999,0.004,0.666667,1.0,983564288.0,983564288.0,0.666667,39.3782,24977408.0,983564288.0,0.666667,4.6177,213000591.6,983564288.0,0.666667,3.4065,288731136.0,983564288.0,0.666667,7.2996,134742016.0,983564288.0,0.666667,7.2996,134742016.0,983564288.0,C0,0.666667,C1,C1,C1
llama31_8b,multi_news,0,rouge_l,2662,12628,8.1994,0.3998,0.34,0.8747,0.001,0.198795,1.0,420478976.0,420478976.0,0.191083,4.5937,91561984.0,420610048.0,0.216867,4.5576,92258027.8,420478976.0,0.191011,2.4619,170850656.0,420610048.0,0.156977,2.0927,200671232.0,419954688.0,0.174927,2.0892,201326592.0,420610048.0,C2,0.216867,C2,C1,C1
llama31_8b,multi_news,1,rouge_l,2973,13328,8.0942,0.3761,0.293,0.69,0.0011,0.298507,1.0,446562304.0,446562304.0,0.184358,5.0622,91037696.0,460849152.0,0.309392,4.5665,101004832.1,461242368.0,0.330383,2.5247,182743232.0,461373440.0,0.288344,2.3778,188743680.0,448790528.0,0.264045,2.2917,201326592.0,461373440.0,C3,0.330383,C2,C2,C2
llama31_8b,multi_news,2,rouge_l,843,3710,7.5069,0.4417,0.4211,,0.003,0.389535,1.0,175636480.0,175636480.0,0.304833,1.9984,90775552.0,181403648.0,0.407407,4.489,37199198.2,166985728.0,0.396648,1.8224,98894496.0,180224000.0,0.389535,1.0,175636480.0,175636480.0,0.389535,1.0,175636480.0,175636480.0,C2,0.407407,C2,C2,C2
llama31_8b,multi_news,3,rouge_l,3932,18731,7.3592,0.3172,0.2368,0.9764,0.0006,0.197279,1.0,577372160.0,577372160.0,0.239382,8.2206,68624384.0,564133888.0,0.201893,4.5777,128217903.1,586940416.0,0.190164,2.6743,219523904.0,587071488.0,0.2589,3.0609,187170816.0,572915712.0,0.27957,3.0158,191365120.0,577110016.0,C5,0.27957,C1,C1,C1
llama31_8b,multi_news,4,rouge_l,2987,13401,8.4979,0.428,0.3525,0.6453,0.001,0.230958,1.0,463077376.0,463077376.0,0.209719,5.059,91561984.0,463208448.0,0.206128,4.5706,101315824.0,463077376.0,0.226506,2.5275,183266656.0,463208448.0,0.196809,2.3008,201326592.0,463208448.0,0.175879,2.3008,201326592.0,463208448.0,C0,0.230958,C0,C3,C1
llama31_8b,multi_news,5,rouge_l,3864,18395,8.5728,0.4005,0.3165,0.8686,0.0009,0.235566,1.0,578027520.0,578027520.0,0.162791,6.3144,91561984.0,578158592.0,0.252927,4.5816,126161885.8,578027520.0,0.275395,2.6646,216981056.0,578158592.0,0.220049,2.8989,198443008.0,575275008.0,0.2,2.9167,196608000.0,573440000.0,C3,0.275395,C2,C2,C2
llama31_8b,multi_news,6,rouge_l,1241,5610,7.9327,0.4419,0.4085,0.7381,0.002,0.238372,1.0,213385216.0,213385216.0,0.123894,2.8895,75571200.0,218365952.0,0.228117,4.5157,49314528.5,222691328.0,0.239067,2.2631,93593024.0,211812352.0,0.235988,1.1833,180224000.0,213254144.0,0.216216,1.1721,191889408.0,224919552.0,C3,0.239067,C3,C2,C2
llama31_8b,multi_news,7,rouge_l,3825,18745,8.3485,0.3706,0.2897,0.8836,0.0006,0.285714,1.0,572915712.0,572915712.0,0.19788,6.3583,89858048.0,571342848.0,0.243161,4.5779,125147041.8,572915712.0,0.265625,2.6589,215522368.0,573046784.0,0.197952,2.8464,201326592.0,573046784.0,0.206452,2.8464,201326592.0,573046784.0,C0,0.285714,C0,C0,C3
llama31_8b,multi_news,8,rouge_l,2218,10063,7.8031,0.3696,0.2836,,0.0013,0.351648,1.0,362151936.0,362151936.0,0.246753,3.9581,91561984.0,362414080.0,0.354839,4.548,79657251.6,362283008.0,0.343915,2.3576,153722528.0,362414080.0,0.331361,1.8523,189005824.0,350093312.0,0.294671,1.8401,191758336.0,352845824.0,C2,0.354839,C2,C2,C2
llama31_8b,multi_news,9,rouge_l,1153,5082,7.908,0.4583,0.4345,0.9603,0.0022,0.27027,1.0,222691328.0,222691328.0,0.199501,2.4336,91561984.0,222822400.0,0.268097,4.5124,49350580.6,222691328.0,0.278729,1.9746,112846560.0,222822400.0,0.236453,1.1068,201326592.0,222822400.0,0.253102,1.1068,201326592.0,222822400.0,C3,0.278729,C2,C2,C2
llama31_8b,multi_news,10,rouge_l,7439,34688,9.0028,0.3478,0.2496,,0.0004,0.251282,1.0,1046609920.0,1046609920.0,0.246246,11.432,91561984.0,1046740992.0,0.314917,4.6054,227256064.9,1046609920.0,0.242105,2.954,354343488.0,1046740992.0,0.224,5.1992,201326592.0,1046740992.0,0.236994,5.3788,193069056.0,1038483456.0,C2,0.314917,C2,C1,C1
llama31_8b,multi_news,11,rouge_l,1932,8923,7.747,0.3751,0.3059,,0.0012,0.317152,1.0,315490304.0,315490304.0,0.224806,3.9208,79896576.0,313262080.0,0.303797,4.5362,71601551.8,324796416.0,0.316832,2.4135,128871232.0,311033856.0,0.291525,1.6139,201326592.0,324927488.0,0.305085,1.6139,201326592.0,324927488.0,C0,0.317152,C3,C2,C2
llama31_8b,multi_news,12,rouge_l,2629,13280,7.8939,0.3243,0.267,,0.001,0.35461,1.0,411303936.0,411303936.0,0.233216,4.5465,91561984.0,416284672.0,0.203279,4.5586,89851225.5,409600000.0,0.362264,2.5458,159655072.0,406454272.0,0.328671,2.1218,191627264.0,406585344.0,0.309859,2.1381,188874752.0,403832832.0,C3,0.362264,C3,C3,C3
llama31_8b,multi_news,13,rouge_l,2978,14203,7.9905,0.3576,0.2754,,0.0009,0.286585,1.0,459014144.0,459014144.0,0.216216,5.7699,77668352.0,448135168.0,0.277603,4.5654,98906430.5,451543040.0,0.311765,2.5257,182930144.0,462028800.0,0.224422,2.3242,196870144.0,457572352.0,0.229965,2.4392,181141504.0,441843712.0,C3,0.311765,C3,C2,C2
llama31_8b,multi_news,14,rouge_l,874,3980,7.6021,0.4372,0.4405,,0.0028,0.234177,1.0,161742848.0,161742848.0,0.208333,2.2171,77799424.0,172490752.0,0.215909,4.4977,41381614.1,186122240.0,0.227273,1.9629,87339648.0,171442176.0,0.234177,1.0,161742848.0,161742848.0,0.234177,1.0,161742848.0,161742848.0,C0,0.234177,C0,C3,C2
llama31_8b,multi_news,15,rouge_l,2736,12552,8.047,0.3785,0.2979,,0.0009,0.281609,1.0,430178304.0,430178304.0,0.236486,4.837,88285184.0,427032576.0,0.259036,4.5651,91964400.1,419823616.0,0.257732,2.483,173093792.0,429785088.0,0.266667,2.1389,201064448.0,430047232.0,0.248366,2.1909,192282624.0,421265408.0,C0,0.281609,C0,C0,C2
llama31_8b,multi_news,16,rouge_l,2044,8902,7.9208,0.4151,0.3283,0.3315,0.0012,0.261307,1.0,332791808.0,332791808.0,0.21519,3.709,91561984.0,339607552.0,0.269231,4.5541,74543813.4,339476480.0,0.231527,2.3523,142365792.0,334888960.0,0.241645,1.6868,201326592.0,339607552.0,0.215938,1.71,194772992.0,333053952.0,C2,0.269231,C2,C2,C2
llama31_8b,multi_news,17,rouge_l,1572,7308,8.1072,0.4353,0.4097,,0.0015,0.25,1.0,277610496.0,277610496.0,0.208178,3.0334,91561984.0,277741568.0,0.254848,4.532,61255981.9,277610496.0,0.225989,2.1997,124059392.0,272891904.0,0.236364,1.3897,196083712.0,272498688.0,0.23676,1.3796,201326592.0,277741568.0,C2,0.254848,C2,C2,C2
llama31_8b,multi_news,18,rouge_l,4538,22086,8.4441,0.3711,0.2757,0.9707,0.0005,0.231362,1.0,666370048.0,666370048.0,0.197452,7.2792,91561984.0,666501120.0,0.228723,4.5902,145171931.2,666370048.0,0.202073,2.7446,242841728.0,666501120.0,0.224,3.3105,201326592.0,666501120.0,0.201592,3.3105,201326592.0,666501120.0,C0,0.231362,C0,C2,C2
llama31_8b,multi_news,19,rouge_l,1527,6950,7.5228,0.3736,0.298,0.2747,0.0019,0.397394,1.0,271712256.0,271712256.0,0.153846,2.969,91561984.0,271843328.0,0.432602,4.5238,55803189.8,252444672.0,0.380062,2.221,118444320.0,263061504.0,0.345679,1.3824,184418304.0,254935040.0,0.415094,1.3851,183107584.0,253624320.0,C2,0.432602,C2,C2,C2
llama31_8b,multifieldqa_en,0,qa_f1,1529,5225,7.6562,0.454,0.3362,0.9983,0.0188,0.75,1.0,205520896.0,205520896.0,0.75,8.2283,24977408.0,205520896.0,0.75,4.5343,45325338.1,205520896.0,0.75,3.3849,60716192.0,205520896.0,0.75,1.5253,134742016.0,205520896.0,0.75,1.5253,134742016.0,205520896.0,C0,0.75,C1,C1,C1
llama31_8b,multifieldqa_en,1,qa_f1,3037,14071,8.3041,0.3913,0.3112,0.9994,0.0068,1.0,1.0,403177472.0,403177472.0,1.0,16.1417,24977408.0,403177472.0,1.0,4.5786,88057054.6,403177472.0,1.0,3.4009,118551904.0,403177472.0,1.0,2.9922,134742016.0,403177472.0,1.0,2.9922,134742016.0,403177472.0,C0,1.0,C1,C1,C1
llama31_8b,multifieldqa_en,2,qa_f1,9520,45349,9.0305,0.2622,0.1791,0.9998,0.0015,0.066667,1.0,987627520.0,987627520.0,0.5,39.3782,24977408.0,983564288.0,0.071429,4.6203,213701151.0,987365376.0,0.066667,3.3731,292794368.0,987627520.0,0.5,7.2996,134742016.0,983564288.0,0.5,7.2996,134742016.0,983564288.0,C1,0.5,C1,C1,C1
llama31_8b,multifieldqa_en,3,qa_f1,7393,31608,8.3178,0.3094,0.1658,0.9997,0.003,1.0,1.0,974913536.0,974913536.0,0.888889,38.0288,25632768.0,974782464.0,0.888889,4.6213,210932598.9,974782464.0,1.0,3.399,286825120.0,974913536.0,1.0,7.1934,135528448.0,974913536.0,1.0,7.1934,135528448.0,974913536.0,C0,1.0,C4,C4,C4
llama31_8b,multifieldqa_en,4,qa_f1,7479,33949,9.2387,0.3893,0.2805,0.9997,0.0111,1.0,1.0,983433216.0,983433216.0,1.0,39.5806,24846336.0,983433216.0,1.0,4.6099,213302132.6,983302144.0,1.0,3.4076,288600064.0,983433216.0,1.0,7.3057,134610944.0,983433216.0,1.0,7.3057,134610944.0,983433216.0,C0,1.0,C1,C1,C1
llama31_8b,multifieldqa_en,5,qa_f1,6599,19528,8.42,0.3644,0.177,0.9995,0.0277,0.56,1.0,870973440.0,870973440.0,0.56,33.6349,25894912.0,870973440.0,0.56,4.604,189176429.4,870973440.0,0.56,3.3977,256345728.0,870973440.0,0.56,6.4203,135659520.0,870973440.0,0.56,6.4203,135659520.0,870973440.0,C0,0.56,C1,C1,C1
llama31_8b,multifieldqa_en,6,qa_f1,6288,20826,8.3493,0.3338,0.1625,0.9996,0.0181,0.571429,1.0,831127552.0,831127552.0,0.571429,30.8519,26943488.0,831258624.0,0.444444,4.6226,180106959.6,832569344.0,0.571429,3.3872,245371008.0,831127552.0,0.571429,6.0854,136577024.0,831127552.0,0.444444,6.0323,138018816.0,832569344.0,C0,0.571429,C1,C1,C1
llama31_8b,multifieldqa_en,7,qa_f1,3684,6000,7.881,0.3659,0.1707,,0.0018,1.0,1.0,487718912.0,487718912.0,1.0,19.7335,24715264.0,487718912.0,1.0,4.5641,106858999.1,487718912.0,1.0,3.4041,143271968.0,487718912.0,1.0,3.6267,134479872.0,487718912.0,1.0,3.6267,134479872.0,487718912.0,C0,1.0,C1,C1,C1
llama31_8b,multifieldqa_en,8,qa_f1,4463,21852,8.6743,0.3954,0.3079,0.9996,0.0053,1.0,1.0,589955072.0,589955072.0,0.8,23.5067,25108480.0,590217216.0,1.0,4.5974,128324041.0,589955072.0,0.8,3.4002,173583488.0,590217216.0,0.8,4.3761,134873088.0,590217216.0,0.8,4.3761,134873088.0,590217216.0,C0,1.0,C2,C2,C2
llama31_8b,multifieldqa_en,9,qa_f1,3178,15563,8.257,0.3579,0.2618,0.9994,0.0068,0.0,1.0,421527552.0,421527552.0,0.0,16.9654,24846336.0,421527552.0,0.0,4.5666,92306719.0,421527552.0,0.0,3.4006,123955936.0,421527552.0,0.0,3.1315,134610944.0,421527552.0,0.0,3.1315,134610944.0,421527552.0,C0,0.0,C1,C1,C1
llama31_8b,multifieldqa_en,10,qa_f1,2108,8995,8.0773,0.4297,0.3283,0.999,0.0073,0.714286,1.0,282984448.0,282984448.0,0.4,9.8702,28909568.0,285343744.0,0.714286,4.5433,62286149.9,282984448.0,0.714286,3.3503,84465920.0,282984448.0,0.714286,2.076,136314880.0,282984448.0,0.714286,2.076,136314880.0,282984448.0,C0,0.714286,C2,C2,C2
llama31_8b,multifieldqa_en,11,qa_f1,6202,31240,8.584,0.3354,0.2127,0.9997,0.0046,0.454545,1.0,819724288.0,819724288.0,0.454545,30.7228,26681344.0,819724288.0,0.454545,4.6038,178053111.2,819724288.0,0.454545,3.3888,241892640.0,819724288.0,0.454545,6.0077,136445952.0,819724288.0,0.454545,6.0077,136445952.0,819724288.0,C0,0.454545,C1,C1,C1
llama31_8b,multifieldqa_en,12,qa_f1,4972,21982,8.6984,0.3497,0.2548,0.9996,0.0022,0.139535,1.0,660471808.0,660471808.0,0.181818,25.6491,25632768.0,657457152.0,0.4,4.5994,143371147.1,659423232.0,0.166667,3.3088,200875776.0,664666112.0,0.307692,4.6608,142606336.0,664666112.0,0.3125,4.6608,142606336.0,664666112.0,C2,0.4,C1,C1,C1
llama31_8b,multifieldqa_en,13,qa_f1,14997,56541,8.4065,0.2042,0.0928,0.9998,0.0092,1.0,1.0,983171072.0,983171072.0,1.0,39.992,24584192.0,983171072.0,1.0,4.6183,212884355.9,983171072.0,1.0,3.4098,288337920.0,983171072.0,1.0,7.318,134348800.0,983171072.0,1.0,7.318,134348800.0,983171072.0,C0,1.0,C1,C1,C1
llama31_8b,multifieldqa_en,14,qa_f1,3785,14403,9.4641,0.4404,0.3868,0.9994,0.0044,0.0,1.0,503709696.0,503709696.0,0.0,19.1162,26288128.0,502530048.0,0.0,4.5924,109682427.8,503709696.0,0.0,3.3625,149801440.0,503709696.0,0.0,3.6705,137232384.0,503709696.0,0.0,3.6705,137232384.0,503709696.0,C0,0.0,C1,C1,C1
llama31_8b,multifieldqa_en,15,qa_f1,9461,42138,9.0572,0.3951,0.2222,0.9998,0.0058,0.30303,1.0,986054656.0,986054656.0,0.37037,37.1046,26550272.0,985137152.0,0.37037,4.6233,213136736.2,985399296.0,0.30303,3.3859,291221504.0,986054656.0,0.30303,7.1794,137363456.0,986185728.0,0.3125,7.1853,137232384.0,986054656.0,C1,0.37037,C1,C1,C1
llama31_8b,multifieldqa_en,16,qa_f1,7656,33274,9.3051,0.4012,0.2701,0.9997,0.005,0.0,1.0,983433216.0,983433216.0,0.125,38.9796,25239552.0,983826432.0,0.0,4.6372,212073656.0,983433216.0,0.0,3.4076,288600064.0,983433216.0,0.0,7.3057,134610944.0,983433216.0,0.0,7.3057,134610944.0,983433216.0,C1,0.125,C1,C1,C1
llama31_8b,multifieldqa_en,17,qa_f1,3704,13757,7.6487,0.2999,0.1712,0.9993,0.0118,0.125,1.0,498335744.0,498335744.0,0.105263,15.5853,31924224.0,497549312.0,0.125,4.5829,108737937.1,498335744.0,0.125,3.2762,152146080.0,498466816.0,0.181818,3.4977,142475264.0,498335744.0,0.181818,3.4977,142475264.0,498335744.0,C4,0.181818,C2,C2,C2
llama31_8b,multifieldqa_en,18,qa_f1,5300,22974,8.4297,0.3478,0.2072,0.9996,0.0047,0.272727,1.0,706740224.0,706740224.0,0.521739,25.2208,27860992.0,702676992.0,0.5,4.612,152358636.6,702676992.0,0.272727,3.3261,212486208.0,706740224.0,0.5,5.1057,137625600.0,702676992.0,0.5,5.1057,137625600.0,702676992.0,C1,0.521739,C1,C1,C1
llama31_8b,multifieldqa_en,19,qa_f1,11048,44441,8.623,0.3246,0.1461,0.9998,0.0038,0.066667,1.0,986841088.0,986841088.0,0.095238,37.1046,26550272.0,985137152.0,0.066667,4.6284,213216208.1,986841088.0,0.095238,3.3935,290304000.0,985137152.0,0.068966,7.15,138018816.0,986841088.0,0.068966,7.15,138018816.0,986841088.0,C1,0.095238,C1,C1,C1
llama31_8b,narrativeqa,0,qa_f1,31373,127703,9.2856,0.3891,0.1576,0.9999,0.0184,0.470588,1.0,984875008.0,984875008.0,0.285714,37.8319,26025984.0,984612864.0,0.5,4.6226,213027639.6,984743936.0,0.470588,3.3956,290041856.0,984875008.0,0.714286,7.2449,135921664.0,984743936.0,0.714286,7.2449,135921664.0,984743936.0,C4,0.714286,C4,C4,C4
llama31_8b,narrativeqa,1,qa_f1,36248,157714,9.5496,0.3887,0.1602,0.9999,0.0198,0.0,1.0,984612864.0,984612864.0,0.0,38.0183,25894912.0,984481792.0,0.0,4.6179,213244587.4,984743936.0,0.0,3.3978,289779712.0,984612864.0,0.0,7.251,135790592.0,984612864.0,0.0,7.2389,136052736.0,984875008.0,C0,0.0,C1,C1,C1
llama31_8b,narrativeqa,2,qa_f1,13507,56169,9.049,0.4016,0.2137,0.9998,0.0192,0.142857,1.0,984088576.0,984088576.0,0.142857,38.5891,25501696.0,984088576.0,0.142857,4.6344,212345884.1,984088576.0,0.142857,3.4021,289255424.0,984088576.0,0.142857,7.2752,135266304.0,984088576.0,0.142857,7.2752,135266304.0,984088576.0,C0,0.142857,C1,C1,C1
llama31_8b,narrativeqa,3,qa_f1,16516,62691,9.2044,0.424,0.2147,0.9998,0.0201,0.142857,1.0,984481792.0,984481792.0,0.133333,37.6474,26157056.0,984743936.0,0.125,4.6266,212870582.6,984875008.0,0.142857,3.3989,289648640.0,984481792.0,0.142857,7.257,135659520.0,984481792.0,0.125,7.2389,136052736.0,984875008.0,C0,0.142857,C4,C4,C1
llama31_8b,narrativeqa,4,qa_f1,46708,153856,8.9604,0.3571,0.1214,0.9999,0.0376,0.0,1.0,983826432.0,983826432.0,0.0,38.9796,25239552.0,983826432.0,0.0,4.6153,213168458.5,983826432.0,0.0,3.4043,288993280.0,983826432.0,0.0,7.2874,135004160.0,983826432.0,0.0,7.2874,135004160.0,983826432.0,C0,0.0,C1,C1,C1
llama31_8b,narrativeqa,5,qa_f1,37057,150571,9.2839,0.3741,0.1193,0.9999,0.0201,0.117647,1.0,984612864.0,984612864.0,0.111111,37.2837,26419200.0,985006080.0,0.210526,4.6242,212983549.1,984875008.0,0.111111,3.3956,290041856.0,984875008.0,0.117647,7.2449,135921664.0,984743936.0,0.117647,7.2449,135921664.0,984743936.0,C2,0.210526,C4,C4,C1
llama31_8b,narrativeqa,6,qa_f1,8050,34101,9.3906,0.4275,0.3063,0.9997,0.0259,0.0,1.0,984088576.0,984088576.0,0.0,39.1778,25108480.0,983695360.0,0.0,4.6113,213409175.8,984088576.0,0.0,3.4021,289255424.0,984088576.0,0.0,7.257,135659520.0,984481792.0,0.0,7.2935,134873088.0,983695360.0,C0,0.0,C1,C1,C1
llama31_8b,narrativeqa,7,qa_f1,11380,47169,9.3137,0.4168,0.2562,0.9998,0.0211,0.666667,1.0,983695360.0,983695360.0,0.666667,39.1778,25108480.0,983695360.0,0.666667,4.6296,212479489.1,983695360.0,0.666667,3.4054,288862208.0,983695360.0,0.666667,7.2935,134873088.0,983695360.0,0.666667,7.2935,134873088.0,983695360.0,C0,0.666667,C1,C1,C1
llama31_8b,narrativeqa,8,qa_f1,36233,157653,9.5497,0.3887,0.1603,0.9999,0.0198,0.5,1.0,983564288.0,983564288.0,0.5,39.3782,24977408.0,983564288.0,0.5,4.617,213029452.4,983564288.0,0.5,3.4065,288731136.0,983564288.0,0.5,7.2996,134742016.0,983564288.0,0.5,7.2996,134742016.0,983564288.0,C0,0.5,C1,C1,C1
llama31_8b,narrativeqa,9,qa_f1,36241,157679,9.5495,0.3887,0.1603,0.9999,0.0198,0.0,1.0,983695360.0,983695360.0,0.0,39.1778,25108480.0,983695360.0,0.0,4.6175,213037416.0,983695360.0,0.0,3.4054,288862208.0,983695360.0,0.0,7.2935,134873088.0,983695360.0,0.0,7.2935,134873088.0,983695360.0,C0,0.0,C1,C1,C1
llama31_8b,narrativeqa,10,qa_f1,38183,133473,8.8186,0.3687,0.1113,0.9999,0.0283,1.0,1.0,983695360.0,983695360.0,0.666667,39.7852,24715264.0,983302144.0,1.0,4.6192,212959533.2,983695360.0,1.0,3.4054,288862208.0,983695360.0,1.0,7.2935,134873088.0,983695360.0,1.0,7.2996,134742016.0,983564288.0,C0,1.0,C5,C5,C5
llama31_8b,narrativeqa,11,qa_f1,31372,127699,9.2854,0.3891,0.1575,0.9999,0.0184,0.0,1.0,983302144.0,983302144.0,0.0,39.992,24584192.0,983171072.0,0.0,4.6227,212713138.4,983302144.0,0.0,3.4087,288468992.0,983302144.0,0.0,7.3119,134479872.0,983302144.0,0.0,7.3119,134479872.0,983302144.0,C0,0.0,C1,C1,C1
llama31_8b,narrativeqa,12,qa_f1,11385,47216,9.3161,0.417,0.2566,0.9998,0.0211,0.0,1.0,983957504.0,983957504.0,0.0,38.7833,25370624.0,983957504.0,0.0,4.6296,212535357.9,983957504.0,0.0,3.4032,289124352.0,983957504.0,0.0,7.2813,135135232.0,983957504.0,0.0,7.2813,135135232.0,983957504.0,C0,0.0,C1,C1,C1
llama31_8b,narrativeqa,13,qa_f1,37057,150560,9.2834,0.3741,0.1193,0.9999,0.0201,0.0,1.0,983957504.0,983957504.0,0.0,38.7833,25370624.0,983957504.0,0.0,4.624,212791961.4,983957504.0,0.0,3.4032,289124352.0,983957504.0,0.0,7.2813,135135232.0,983957504.0,0.0,7.2813,135135232.0,983957504.0,C0,0.0,C1,C1,C1
llama31_8b,narrativeqa,14,qa_f1,31384,127757,9.2851,0.3891,0.1575,0.9999,0.0183,0.0,1.0,984219648.0,984219648.0,0.0,38.2067,25763840.0,984350720.0,0.0,4.6226,213366328.7,986316800.0,0.0,3.4011,289386496.0,984219648.0,0.0,7.215,136577024.0,985399296.0,0.0,7.215,136577024.0,985399296.0,C0,0.0,C1,C1,C1
llama31_8b,narrativeqa,15,qa_f1,37059,150579,9.2837,0.374,0.1193,0.9999,0.0201,0.3,1.0,985137152.0,985137152.0,0.125,38.3969,25632768.0,984219648.0,0.210526,4.6238,213084211.5,985268224.0,0.3,3.3935,290304000.0,985137152.0,0.222222,7.2329,136183808.0,985006080.0,0.222222,7.2329,136183808.0,985006080.0,C0,0.3,C3,C3,C3
llama31_8b,narrativeqa,16,qa_f1,11381,47179,9.3144,0.4169,0.2564,0.9998,0.0211,0.0,1.0,983826432.0,983826432.0,0.0,37.8319,26025984.0,984612864.0,0.0,4.6296,212509661.9,983826432.0,0.0,3.4043,288993280.0,983826432.0,0.0,7.2874,135004160.0,983826432.0,0.0,7.2874,135004160.0,983826432.0,C0,0.0,C1,C1,C1
llama31_8b,narrativeqa,17,qa_f1,8054,34126,9.3898,0.4273,0.3061,0.9997,0.0259,0.666667,1.0,983695360.0,983695360.0,0.5,38.7833,25370624.0,983957504.0,0.666667,4.6112,213325531.4,983695360.0,0.666667,3.4054,288862208.0,983695360.0,0.666667,7.2935,134873088.0,983695360.0,0.666667,7.2935,134873088.0,983695360.0,C0,0.666667,C4,C4,C4
llama31_8b,narrativeqa,18,qa_f1,31418,134613,9.3844,0.3944,0.1648,0.9999,0.019,0.285714,1.0,983957504.0,983957504.0,0.285714,38.7833,25370624.0,983957504.0,0.266667,4.6156,213208785.6,984088576.0,0.285714,3.4032,289124352.0,983957504.0,0.285714,7.2813,135135232.0,983957504.0,0.285714,7.2813,135135232.0,983957504.0,C0,0.285714,C1,C1,C1
llama31_8b,narrativeqa,19,qa_f1,19113,76470,8.9864,0.3937,0.1785,0.9999,0.0167,0.0,1.0,983695360.0,983695360.0,0.0,39.1778,25108480.0,983695360.0,0.0,4.6159,213109234.5,983695360.0,0.0,3.4054,288862208.0,983695360.0,0.0,7.2935,134873088.0,983695360.0,0.0,7.2935,134873088.0,983695360.0,C0,0.0,C1,C1,C1
llama31_8b,passage_count,0,count,15690,66383,8.8233,0.0991,0.0748,0.0041,0.0013,0.0,1.0,983171072.0,983171072.0,0.0,39.992,24584192.0,983171072.0,0.0,4.6059,213458935.6,983171072.0,0.0,3.4098,288337920.0,983171072.0,0.0,7.318,134348800.0,983171072.0,0.0,7.318,134348800.0,983171072.0,C0,0.0,C1,C1,C1
llama31_8b,passage_count,1,count,21256,96790,8.488,0.0536,0.0397,0.0028,0.001,0.0,1.0,983171072.0,983171072.0,0.0,39.992,24584192.0,983171072.0,0.0,4.5995,213754544.0,983171072.0,0.0,3.4098,288337920.0,983171072.0,0.0,7.318,134348800.0,983171072.0,0.0,7.318,134348800.0,983171072.0,C0,0.0,C1,C1,C1
llama31_8b,passage_count,2,count,18536,82313,9.3288,0.2315,0.1262,0.0033,0.0012,0.0,1.0,984875008.0,984875008.0,0.0,39.992,24584192.0,983171072.0,0.0,4.6146,213058711.0,983171072.0,0.0,3.3956,290041856.0,984875008.0,0.0,7.2389,136052736.0,984875008.0,0.0,7.2389,136052736.0,984875008.0,C0,0.0,C1,C1,C1
llama31_8b,passage_count,3,count,17304,81159,9.7033,0.3446,0.2163,0.8755,0.0009,0.0,1.0,984875008.0,984875008.0,0.0,39.992,24584192.0,983171072.0,0.0,4.6084,213344032.4,983171072.0,0.0,3.4098,288337920.0,983171072.0,0.0,7.2389,136052736.0,984875008.0,0.0,7.2389,136052736.0,984875008.0,C0,0.0,C1,C1,C1
llama31_8b,passage_count,4,count,20836,96082,9.6139,0.2716,0.1724,0.0028,0.0011,0.0,1.0,984875008.0,984875008.0,0.0,39.992,24584192.0,983171072.0,0.0,4.6126,213146706.1,983171072.0,0.0,3.4098,288337920.0,983171072.0,0.0,7.2389,136052736.0,984875008.0,0.0,7.2389,136052736.0,984875008.0,C0,0.0,C1,C1,C1
llama31_8b,passage_count,5,count,11196,50472,9.4701,0.3389,0.2514,0.7383,0.0014,0.0,1.0,984875008.0,984875008.0,0.0,37.4646,26288128.0,984875008.0,0.0,4.6257,212544488.0,983171072.0,0.0,3.3956,290041856.0,984875008.0,0.0,7.2389,136052736.0,984875008.0,0.0,7.2389,136052736.0,984875008.0,C0,0.0,C1,C1,C1
llama31_8b,passage_count,6,count,16511,78503,9.2245,0.2217,0.1368,0.0035,0.001,0.0,1.0,983171072.0,983171072.0,0.0,39.992,24584192.0,983171072.0,0.0,4.6133,213116273.7,983171072.0,0.0,3.4098,288337920.0,983171072.0,0.0,7.318,134348800.0,983171072.0,0.0,7.318,134348800.0,983171072.0,C0,0.0,C1,C1,C1
llama31_8b,passage_count,7,count,12868,60783,9.2372,0.2047,0.1543,0.0045,0.0012,0.0,1.0,983171072.0,983171072.0,0.0,39.992,24584192.0,983171072.0,0.0,4.6118,213185028.4,983171072.0,0.0,3.4098,288337920.0,983171072.0,0.0,7.318,134348800.0,983171072.0,0.0,7.318,134348800.0,983171072.0,C0,0.0,C1,C1,C1
llama31_8b,passage_count,8,count,17307,79574,8.6588,0.0863,0.0581,0.0034,0.001,0.0,1.0,983171072.0,983171072.0,0.0,39.992,24584192.0,983171072.0,0.0,4.5997,213747749.5,983171072.0,0.0,3.4098,288337920.0,983171072.0,0.0,7.318,134348800.0,983171072.0,0.0,7.318,134348800.0,983171072.0,C0,0.0,C1,C1,C1
llama31_8b,passage_count,9,count,11552,54444,8.5926,0.1037,0.0848,0.005,0.001,1.0,1.0,983171072.0,983171072.0,1.0,39.992,24584192.0,983171072.0,1.0,4.6014,213669692.1,983171072.0,1.0,3.4098,288337920.0,983171072.0,1.0,7.318,134348800.0,983171072.0,1.0,7.318,134348800.0,983171072.0,C0,1.0,C1,C1,C1
llama31_8b,passage_count,10,count,18085,82268,8.7851,0.1413,0.0849,0.7675,0.0011,0.0,1.0,984875008.0,984875008.0,0.0,39.992,24584192.0,983171072.0,0.0625,4.6037,214415791.2,987103232.0,0.0,3.3763,292401152.0,987234304.0,0.0,7.2389,136052736.0,984875008.0,0.0,7.2389,136052736.0,984875008.0,C2,0.0625,C1,C1,C1
llama31_8b,passage_count,11,count,12795,58382,9.4539,0.3231,0.2034,0.3194,0.0011,0.0,1.0,984875008.0,984875008.0,0.0,39.992,24584192.0,983171072.0,0.0,4.6219,213570590.4,987103232.0,0.0,3.3956,290041856.0,984875008.0,0.0,7.2389,136052736.0,984875008.0,0.0,7.2389,136052736.0,984875008.0,C0,0.0,C1,C1,C1
llama31_8b,passage_count,12,count,9166,40044,8.7163,0.1457,0.1233,0.0068,0.0014,0.0,1.0,983171072.0,983171072.0,0.0,39.992,24584192.0,983171072.0,0.0,4.5999,213737097.4,983171072.0,0.0,3.4098,288337920.0,983171072.0,0.0,7.318,134348800.0,983171072.0,0.0,7.318,134348800.0,983171072.0,C0,0.0,C1,C1,C1
llama31_8b,passage_count,13,count,17204,73884,8.4383,0.0728,0.0545,0.0037,0.0012,0.0,1.0,983171072.0,983171072.0,0.0,39.992,24584192.0,983171072.0,0.0,4.5909,214155562.4,983171072.0,0.0,3.4098,288337920.0,983171072.0,0.0,7.318,134348800.0,983171072.0,0.0,7.318,134348800.0,983171072.0,C0,0.0,C1,C1,C1
llama31_8b,passage_count,14,count,17229,75746,9.6663,0.2807,0.1846,0.9876,0.0013,0.0,1.0,984875008.0,984875008.0,0.0,37.4646,26288128.0,984875008.0,0.0,4.6163,212977970.8,983171072.0,0.0,3.3956,290041856.0,984875008.0,0.0,7.2389,136052736.0,984875008.0,0.0,7.2389,136052736.0,984875008.0,C0,0.0,C1,C1,C1
llama31_8b,passage_count,15,count,7714,35076,9.0484,0.2584,0.2092,0.0078,0.0013,0.0,1.0,983171072.0,983171072.0,0.0,39.992,24584192.0,983171072.0,0.0,4.6124,213554551.4,985006080.0,0.0,3.4098,288337920.0,983171072.0,0.0,7.318,134348800.0,983171072.0,0.0,7.318,134348800.0,983171072.0,C0,0.0,C1,C1,C1
llama31_8b,passage_count,16,count,11199,53076,9.0566,0.2223,0.182,0.0051,0.0011,0.0,1.0,984875008.0,984875008.0,0.0,39.992,24584192.0,983171072.0,0.0,4.6102,213602521.0,984743936.0,0.0,3.4098,288337920.0,983171072.0,0.0,7.2389,136052736.0,984875008.0,0.0,7.2389,136052736.0,984875008.0,C0,0.0,C1,C1,C1
llama31_8b,passage_count,17,count,16775,73969,8.6787,0.0915,0.0625,0.0037,0.001,1.0,1.0,983171072.0,983171072.0,1.0,39.992,24584192.0,983171072.0,1.0,4.6011,213683884.4,983171072.0,1.0,3.4098,288337920.0,983171072.0,1.0,7.318,134348800.0,983171072.0,1.0,7.318,134348800.0,983171072.0,C0,1.0,C1,C1,C1
llama31_8b,passage_count,18,count,17101,75663,9.6157,0.3241,0.1894,0.6176,0.0011,0.0,1.0,984875008.0,984875008.0,0.0,39.992,24584192.0,983171072.0,0.0,4.6165,213367099.4,985006080.0,0.0,3.3956,290041856.0,984875008.0,0.0,7.2389,136052736.0,984875008.0,0.0,7.2389,136052736.0,984875008.0,C0,0.0,C1,C1,C1
llama31_8b,passage_count,19,count,15851,72937,9.4437,0.2935,0.1766,0.7509,0.001,0.0,1.0,983171072.0,983171072.0,0.0,39.992,24584192.0,983171072.0,0.0,4.608,213361129.8,983171072.0,0.0,3.4098,288337920.0,983171072.0,0.0,7.318,134348800.0,983171072.0,0.0,7.318,134348800.0,983171072.0,C0,0.0,C1,C1,C1
llama31_8b,qasper,0,qa_f1,3999,20581,8.4397,0.355,0.2751,0.9995,0.0033,0.294118,1.0,533069824.0,533069824.0,0.352941,18.2097,29302784.0,533594112.0,0.285714,4.5762,116287334.4,532152320.0,0.27027,3.3428,159508096.0,533200896.0,0.277778,3.8343,139198464.0,533725184.0,0.27027,3.8316,139329536.0,533856256.0,C1,0.352941,C1,C1,C1
llama31_8b,qasper,1,qa_f1,4592,22074,8.697,0.3531,0.248,0.9995,0.0028,0.48,1.0,610009088.0,610009088.0,0.333333,23.4761,25894912.0,607911936.0,0.48,4.5945,132770164.8,610009088.0,0.48,3.3624,181421952.0,610009088.0,0.5,4.4314,137625600.0,609878016.0,0.5,4.4314,137625600.0,609878016.0,C4,0.5,C2,C2,C2
llama31_8b,qasper,2,qa_f1,3695,19082,8.4213,0.3517,0.2658,0.9995,0.0018,0.166667,1.0,490471424.0,490471424.0,0.181818,19.2123,25501696.0,489947136.0,0.214286,4.582,108101113.9,495321088.0,0.166667,3.3827,144993824.0,490471424.0,0.166667,3.612,135790592.0,490471424.0,0.166667,3.612,135790592.0,490471424.0,C2,0.214286,C1,C1,C1
llama31_8b,qasper,3,qa_f1,3986,18806,8.7996,0.3728,0.2908,0.9995,0.003,0.352941,1.0,533463040.0,533463040.0,0.056338,13.1897,41230336.0,543817728.0,0.196078,4.594,115864275.9,532283392.0,0.25,3.325,160201632.0,532676608.0,0.232558,3.8489,137887744.0,530710528.0,0.208333,3.8354,138543104.0,531365888.0,C0,0.352941,C0,C0,C0
llama31_8b,qasper,4,qa_f1,6965,34512,8.6029,0.3301,0.2152,0.9997,0.0024,0.216216,1.0,920911872.0,920911872.0,0.206897,34.471,26681344.0,919732224.0,0.216216,4.6136,199609511.1,920911872.0,0.216216,3.3808,272392192.0,920911872.0,0.216216,6.6914,137625600.0,920911872.0,0.216216,6.6914,137625600.0,920911872.0,C0,0.216216,C4,C1,C1
llama31_8b,qasper,5,qa_f1,3573,16144,8.7414,0.393,0.2936,0.9994,0.0028,0.0,1.0,474742784.0,474742784.0,0.0,11.8768,41230336.0,489684992.0,0.0,4.5892,103447891.5,474742784.0,0.0,3.3774,140562624.0,474742784.0,0.0,3.4894,136052736.0,474742784.0,0.0,3.4894,136052736.0,474742784.0,C0,0.0,C1,C1,C1
llama31_8b,qasper,6,qa_f1,3628,16671,8.6023,0.3604,0.2696,0.9993,0.0027,0.45614,1.0,484704256.0,484704256.0,0.217391,16.21,29958144.0,485621760.0,0.238095,4.5839,105625774.6,484179968.0,0.45614,3.3342,145371872.0,484704256.0,0.3,3.5086,137887744.0,483786752.0,0.243902,3.4991,138412032.0,484311040.0,C0,0.45614,C3,C3,C3
llama31_8b,qasper,7,qa_f1,5496,27249,8.4002,0.3177,0.2174,0.9996,0.0029,0.0,1.0,725090304.0,725090304.0,0.0,29.4942,24584192.0,725090304.0,0.0,4.5985,157678974.8,725090304.0,0.0,3.4084,212738016.0,725090304.0,0.0,5.3971,134348800.0,725090304.0,0.0,5.3971,134348800.0,725090304.0,C0,0.0,C1,C1,C1
llama31_8b,qasper,8,qa_f1,5733,27801,8.2917,0.2843,0.1833,0.9996,0.0023,1.0,1.0,756154368.0,756154368.0,1.0,30.7577,24584192.0,756154368.0,1.0,4.5996,164394116.0,756154368.0,1.0,3.4082,221863168.0,756154368.0,1.0,5.6283,134348800.0,756154368.0,1.0,5.6283,134348800.0,756154368.0,C0,1.0,C1,C1,C1
llama31_8b,qasper,9,qa_f1,5641,26744,8.7704,0.3251,0.2235,0.9996,0.0028,0.666667,1.0,744751104.0,744751104.0,0.666667,29.5073,25239552.0,744751104.0,0.666667,4.6118,161486432.4,744751104.0,0.666667,3.4015,218947008.0,744751104.0,0.666667,5.5165,135004160.0,744751104.0,0.666667,5.5165,135004160.0,744751104.0,C0,0.666667,C1,C1,C1
llama31_8b,qasper,10,qa_f1,7516,31417,8.7211,0.3318,0.1813,0.9997,0.0029,1.0,1.0,986710016.0,986710016.0,0.181818,36.9272,26681344.0,985268224.0,0.857143,4.617,213824918.1,987234304.0,1.0,3.3806,291876864.0,986710016.0,0.7,7.1676,137625600.0,986447872.0,0.608696,7.1384,138280960.0,987103232.0,C0,1.0,C3,C3,C3
llama31_8b,qasper,11,qa_f1,5368,25709,8.6888,0.3506,0.2472,0.9996,0.0031,0.533333,1.0,710017024.0,710017024.0,0.150538,17.5832,41230336.0,724959232.0,0.615385,4.6084,154014539.9,709754880.0,0.533333,3.3887,209524384.0,710017024.0,0.533333,5.2187,136052736.0,710017024.0,0.533333,5.2187,136052736.0,710017024.0,C2,0.615385,C4,C4,C4
llama31_8b,qasper,12,qa_f1,4438,22129,8.6527,0.3723,0.2684,0.9995,0.0026,0.139535,1.0,589561856.0,589561856.0,0.108108,21.8522,26943488.0,588775424.0,0.142857,4.5886,128427605.9,589299712.0,0.139535,3.3663,175138944.0,589561856.0,0.181818,4.2692,138280960.0,590348288.0,0.146341,4.3005,136970240.0,589037568.0,C4,0.181818,C2,C2,C2
llama31_8b,qasper,13,qa_f1,2962,14178,8.674,0.4034,0.3336,0.9993,0.0033,0.342857,1.0,396754944.0,396754944.0,0.0,9.9344,41230336.0,409600000.0,0.30303,4.5681,86737664.0,396230656.0,0.342857,3.3297,119155040.0,396754944.0,0.125,2.8808,137494528.0,396099584.0,0.294118,2.8737,138018816.0,396623872.0,C0,0.342857,C3,C3,C3
llama31_8b,qasper,14,qa_f1,7191,34064,8.8178,0.334,0.2043,0.9997,0.003,0.090909,1.0,950403072.0,950403072.0,0.060606,36.452,26025984.0,948699136.0,0.090909,4.6168,205856137.5,950403072.0,0.090909,3.3825,280974784.0,950403072.0,0.090909,6.9123,137494528.0,950403072.0,0.090909,6.9123,137494528.0,950403072.0,C0,0.090909,C4,C4,C4
llama31_8b,qasper,15,qa_f1,2722,13171,8.2975,0.3493,0.2686,0.9992,0.0029,0.37037,1.0,364511232.0,364511232.0,0.075472,9.1715,41230336.0,378142720.0,0.384615,4.5711,79685377.1,364249088.0,0.384615,3.3457,108869376.0,364249088.0,0.37037,2.6552,137232384.0,364380160.0,0.37037,2.6552,137232384.0,364380160.0,C2,0.384615,C2,C2,C2
llama31_8b,qasper,16,qa_f1,4948,22048,8.7302,0.3602,0.2381,0.9995,0.0025,0.363636,1.0,654704640.0,654704640.0,0.065934,16.248,41230336.0,669908992.0,0.666667,4.5964,142467358.0,654835712.0,0.363636,3.3917,193031360.0,654704640.0,0.333333,4.8177,135921664.0,654835712.0,0.333333,4.8177,135921664.0,654835712.0,C2,0.666667,C2,C2,C4
llama31_8b,qasper,17,qa_f1,6646,32756,8.892,0.3376,0.2231,0.9997,0.0027,0.567568,1.0,884998144.0,884998144.0,0.387097,28.806,30613504.0,881852416.0,0.4,4.6099,191181267.4,881328128.0,0.5,3.3397,264525792.0,883425280.0,0.508475,6.2623,140902400.0,882376704.0,0.508475,6.2623,140902400.0,882376704.0,C0,0.567568,C0,C0,C0
llama31_8b,qasper,18,qa_f1,2926,14962,8.1419,0.3369,0.2587,0.9993,0.0022,0.8,1.0,389414912.0,389414912.0,0.4,14.8333,26288128.0,389939200.0,0.8,4.5628,85346147.6,389414912.0,0.8,3.3807,115187552.0,389414912.0,0.8,2.8733,135528448.0,389414912.0,0.8,2.8733,135528448.0,389414912.0,C0,0.8,C2,C2,C2
llama31_8b,qasper,19,qa_f1,7947,39961,8.9078,0.3301,0.2101,0.9997,0.0019,0.105263,1.0,986447872.0,986447872.0,0.0,35.8986,27467776.0,986054656.0,0.066667,4.6171,214050123.5,988282880.0,0.105263,3.3827,291614720.0,986447872.0,0.210526,7.2031,136839168.0,985661440.0,0.210526,7.1912,137101312.0,985923584.0,C4,0.210526,C4,C4,C4
llama31_8b,qmsum,0,rouge_l,10012,41672,7.545,0.272,0.096,0.9911,0.0142,0.25,1.0,1003487232.0,1003487232.0,0.145985,22.2871,45031424.0,1003618304.0,0.258824,4.5983,218142285.1,1003094016.0,0.302326,3.2569,307867648.0,1002700800.0,0.130952,6.4788,154927104.0,1003749376.0,0.247059,6.3521,158597120.0,1007419392.0,C3,0.302326,C2,C5,C5
llama31_8b,qmsum,1,rouge_l,15843,56671,7.5127,0.2885,0.0787,0.9998,0.0097,0.339623,1.0,997982208.0,997982208.0,0.392157,34.4615,28647424.0,987234304.0,0.330275,4.6043,217831236.0,1002962944.0,0.339623,3.2921,303149056.0,997982208.0,0.43038,6.9304,143130624.0,991952896.0,0.447368,6.8606,144834560.0,993656832.0,C5,0.447368,C1,C1,C1
llama31_8b,qmsum,2,rouge_l,16874,60790,7.7147,0.308,0.0862,0.9999,0.0162,0.198198,1.0,997326848.0,997326848.0,0.3,31.1507,31793152.0,990380032.0,0.186441,4.6093,217540655.4,1002700800.0,0.183486,3.2871,303804416.0,998637568.0,0.212766,6.8819,144310272.0,993132544.0,0.222222,6.7007,148897792.0,997720064.0,C1,0.3,C1,C1,C1
llama31_8b,qmsum,3,rouge_l,26144,96263,7.5928,0.2853,0.0644,0.9999,0.0092,0.214876,1.0,999424000.0,999424000.0,0.229008,20.117,50143232.0,1008730112.0,0.267857,4.6102,216812239.0,999555072.0,0.177778,3.2398,310226944.0,1005060096.0,0.271845,6.8448,145227776.0,994050048.0,0.276423,6.6907,149159936.0,997982208.0,C5,0.276423,C1,C1,C1
llama31_8b,qmsum,4,rouge_l,5567,22945,7.3895,0.2929,0.1349,0.9996,0.0139,0.23622,1.0,747896832.0,747896832.0,0.242424,23.4184,31662080.0,741474304.0,0.2,4.5854,161673522.6,741343232.0,0.217391,3.2533,230335360.0,749338624.0,0.264463,5.0985,146407424.0,746455040.0,0.252252,5.1656,144048128.0,744095744.0,C4,0.264463,C1,C1,C1
llama31_8b,qmsum,5,rouge_l,16137,71346,8.5491,0.3307,0.1246,0.9975,0.0024,0.253731,1.0,1001127936.0,1001127936.0,0.231405,23.6729,42278912.0,1000865792.0,0.253521,4.6199,216984359.0,1002438656.0,0.25,3.2464,309309440.0,1004142592.0,0.225352,6.4742,155058176.0,1003880448.0,0.25,6.6608,149946368.0,998768640.0,C0,0.253731,C2,C5,C1
llama31_8b,qmsum,6,rouge_l,10011,41676,7.5453,0.2723,0.0959,0.9998,0.0142,0.253165,1.0,988151808.0,988151808.0,0.25,33.7132,29302784.0,987889664.0,0.253165,4.5975,214934430.1,988151808.0,0.3,3.3689,293318656.0,988151808.0,0.303797,7.1094,138936320.0,987758592.0,0.275,7.0922,139329536.0,988151808.0,C4,0.303797,C4,C1,C1
llama31_8b,qmsum,7,rouge_l,29990,143787,9.0664,0.3143,0.1189,0.9999,0.0028,0.356164,1.0,991690752.0,991690752.0,0.387097,31.2755,31662080.0,990248960.0,0.34,4.6161,216395246.8,998899712.0,0.342105,3.3262,298692608.0,993525760.0,0.354839,7.0467,140378112.0,989200384.0,0.322581,7.058,140115968.0,988938240.0,C1,0.387097,C1,C1,C1
llama31_8b,qmsum,8,rouge_l,18583,70557,7.8168,0.3149,0.0887,0.9932,0.0077,0.205405,1.0,1009254400.0,1009254400.0,0.266667,21.2834,47259648.0,1005846528.0,0.174419,4.6121,218061257.8,1005715456.0,0.160494,3.2512,308654080.0,1003487232.0,0.130178,6.4466,155844608.0,1004666880.0,0.181818,6.4788,154927104.0,1003749376.0,C1,0.266667,C1,C1,C1
llama31_8b,qmsum,9,rouge_l,13005,61340,8.4906,0.325,0.1366,0.9892,0.0021,0.255034,1.0,1003094016.0,1003094016.0,0.32,30.7824,32186368.0,990773248.0,0.266667,4.6166,216454967.5,999292928.0,0.281481,3.2792,304852992.0,999686144.0,0.258621,6.8395,145358848.0,994181120.0,0.225806,6.8237,145752064.0,994574336.0,C1,0.32,C1,C1,C1
llama31_8b,qmsum,10,rouge_l,10088,40796,7.2656,0.2594,0.0857,0.946,0.0161,0.260163,1.0,997720064.0,997720064.0,0.152542,26.1699,38084608.0,996671488.0,0.225806,4.5945,217098174.2,997457920.0,0.273381,3.2773,305115136.0,999948288.0,0.241935,6.731,148111360.0,996933632.0,0.285714,6.7057,148766720.0,997588992.0,C5,0.285714,C5,C5,C4
llama31_8b,qmsum,11,rouge_l,11253,40990,7.5729,0.3031,0.0953,0.9817,0.0086,0.21118,1.0,1013186560.0,1013186560.0,0.206186,27.4441,36249600.0,994836480.0,0.186667,4.6112,218186415.2,1006108672.0,0.248366,3.2136,313896960.0,1008730112.0,0.222222,6.5115,154009600.0,1002831872.0,0.219355,5.7688,177995776.0,1026818048.0,C3,0.248366,C4,C1,C1
llama31_8b,qmsum,12,rouge_l,8231,32494,7.1375,0.2571,0.0858,0.986,0.0146,0.277372,1.0,1004011520.0,1004011520.0,0.247934,25.1717,39657472.0,998244352.0,0.263889,4.5949,219049601.5,1006501888.0,0.304636,3.2247,312324096.0,1007157248.0,0.28125,6.5684,152436736.0,1001259008.0,0.321168,6.5731,152305664.0,1001127936.0,C5,0.321168,C5,C5,C5
llama31_8b,qmsum,13,rouge_l,12531,52225,7.631,0.2842,0.106,0.9998,0.0152,0.201835,1.0,994181120.0,994181120.0,0.277778,25.3325,39395328.0,997982208.0,0.299065,4.6077,216506380.4,997588992.0,0.218182,3.3181,299741184.0,994574336.0,0.169811,6.731,148111360.0,996933632.0,0.254237,6.6313,150732800.0,999555072.0,C2,0.299065,C1,C1,C1
llama31_8b,qmsum,14,rouge_l,18413,66906,7.5093,0.282,0.0679,0.9921,0.0104,0.168067,1.0,1002962944.0,1002962944.0,0.247619,27.1603,36642816.0,995229696.0,0.173077,4.6099,216088961.5,996147200.0,0.137405,3.2332,311144448.0,1005977600.0,0.180328,6.465,155320320.0,1004142592.0,0.23622,6.3344,159121408.0,1007943680.0,C1,0.247619,C1,C1,C1
llama31_8b,qmsum,15,rouge_l,13348,50567,6.8193,0.2331,0.07,0.9823,0.0187,0.130435,1.0,1003749376.0,1003749376.0,0.215054,29.285,33890304.0,992477184.0,0.196721,4.5929,217657116.8,999686144.0,0.198473,3.2792,304852992.0,999686144.0,0.261538,6.535,153354240.0,1002176512.0,0.3125,6.5636,152567808.0,1001390080.0,C5,0.3125,C1,C1,C1
llama31_8b,qmsum,16,rouge_l,25410,120528,9.0895,0.3251,0.1403,0.9999,0.003,0.169014,1.0,1002176512.0,1002176512.0,0.2,29.176,34021376.0,992608256.0,0.171429,4.6175,216641326.8,1000341504.0,0.184397,3.2705,306032640.0,1000865792.0,0.193548,6.7667,147193856.0,996016128.0,0.188406,6.535,153354240.0,1002176512.0,C1,0.2,C1,C1,C1
llama31_8b,qmsum,17,rouge_l,12119,49902,7.5304,0.2706,0.089,0.9998,0.0134,0.276596,1.0,993132544.0,993132544.0,0.288889,29.7294,33366016.0,991952896.0,0.408602,4.601,215680533.9,992346112.0,0.254902,3.3191,299610112.0,994443264.0,0.309278,6.8766,144441344.0,993263616.0,0.313725,6.7977,146407424.0,995229696.0,C2,0.408602,C1,C1,C1
llama31_8b,qmsum,18,rouge_l,18416,66930,7.5101,0.2821,0.068,0.9918,0.0104,0.201835,1.0,999030784.0,999030784.0,0.207792,27.3488,36380672.0,994967552.0,0.134454,4.61,217535712.6,1002831872.0,0.171429,3.2705,306032640.0,1000865792.0,0.19469,6.5972,151650304.0,1000472576.0,0.192308,6.6708,149684224.0,998506496.0,C1,0.207792,C1,C1,C1
llama31_8b,qmsum,19,rouge_l,5220,20018,6.724,0.2514,0.1084,0.9814,0.0191,0.135593,1.0,706740224.0,706740224.0,0.202247,19.8725,35201024.0,699531264.0,0.153846,4.5765,154628786.0,707657728.0,0.157895,3.2114,220111392.0,706871296.0,0.194175,4.6727,150994944.0,705560576.0,0.208333,4.7946,146145280.0,700710912.0,C5,0.208333,C1,C1,C1
llama31_8b,trec,0,classification,4956,22067,7.5377,0.316,0.2611,0.9997,0.0234,1.0,1.0,657850368.0,657850368.0,1.0,20.0349,32841728.0,657981440.0,1.0,4.5944,143186604.2,657850368.0,1.0,3.3091,198837216.0,657981440.0,1.0,4.614,142606336.0,657981440.0,1.0,4.614,142606336.0,657981440.0,C0,1.0,C1,C1,C1
llama31_8b,trec,1,classification,7145,31651,7.5619,0.3048,0.2321,0.9998,0.0244,0.0,1.0,944766976.0,944766976.0,0.0,28.7713,32841728.0,944898048.0,0.0,4.6106,204910054.8,944766976.0,0.0,3.3397,282926560.0,944898048.0,0.0,6.6259,142606336.0,944898048.0,0.0,6.6259,142606336.0,944898048.0,C0,0.0,C1,C1,C1
llama31_8b,trec,2,classification,10958,48491,7.7814,0.3009,0.2111,0.9999,0.0241,0.0,1.0,991297536.0,991297536.0,0.0,30.1881,32841728.0,991428608.0,0.0,4.6161,214747224.1,991297536.0,0.0,3.3427,296595456.0,991428608.0,0.0,6.9522,142606336.0,991428608.0,0.0,6.9522,142606336.0,991428608.0,C0,0.0,C1,C1,C1
llama31_8b,trec,3,classification,3338,14683,7.3828,0.3373,0.2846,0.9995,0.0236,1.0,1.0,445775872.0,445775872.0,1.0,13.5775,32841728.0,445906944.0,1.0,4.5724,97493231.5,445775872.0,1.0,3.2606,136756960.0,445906944.0,1.0,3.1268,142606336.0,445906944.0,1.0,3.1268,142606336.0,445906944.0,C0,1.0,C1,C1,C1
llama31_8b,trec,4,classification,10064,44441,7.7338,0.3009,0.2204,0.9998,0.0242,0.0,1.0,991297536.0,991297536.0,0.0,30.1881,32841728.0,991428608.0,0.0,4.6172,214696392.4,991297536.0,0.0,3.3427,296595456.0,991428608.0,0.0,6.9522,142606336.0,991428608.0,0.0,6.9522,142606336.0,991428608.0,C0,0.0,C1,C1,C1
llama31_8b,trec,5,classification,4316,18986,7.3006,0.309,0.2477,0.9996,0.0249,1.0,1.0,573964288.0,573964288.0,1.0,17.4807,32841728.0,574095360.0,1.0,4.5855,125169571.0,573964288.0,1.0,3.2947,174248320.0,574095360.0,1.0,4.0257,142606336.0,574095360.0,1.0,4.0257,142606336.0,574095360.0,C0,1.0,C1,C1,C1
llama31_8b,trec,6,classification,2849,12633,7.3902,0.3374,0.2945,0.9994,0.0237,1.0,1.0,381681664.0,381681664.0,1.0,11.6258,32841728.0,381812736.0,1.0,4.5647,83615882.2,381681664.0,1.0,3.2372,117945920.0,381812736.0,1.0,2.6774,142606336.0,381812736.0,1.0,2.6774,142606336.0,381812736.0,C0,1.0,C1,C1,C1
llama31_8b,trec,7,classification,9179,40923,7.6677,0.2964,0.2221,0.9998,0.024,1.0,1.0,991297536.0,991297536.0,1.0,30.1881,32841728.0,991428608.0,1.0,4.6153,214785927.4,991297536.0,1.0,3.3427,296595456.0,991428608.0,1.0,6.9522,142606336.0,991428608.0,1.0,6.9522,142606336.0,991428608.0,C0,1.0,C1,C1,C1
llama31_8b,trec,8,classification,10565,46752,7.8126,0.3025,0.2216,0.9999,0.0238,1.0,1.0,991297536.0,991297536.0,1.0,30.1881,32841728.0,991428608.0,1.0,4.6164,214733254.1,991297536.0,1.0,3.3427,296595456.0,991428608.0,1.0,6.9522,142606336.0,991428608.0,1.0,6.9522,142606336.0,991428608.0,C0,1.0,C1,C1,C1
llama31_8b,trec,9,classification,7817,34486,7.6659,0.3026,0.2318,0.9998,0.0239,1.0,1.0,991297536.0,991297536.0,0.0,30.1881,32841728.0,991428608.0,1.0,4.6198,214575297.9,991297536.0,1.0,3.3427,296595456.0,991428608.0,1.0,6.9522,142606336.0,991428608.0,1.0,6.9522,142606336.0,991428608.0,C0,1.0,C4,C4,C4
llama31_8b,trec,10,classification,11030,48978,7.89,0.304,0.2194,0.9999,0.0231,1.0,1.0,991297536.0,991297536.0,1.0,30.1881,32841728.0,991428608.0,1.0,4.6161,214748065.5,991297536.0,1.0,3.3427,296595456.0,991428608.0,1.0,6.9522,142606336.0,991428608.0,1.0,6.9522,142606336.0,991428608.0,C0,1.0,C1,C1,C1
llama31_8b,trec,11,classification,10282,45731,7.8247,0.3034,0.2211,0.9998,0.0235,1.0,1.0,991297536.0,991297536.0,1.0,30.1881,32841728.0,991428608.0,1.0,4.6154,214780244.1,991297536.0,1.0,3.3427,296595456.0,991428608.0,1.0,6.9522,142606336.0,991428608.0,1.0,6.9522,142606336.0,991428608.0,C0,1.0,C1,C1,C1
llama31_8b,trec,12,classification,2774,12440,7.2091,0.3334,0.287,0.9994,0.0239,1.0,1.0,371851264.0,371851264.0,1.0,11.3265,32841728.0,371982336.0,1.0,4.5607,81533599.4,371851264.0,1.0,3.2343,115010112.0,371982336.0,1.0,2.6085,142606336.0,371982336.0,1.0,2.6085,142606336.0,371982336.0,C0,1.0,C1,C1,C1
llama31_8b,trec,13,classification,10041,44636,7.7657,0.3005,0.2226,0.9998,0.0237,0.0,1.0,991297536.0,991297536.0,0.0,30.1881,32841728.0,991428608.0,0.0,4.6162,214741636.1,991297536.0,0.0,3.3427,296595456.0,991428608.0,0.0,6.9522,142606336.0,991428608.0,0.0,6.9522,142606336.0,991428608.0,C0,0.0,C1,C1,C1
llama31_8b,trec,14,classification,8470,37582,7.6394,0.3041,0.2262,0.9998,0.0242,1.0,1.0,991297536.0,991297536.0,0.0,30.1881,32841728.0,991428608.0,1.0,4.6159,214759289.1,991297536.0,1.0,3.3427,296595456.0,991428608.0,1.0,6.9522,142606336.0,991428608.0,1.0,6.9522,142606336.0,991428608.0,C0,1.0,C4,C4,C4
llama31_8b,trec,15,classification,8883,39237,7.6557,0.3005,0.2194,0.9998,0.024,1.0,1.0,991297536.0,991297536.0,1.0,30.1881,32841728.0,991428608.0,1.0,4.6145,214824551.2,991297536.0,1.0,3.3427,296595456.0,991428608.0,1.0,6.9522,142606336.0,991428608.0,1.0,6.9522,142606336.0,991428608.0,C0,1.0,C1,C1,C1
llama31_8b,trec,16,classification,8850,39057,7.7049,0.3051,0.2243,0.9998,0.0238,1.0,1.0,991297536.0,991297536.0,0.0,30.1881,32841728.0,991428608.0,1.0,4.6165,214730079.1,991297536.0,1.0,3.3427,296595456.0,991428608.0,1.0,6.9522,142606336.0,991428608.0,1.0,6.9522,142606336.0,991428608.0,C0,1.0,C4,C4,C4
llama31_8b,trec,17,classification,6265,27941,7.6663,0.3159,0.2496,0.9997,0.0237,1.0,1.0,829423616.0,829423616.0,1.0,25.2592,32841728.0,829554688.0,1.0,4.6047,180127382.9,829423616.0,1.0,3.3302,249100224.0,829554688.0,1.0,5.8171,142606336.0,829554688.0,1.0,5.8171,142606336.0,829554688.0,C0,1.0,C1,C1,C1
llama31_8b,trec,18,classification,5991,26687,7.5822,0.3149,0.2495,0.9997,0.0241,1.0,1.0,793509888.0,793509888.0,1.0,24.1656,32841728.0,793640960.0,1.0,4.6035,172371764.1,793509888.0,1.0,3.3264,238591360.0,793640960.0,1.0,5.5653,142606336.0,793640960.0,1.0,5.5653,142606336.0,793640960.0,C0,1.0,C1,C1,C1
llama31_8b,trec,19,classification,11176,49551,7.73,0.2964,0.211,0.9999,0.0241,1.0,1.0,991297536.0,991297536.0,0.0,30.1881,32841728.0,991428608.0,1.0,4.6155,214776894.5,991297536.0,1.0,3.3427,296595456.0,991428608.0,1.0,6.9522,142606336.0,991428608.0,1.0,6.9522,142606336.0,991428608.0,C0,1.0,C4,C4,C4
llama31_8b,triviaqa,0,qa_f1,5506,23489,9.3091,0.4315,0.3482,0.9711,0.0139,1.0,1.0,725745664.0,725745664.0,1.0,25.3383,28647424.0,725876736.0,1.0,4.6057,157577045.0,725745664.0,1.0,3.3626,215866336.0,725876736.0,1.0,5.2443,138412032.0,725876736.0,1.0,5.2443,138412032.0,725876736.0,C0,1.0,C1,C1,C1
llama31_8b,triviaqa,1,qa_f1,20031,85780,10.2352,0.4154,0.2659,0.9999,0.012,1.0,1.0,987103232.0,987103232.0,1.0,34.4615,28647424.0,987234304.0,1.0,4.6274,213316511.0,987103232.0,1.0,3.3763,292401152.0,987234304.0,1.0,7.1326,138412032.0,987234304.0,1.0,7.1326,138412032.0,987234304.0,C0,1.0,C1,C1,C1
llama31_8b,triviaqa,2,qa_f1,12920,55689,9.8841,0.4137,0.2892,0.9998,0.0096,1.0,1.0,987103232.0,987103232.0,1.0,34.4615,28647424.0,987234304.0,1.0,4.6179,213755867.5,987103232.0,1.0,3.3763,292401152.0,987234304.0,1.0,7.1326,138412032.0,987234304.0,1.0,7.1326,138412032.0,987234304.0,C0,1.0,C1,C1,C1
llama31_8b,triviaqa,3,qa_f1,11013,47493,9.7234,0.4216,0.2947,0.9998,0.0106,1.0,1.0,987103232.0,987103232.0,1.0,34.4615,28647424.0,987234304.0,1.0,4.6199,213661062.0,987103232.0,1.0,3.3763,292401152.0,987234304.0,1.0,7.1326,138412032.0,987234304.0,1.0,7.1326,138412032.0,987234304.0,C0,1.0,C1,C1,C1
llama31_8b,triviaqa,4,qa_f1,8326,36757,9.7764,0.4334,0.347,0.9997,0.0094,1.0,1.0,987103232.0,987103232.0,1.0,34.4615,28647424.0,987234304.0,1.0,4.6157,213856070.5,987103232.0,1.0,3.3763,292401152.0,987234304.0,1.0,7.1326,138412032.0,987234304.0,1.0,7.1326,138412032.0,987234304.0,C0,1.0,C1,C1,C1
llama31_8b,triviaqa,5,qa_f1,10453,44556,9.8651,0.4275,0.3041,0.9998,0.0077,1.0,1.0,987103232.0,987103232.0,1.0,34.4615,28647424.0,987234304.0,1.0,4.6212,213601641.9,987103232.0,1.0,3.3763,292401152.0,987234304.0,1.0,7.1326,138412032.0,987234304.0,1.0,7.1326,138412032.0,987234304.0,C0,1.0,C1,C1,C1
llama31_8b,triviaqa,6,qa_f1,10376,40413,9.6745,0.4218,0.2876,0.9998,0.0199,1.0,1.0,987103232.0,987103232.0,1.0,34.4615,28647424.0,987234304.0,1.0,4.618,213751819.4,987103232.0,1.0,3.3763,292401152.0,987234304.0,1.0,7.1326,138412032.0,987234304.0,1.0,7.1326,138412032.0,987234304.0,C0,1.0,C1,C1,C1
llama31_8b,triviaqa,7,qa_f1,11311,47275,9.8567,0.4253,0.302,0.9998,0.0141,1.0,1.0,987103232.0,987103232.0,0.173913,34.4615,28647424.0,987234304.0,1.0,4.6211,213608245.9,987103232.0,1.0,3.3763,292401152.0,987234304.0,1.0,7.1326,138412032.0,987234304.0,1.0,7.1326,138412032.0,987234304.0,C0,1.0,C4,C4,C4
llama31_8b,triviaqa,8,qa_f1,7724,31840,9.5544,0.4356,0.322,0.9997,0.0109,0.0,1.0,987103232.0,987103232.0,0.0,34.4615,28647424.0,987234304.0,0.0,4.6239,213480404.5,987103232.0,0.0,3.3763,292401152.0,987234304.0,0.0,7.1326,138412032.0,987234304.0,0.0,7.1326,138412032.0,987234304.0,C0,0.0,C1,C1,C1
llama31_8b,triviaqa,9,qa_f1,4342,16034,8.659,0.4387,0.3194,0.9994,0.0158,1.0,1.0,573177856.0,573177856.0,1.0,22.8062,24977408.0,569638912.0,1.0,4.5826,125076212.1,573177856.0,1.0,3.3522,171026240.0,573308928.0,1.0,4.142,138412032.0,573308928.0,1.0,4.142,138412032.0,573308928.0,C0,1.0,C1,C1,C1
llama31_8b,triviaqa,10,qa_f1,18145,76648,10.0678,0.4129,0.2681,0.9999,0.0121,1.0,1.0,987103232.0,987103232.0,1.0,34.4615,28647424.0,987234304.0,1.0,4.6216,213583655.5,987103232.0,1.0,3.3763,292401152.0,987234304.0,1.0,7.1326,138412032.0,987234304.0,1.0,7.1326,138412032.0,987234304.0,C0,1.0,C1,C1,C1
llama31_8b,triviaqa,11,qa_f1,11796,51154,9.8023,0.4091,0.292,0.9998,0.0106,1.0,1.0,987103232.0,987103232.0,1.0,34.4615,28647424.0,987234304.0,1.0,4.6165,213821859.9,987103232.0,1.0,3.3763,292401152.0,987234304.0,1.0,7.1326,138412032.0,987234304.0,1.0,7.1326,138412032.0,987234304.0,C0,1.0,C1,C1,C1
llama31_8b,triviaqa,12,qa_f1,19728,83538,10.0535,0.4093,0.2526,0.9999,0.0121,1.0,1.0,987103232.0,987103232.0,1.0,34.4615,28647424.0,987234304.0,1.0,4.6193,213692319.9,987103232.0,1.0,3.3763,292401152.0,987234304.0,1.0,7.1326,138412032.0,987234304.0,1.0,7.1326,138412032.0,987234304.0,C0,1.0,C1,C1,C1
llama31_8b,triviaqa,13,qa_f1,3265,14180,9.0301,0.4352,0.3807,0.9993,0.0136,1.0,1.0,432013312.0,432013312.0,1.0,15.0849,28647424.0,432144384.0,1.0,4.57,94531848.8,432013312.0,1.0,3.3318,129701824.0,432144384.0,1.0,3.1222,138412032.0,432144384.0,1.0,3.1222,138412032.0,432144384.0,C0,1.0,C1,C1,C1
llama31_8b,triviaqa,14,qa_f1,20796,87722,10.1281,0.4156,0.2575,0.9999,0.0102,1.0,1.0,983695360.0,983695360.0,0.0,39.1778,25108480.0,983695360.0,1.0,4.6298,213204989.1,987103232.0,1.0,3.4054,288862208.0,983695360.0,1.0,7.2935,134873088.0,983695360.0,1.0,7.2935,134873088.0,983695360.0,C0,1.0,C4,C4,C4
llama31_8b,triviaqa,15,qa_f1,4908,22747,9.2835,0.4253,0.3775,0.9996,0.0079,1.0,1.0,647364608.0,647364608.0,1.0,22.6022,28647424.0,647495680.0,1.0,4.5924,140965078.1,647364608.0,1.0,3.3575,192848064.0,647495680.0,1.0,4.678,138412032.0,647495680.0,1.0,4.678,138412032.0,647495680.0,C0,1.0,C1,C1,C1
llama31_8b,triviaqa,16,qa_f1,10231,42226,9.7102,0.4236,0.2923,0.9998,0.0109,1.0,1.0,987103232.0,987103232.0,1.0,34.4615,28647424.0,987234304.0,1.0,4.616,213841640.1,987103232.0,1.0,3.3763,292401152.0,987234304.0,1.0,7.1326,138412032.0,987234304.0,1.0,7.1326,138412032.0,987234304.0,C0,1.0,C1,C1,C1
llama31_8b,triviaqa,17,qa_f1,13960,57722,9.8074,0.3969,0.2583,0.9998,0.0128,1.0,1.0,987103232.0,987103232.0,1.0,34.4615,28647424.0,987234304.0,1.0,4.6215,213589815.0,987103232.0,1.0,3.3763,292401152.0,987234304.0,1.0,7.1326,138412032.0,987234304.0,1.0,7.1326,138412032.0,987234304.0,C0,1.0,C1,C1,C1
llama31_8b,triviaqa,18,qa_f1,14332,61082,9.9033,0.4151,0.2787,0.9998,0.0104,1.0,1.0,987103232.0,987103232.0,1.0,34.4615,28647424.0,987234304.0,1.0,4.6177,213764471.8,987103232.0,1.0,3.3763,292401152.0,987234304.0,1.0,7.1326,138412032.0,987234304.0,1.0,7.1326,138412032.0,987234304.0,C0,1.0,C1,C1,C1
llama31_8b,triviaqa,19,qa_f1,8168,35421,9.6464,0.4262,0.3249,0.9997,0.0103,1.0,1.0,987103232.0,987103232.0,1.0,34.4615,28647424.0,987234304.0,1.0,4.619,213706702.6,987103232.0,1.0,3.3763,292401152.0,987234304.0,1.0,7.1326,138412032.0,987234304.0,1.0,7.1326,138412032.0,987234304.0,C0,1.0,C1,C1,C1
